[{"fields": {"nombre": "clinico", "codigo": "clinica"}, "pk": 1, "model": "trazabilidad.programa"}, {"fields": {"nombre": "aguas", "codigo": "aguas"}, "pk": 2, "model": "trazabilidad.programa"}, {"fields": {"nombre": "citohistopatologia", "codigo": "citohistopatologia"}, "pk": 3, "model": "trazabilidad.programa"}, {"fields": {"nombre": "banco de sangre", "codigo": "banco_sangre"}, "pk": 4, "model": "trazabilidad.programa"}, {"fields": {"nombre": "entomologia", "codigo": "entomologia"}, "pk": 5, "model": "trazabilidad.programa"}, {"fields": {"nombre": "evaluacion externa desempe\u00f1o directo", "codigo": "eedd"}, "pk": 6, "model": "trazabilidad.programa"}, {"fields": {"nombre": "evaluacion externa desempe\u00f1o indirecto", "codigo": "eeid"}, "pk": 7, "model": "trazabilidad.programa"}, {"fields": {"nombre": "virologia", "programa": 1, "encargado": ["analista"]}, "pk": 1, "model": "trazabilidad.area"}, {"fields": {"nombre": "zoonosis y parasitologia", "programa": 1, "encargado": ["luis"]}, "pk": 2, "model": "trazabilidad.area"}, {"fields": {"nombre": "micobacterias", "programa": 1, "encargado": ["luis"]}, "pk": 3, "model": "trazabilidad.area"}, {"fields": {"nombre": "microbiologia clinica", "programa": 1, "encargado": ["luis"]}, "pk": 4, "model": "trazabilidad.area"}, {"fields": {"nombre": "f\u00edsico qu\u00edmico", "programa": 2, "encargado": ["luis"]}, "pk": 5, "model": "trazabilidad.area"}, {"fields": {"nombre": "microbiol\u00f3gico", "programa": 2, "encargado": ["luis"]}, "pk": 6, "model": "trazabilidad.area"}, {"fields": {"nombre": "citohistopatologia", "programa": 3, "encargado": ["luis"]}, "pk": 7, "model": "trazabilidad.area"}, {"fields": {"nombre": "banco de sangre", "programa": 4, "encargado": ["luis"]}, "pk": 8, "model": "trazabilidad.area"}, {"fields": {"nombre": "entomologia", "programa": 5, "encargado": ["prueba"]}, "pk": 9, "model": "trazabilidad.area"}, {"fields": {"nombre": "evaluacion externa desempe\u00f1o directo", "programa": 6, "encargado": ["luis"]}, "pk": 10, "model": "trazabilidad.area"}, {"fields": {"nombre": "evaluacion externa desempe\u00f1o indirecto", "programa": 7, "encargado": ["luis"]}, "pk": 11, "model": "trazabilidad.area"}, {"fields": {"modificado_por": ["luis"], "nombre": "positivo", "ultima_modificacion": "2016-03-02T18:42:58.976Z", "estado": "A"}, "pk": 1, "model": "trazabilidad.resultadoprueba"}, {"fields": {"modificado_por": ["luis"], "nombre": "negativo", "ultima_modificacion": "2016-03-02T18:42:58.976Z", "estado": "A"}, "pk": 2, "model": "trazabilidad.resultadoprueba"}, {"fields": {"modificado_por": ["luis"], "nombre": "indeterminado", "ultima_modificacion": "2016-03-02T18:42:58.976Z", "estado": "A"}, "pk": 3, "model": "trazabilidad.resultadoprueba"}, {"fields": {"modificado_por": ["luis"], "nombre": "suceptible", "ultima_modificacion": "2016-03-02T18:42:58.976Z", "estado": "A"}, "pk": 4, "model": "trazabilidad.resultadoprueba"}, {"fields": {"modificado_por": ["luis"], "nombre": "resistente", "ultima_modificacion": "2016-03-02T18:42:58.976Z", "estado": "A"}, "pk": 5, "model": "trazabilidad.resultadoprueba"}, {"fields": {"modificado_por": ["luis"], "nombre": "sensible", "ultima_modificacion": "2016-03-02T18:42:58.976Z", "estado": "A"}, "pk": 6, "model": "trazabilidad.resultadoprueba"}, {"fields": {"modificado_por": ["luis"], "nombre": "presencia", "ultima_modificacion": "2016-03-02T18:42:58.976Z", "estado": "A"}, "pk": 7, "model": "trazabilidad.resultadoprueba"}, {"fields": {"modificado_por": ["luis"], "nombre": "ausencia", "ultima_modificacion": "2016-03-02T18:42:58.976Z", "estado": "A"}, "pk": 8, "model": "trazabilidad.resultadoprueba"}, {"fields": {"modificado_por": ["luis"], "nombre": "aedes aegypti", "ultima_modificacion": "2016-03-02T18:42:58.976Z", "estado": "A"}, "pk": 9, "model": "trazabilidad.resultadoprueba"}, {"fields": {"modificado_por": ["luis"], "nombre": "anopheles", "ultima_modificacion": "2016-03-02T18:42:58.976Z", "estado": "A"}, "pk": 10, "model": "trazabilidad.resultadoprueba"}, {"fields": {"modificado_por": ["luis"], "nombre": "reactivo", "ultima_modificacion": "2016-03-02T18:42:58.976Z", "estado": "A"}, "pk": 11, "model": "trazabilidad.resultadoprueba"}, {"fields": {"modificado_por": ["luis"], "nombre": "no reactivo", "ultima_modificacion": "2016-03-02T18:42:58.976Z", "estado": "A"}, "pk": 12, "model": "trazabilidad.resultadoprueba"}, {"fields": {"modificado_por": ["luis"], "nombre": "+", "ultima_modificacion": "2016-03-02T18:42:58.976Z", "estado": "A"}, "pk": 13, "model": "trazabilidad.resultadoprueba"}, {"fields": {"modificado_por": ["luis"], "nombre": "++", "ultima_modificacion": "2016-03-02T18:42:58.976Z", "estado": "A"}, "pk": 14, "model": "trazabilidad.resultadoprueba"}, {"fields": {"modificado_por": ["luis"], "nombre": "+++", "ultima_modificacion": "2016-03-02T18:42:58.976Z", "estado": "A"}, "pk": 15, "model": "trazabilidad.resultadoprueba"}, {"fields": {"modificado_por": ["luis"], "nombre": "compatible con tbc a 37\u00b0c  ", "ultima_modificacion": "2016-03-02T18:42:58.976Z", "estado": "A"}, "pk": 16, "model": "trazabilidad.resultadoprueba"}, {"fields": {"modificado_por": ["luis"], "nombre": "no compatible con tbc a 37\u00b0c  ", "ultima_modificacion": "2016-03-02T18:42:58.976Z", "estado": "A"}, "pk": 17, "model": "trazabilidad.resultadoprueba"}, {"fields": {"modificado_por": ["luis"], "nombre": "sensible - rinfampicina (40 mg/ml)", "ultima_modificacion": "2016-03-02T18:42:58.976Z", "estado": "A"}, "pk": 18, "model": "trazabilidad.resultadoprueba"}, {"fields": {"modificado_por": ["luis"], "nombre": "resistente - rinfampicina (40 mg/ml)", "ultima_modificacion": "2016-03-02T18:42:58.976Z", "estado": "A"}, "pk": 19, "model": "trazabilidad.resultadoprueba"}, {"fields": {"modificado_por": ["luis"], "nombre": "sensible - isoniacida (0.2mg/ml)", "ultima_modificacion": "2016-03-02T18:42:58.976Z", "estado": "A"}, "pk": 20, "model": "trazabilidad.resultadoprueba"}, {"fields": {"modificado_por": ["luis"], "nombre": "resistente - isoniacida (0.2mg/ml)", "ultima_modificacion": "2016-03-02T18:42:58.976Z", "estado": "A"}, "pk": 21, "model": "trazabilidad.resultadoprueba"}, {"fields": {"modificado_por": ["luis"], "nombre": "reactivo 2 dils", "ultima_modificacion": "2016-03-02T18:42:58.976Z", "estado": "A"}, "pk": 22, "model": "trazabilidad.resultadoprueba"}, {"fields": {"modificado_por": ["luis"], "nombre": "reactivo 4 dils", "ultima_modificacion": "2016-03-02T18:42:58.976Z", "estado": "A"}, "pk": 23, "model": "trazabilidad.resultadoprueba"}, {"fields": {"modificado_por": ["luis"], "nombre": "reactivo 8 dils", "ultima_modificacion": "2016-03-02T18:42:58.976Z", "estado": "A"}, "pk": 24, "model": "trazabilidad.resultadoprueba"}, {"fields": {"modificado_por": ["luis"], "nombre": "reactivo 16 dils", "ultima_modificacion": "2016-03-02T18:42:58.976Z", "estado": "A"}, "pk": 25, "model": "trazabilidad.resultadoprueba"}, {"fields": {"modificado_por": ["luis"], "nombre": "reactivo 32 dils", "ultima_modificacion": "2016-03-02T18:42:58.976Z", "estado": "A"}, "pk": 26, "model": "trazabilidad.resultadoprueba"}, {"fields": {"modificado_por": ["luis"], "nombre": "presencia de n.meningitides", "ultima_modificacion": "2016-03-02T18:42:58.976Z", "estado": "A"}, "pk": 27, "model": "trazabilidad.resultadoprueba"}, {"fields": {"modificado_por": ["luis"], "nombre": "ausencia de n.meningitides", "ultima_modificacion": "2016-03-02T18:42:58.976Z", "estado": "A"}, "pk": 28, "model": "trazabilidad.resultadoprueba"}, {"fields": {"modificado_por": ["luis"], "nombre": "presencia de v.cholerae", "ultima_modificacion": "2016-03-02T18:42:58.976Z", "estado": "A"}, "pk": 29, "model": "trazabilidad.resultadoprueba"}, {"fields": {"modificado_por": ["luis"], "nombre": "ausencia de v.cholerae", "ultima_modificacion": "2016-03-02T18:42:58.976Z", "estado": "A"}, "pk": 30, "model": "trazabilidad.resultadoprueba"}, {"fields": {"modificado_por": ["luis"], "nombre": "positivo presencia de amastigotes  sp en la muestra examinada", "ultima_modificacion": "2016-03-02T18:42:58.976Z", "estado": "A"}, "pk": 31, "model": "trazabilidad.resultadoprueba"}, {"fields": {"modificado_por": ["luis"], "nombre": "negativo no se observa amastigotes  sp en la muestra examinada", "ultima_modificacion": "2016-03-02T18:42:58.976Z", "estado": "A"}, "pk": 32, "model": "trazabilidad.resultadoprueba"}, {"fields": {"modificado_por": ["luis"], "nombre": "positivo presencia del virus rabico en la muestra analizada", "ultima_modificacion": "2016-03-02T18:42:58.976Z", "estado": "A"}, "pk": 33, "model": "trazabilidad.resultadoprueba"}, {"fields": {"modificado_por": ["luis"], "nombre": "negativo ausencia del virus en la muestra analizada", "ultima_modificacion": "2016-03-02T18:42:58.976Z", "estado": "A"}, "pk": 34, "model": "trazabilidad.resultadoprueba"}, {"fields": {"modificado_por": ["luis"], "nombre": "sangre de cord\u00f3n:menor de 15ulu/ml.", "ultima_modificacion": "2016-03-02T18:42:58.976Z", "estado": "A"}, "pk": 35, "model": "trazabilidad.resultadoprueba"}, {"fields": {"modificado_por": ["luis"], "nombre": "sangre de tal\u00f3n:menor de 10 ulu/ml", "ultima_modificacion": "2016-03-02T18:42:58.976Z", "estado": "A"}, "pk": 36, "model": "trazabilidad.resultadoprueba"}, {"fields": {"modificado_por": ["luis"], "nombre": "vih 1 positivo", "ultima_modificacion": "2016-03-02T18:42:58.976Z", "estado": "A"}, "pk": 37, "model": "trazabilidad.resultadoprueba"}, {"fields": {"modificado_por": ["luis"], "nombre": "vih 2 positivo", "ultima_modificacion": "2016-03-02T18:42:58.976Z", "estado": "A"}, "pk": 38, "model": "trazabilidad.resultadoprueba"}, {"fields": {"modificado_por": ["luis"], "nombre": "vih 1 y 2 positivo", "ultima_modificacion": "2016-03-02T18:42:58.976Z", "estado": "A"}, "pk": 39, "model": "trazabilidad.resultadoprueba"}, {"fields": {"modificado_por": ["luis"], "nombre": "presencia de bandas de mutacion", "ultima_modificacion": "2016-03-02T18:42:58.976Z", "estado": "A"}, "pk": 40, "model": "trazabilidad.resultadoprueba"}, {"fields": {"modificado_por": ["luis"], "nombre": "ausencia de bandas de mutacion", "ultima_modificacion": "2016-03-02T18:42:58.976Z", "estado": "A"}, "pk": 41, "model": "trazabilidad.resultadoprueba"}, {"fields": {"modificado_por": ["luis"], "nombre": "presencia shiguela sp", "ultima_modificacion": "2016-03-02T18:42:58.976Z", "estado": "A"}, "pk": 42, "model": "trazabilidad.resultadoprueba"}, {"fields": {"modificado_por": ["luis"], "nombre": "presencia shiguella sp", "ultima_modificacion": "2016-03-02T18:42:58.976Z", "estado": "A"}, "pk": 43, "model": "trazabilidad.resultadoprueba"}, {"fields": {"modificado_por": ["luis"], "nombre": "presencia de salmonella sp", "ultima_modificacion": "2016-03-02T18:42:58.976Z", "estado": "A"}, "pk": 44, "model": "trazabilidad.resultadoprueba"}, {"fields": {"modificado_por": ["luis"], "nombre": "no reactivo", "ultima_modificacion": "2016-03-02T18:42:58.976Z", "estado": "A"}, "pk": 45, "model": "trazabilidad.resultadoprueba"}, {"fields": {"modificado_por": ["luis"], "nombre": "n\u00b0 exacto de de bacilos en 100 campos", "ultima_modificacion": "2016-03-02T18:42:58.976Z", "estado": "A"}, "pk": 46, "model": "trazabilidad.resultadoprueba"}, {"fields": {"modificado_por": ["luis"], "nombre": "contaminado", "ultima_modificacion": "2016-03-02T18:42:58.976Z", "estado": "A"}, "pk": 47, "model": "trazabilidad.resultadoprueba"}, {"fields": {"modificado_por": ["luis"], "nombre": "contaminado", "ultima_modificacion": "2016-03-02T18:42:58.976Z", "estado": "A"}, "pk": 48, "model": "trazabilidad.resultadoprueba"}, {"fields": {"modificado_por": ["luis"], "nombre": "contaminado", "ultima_modificacion": "2016-03-02T18:42:58.976Z", "estado": "A"}, "pk": 49, "model": "trazabilidad.resultadoprueba"}, {"fields": {"modificado_por": ["luis"], "nombre": "isoniacida (h) - sensible", "ultima_modificacion": "2016-03-02T18:42:58.976Z", "estado": "A"}, "pk": 50, "model": "trazabilidad.resultadoprueba"}, {"fields": {"modificado_por": ["luis"], "nombre": "isoniacida (r) - resistente", "ultima_modificacion": "2016-03-02T18:42:58.976Z", "estado": "A"}, "pk": 51, "model": "trazabilidad.resultadoprueba"}, {"fields": {"modificado_por": ["luis"], "nombre": "rifampicina (r) - sensible", "ultima_modificacion": "2016-03-02T18:42:58.976Z", "estado": "A"}, "pk": 52, "model": "trazabilidad.resultadoprueba"}, {"fields": {"modificado_por": ["luis"], "nombre": "rifampicina (r) - resistente", "ultima_modificacion": "2016-03-02T18:42:58.976Z", "estado": "A"}, "pk": 53, "model": "trazabilidad.resultadoprueba"}, {"fields": {"modificado_por": ["luis"], "nombre": "complejo m.tuberculosis", "ultima_modificacion": "2016-03-02T18:42:58.976Z", "estado": "A"}, "pk": 54, "model": "trazabilidad.resultadoprueba"}, {"fields": {"modificado_por": ["luis"], "nombre": "-----------", "ultima_modificacion": "2016-03-02T18:42:58.976Z", "estado": "A"}, "pk": 55, "model": "trazabilidad.resultadoprueba"}, {"fields": {"modificado_por": ["luis"], "nombre": "mnt", "ultima_modificacion": "2016-03-02T18:42:58.976Z", "estado": "A"}, "pk": 56, "model": "trazabilidad.resultadoprueba"}, {"fields": {"modificado_por": ["luis"], "nombre": "se observan de 1 a 9 baar en 100 campos", "ultima_modificacion": "2016-03-02T18:42:58.976Z", "estado": "A"}, "pk": 57, "model": "trazabilidad.resultadoprueba"}, {"fields": {"modificado_por": ["luis"], "nombre": "1 a 20 colonias", "ultima_modificacion": "2016-03-02T18:42:58.976Z", "estado": "A"}, "pk": 58, "model": "trazabilidad.resultadoprueba"}, {"fields": {"modificado_por": ["luis"], "nombre": "rifampicina 40 mg/ml (sensible) - isoniacina 0.2 mg/ml (sensible)", "ultima_modificacion": "2016-03-02T18:42:58.976Z", "estado": "A"}, "pk": 59, "model": "trazabilidad.resultadoprueba"}, {"fields": {"modificado_por": ["luis"], "nombre": "rifampicina 40 mg/ml (resistente) - isoniacina 0.2 mg/ml (resistente)", "ultima_modificacion": "2016-03-02T18:42:58.976Z", "estado": "A"}, "pk": 60, "model": "trazabilidad.resultadoprueba"}, {"fields": {"modificado_por": ["luis"], "nombre": "rifampicina 40 mg/ml (sensible) - isoniacina 0.2 mg/ml (resistente)", "ultima_modificacion": "2016-03-02T18:42:58.976Z", "estado": "A"}, "pk": 61, "model": "trazabilidad.resultadoprueba"}, {"fields": {"modificado_por": ["luis"], "nombre": "rifampicina 40 mg/ml (resistente) - isoniacina 0.2 mg/ml (sensible)", "ultima_modificacion": "2016-03-02T18:42:58.976Z", "estado": "A"}, "pk": 62, "model": "trazabilidad.resultadoprueba"}, {"fields": {"modificado_por": ["luis"], "nombre": "rifampicina (r) sensible - isoniacida (h) sensible", "ultima_modificacion": "2016-03-02T18:42:58.976Z", "estado": "A"}, "pk": 63, "model": "trazabilidad.resultadoprueba"}, {"fields": {"modificado_por": ["luis"], "nombre": "rifampicina (r) resistente - isoniacida (h) resistente", "ultima_modificacion": "2016-03-02T18:42:58.976Z", "estado": "A"}, "pk": 64, "model": "trazabilidad.resultadoprueba"}, {"fields": {"modificado_por": ["luis"], "nombre": "rifampicina (r) sensible - isoniacida (h) resistente", "ultima_modificacion": "2016-03-02T18:42:58.976Z", "estado": "A"}, "pk": 65, "model": "trazabilidad.resultadoprueba"}, {"fields": {"modificado_por": ["luis"], "nombre": "rifampicina (r) resistente - isoniacida (h) sensible", "ultima_modificacion": "2016-03-02T18:42:58.976Z", "estado": "A"}, "pk": 66, "model": "trazabilidad.resultadoprueba"}, {"fields": {"modificado_por": ["luis"], "nombre": "reactivo 1 dils", "ultima_modificacion": "2016-03-02T18:42:58.976Z", "estado": "A"}, "pk": 67, "model": "trazabilidad.resultadoprueba"}, {"fields": {"modificado_por": ["luis"], "nombre": "elisa", "ultima_modificacion": "2016-03-02T14:45:07.359Z", "estado": "A", "objeto": "determinar la presencia de anticuerpos de tipo ig m "}, "pk": 1, "model": "trazabilidad.metodo"}, {"fields": {"modificado_por": ["luis"], "nombre": "siembra en medio de cultivo ogawa kudoh. estandarizado por (inas)", "ultima_modificacion": "2016-03-02T14:45:07.359Z", "estado": "A", "objeto": "diagnosticar mediante el cultivo, tuberculosis o micobacteriosis"}, "pk": 2, "model": "trazabilidad.metodo"}, {"fields": {"modificado_por": ["luis"], "nombre": "tinci\u00f3n de ziehl neelsen", "ultima_modificacion": "2016-03-02T14:45:07.359Z", "estado": "A", "objeto": "identificaci\u00f3n de b.a.a.r."}, "pk": 3, "model": "trazabilidad.metodo"}, {"fields": {"modificado_por": ["luis"], "nombre": "proporciones m\u00faltiples de canetti, rist y grosset ", "ultima_modificacion": "2016-03-02T14:45:07.359Z", "estado": "A", "objeto": "determinar la proporci\u00f3n de mutantes resistentes a cada medicamento"}, "pk": 4, "model": "trazabilidad.metodo"}, {"fields": {"modificado_por": ["luis"], "nombre": "genotipo mtbdr plus version 2", "ultima_modificacion": "2016-03-02T14:45:07.359Z", "estado": "A", "objeto": "determinar la mutacion a rpob para rifampicina y a katg y inha para isoniacida."}, "pk": 5, "model": "trazabilidad.metodo"}, {"fields": {"modificado_por": ["luis"], "nombre": "comparacion visual (standard methods)", "ultima_modificacion": "2016-03-02T14:45:07.359Z", "estado": "A", "objeto": "determinar el color de la muestra analizada "}, "pk": 6, "model": "trazabilidad.metodo"}, {"fields": {"modificado_por": ["luis"], "nombre": "nefelometrico (standard methods)", "ultima_modificacion": "2016-03-02T14:45:07.359Z", "estado": "A", "objeto": "determinar la turbiedad en la muestra analizada"}, "pk": 7, "model": "trazabilidad.metodo"}, {"fields": {"modificado_por": ["luis"], "nombre": "electrometrico (standart methods)", "ultima_modificacion": "2016-03-02T14:45:07.359Z", "estado": "A", "objeto": "determinacion del ph en aguas"}, "pk": 8, "model": "trazabilidad.metodo"}, {"fields": {"modificado_por": ["luis"], "nombre": "colorimetrico de la dpd", "ultima_modificacion": "2016-03-02T14:45:07.359Z", "estado": "A", "objeto": "determinacion de cloro residual libre en la muestra analizada"}, "pk": 9, "model": "trazabilidad.metodo"}, {"fields": {"modificado_por": ["luis"], "nombre": "s.methods 9223b-s. definido", "ultima_modificacion": "2016-03-02T14:45:07.359Z", "estado": "A", "objeto": "detectar, confirmar y cuantificar simult\u00e1neamente la presencia de coliformes totales"}, "pk": 10, "model": "trazabilidad.metodo"}, {"fields": {"modificado_por": ["luis"], "nombre": "s.methods 9223b-s. definido", "ultima_modificacion": "2016-03-02T14:45:07.359Z", "estado": "A", "objeto": "detectar, confirmar y cuantificar simult\u00e1neamente la presencia de e.coli"}, "pk": 11, "model": "trazabilidad.metodo"}, {"fields": {"modificado_por": ["luis"], "nombre": "elisa", "ultima_modificacion": "2016-03-02T14:45:07.359Z", "estado": "A", "objeto": "determinar la presencia de ac igm, contra e"}, "pk": 12, "model": "trazabilidad.metodo"}, {"fields": {"modificado_por": ["luis"], "nombre": "elisa", "ultima_modificacion": "2016-03-02T14:45:07.359Z", "estado": "A", "objeto": "determinar la presencia de ac igm, contra el virus de chikungunya presentes en la muesta"}, "pk": 13, "model": "trazabilidad.metodo"}, {"fields": {"modificado_por": ["luis"], "nombre": "elisa ig m", "ultima_modificacion": "2016-03-02T14:45:07.359Z", "estado": "A", "objeto": "determinar la presencia precoz y cualtitativa del ac igm, contra el virus del dengue presentes en la muestra"}, "pk": 14, "model": "trazabilidad.metodo"}, {"fields": {"modificado_por": ["luis"], "nombre": "elisa ig g", "ultima_modificacion": "2016-03-02T14:45:07.359Z", "estado": "A", "objeto": "determinar la presencia precoz y cualitativa de ac igg, contra el virus del dengue presentes en la muestra"}, "pk": 15, "model": "trazabilidad.metodo"}, {"fields": {"modificado_por": ["luis"], "nombre": "volumetrico", "ultima_modificacion": "2016-03-02T14:45:07.359Z", "estado": "A", "objeto": "determinaci\u00f3n de la alcalinidad total en muestras de agua"}, "pk": 16, "model": "trazabilidad.metodo"}, {"fields": {"modificado_por": ["luis"], "nombre": "volumetrico con edta", "ultima_modificacion": "2016-03-02T14:45:07.359Z", "estado": "A", "objeto": "determinaci\u00f3n de la dureza calcica en muestras de agua"}, "pk": 17, "model": "trazabilidad.metodo"}, {"fields": {"modificado_por": ["luis"], "nombre": "cloruro esta\u00f1oso por colorimetria", "ultima_modificacion": "2016-03-02T14:45:07.359Z", "estado": "A", "objeto": "determinaci\u00f3n del fosfato en muestras de agua"}, "pk": 18, "model": "trazabilidad.metodo"}, {"fields": {"modificado_por": ["luis"], "nombre": "colorimetrico (espectrofotometria)", "ultima_modificacion": "2016-03-02T14:45:07.359Z", "estado": "A", "objeto": "determinaci\u00f3n de sulfato en muestras de agua"}, "pk": 20, "model": "trazabilidad.metodo"}, {"fields": {"modificado_por": ["luis"], "nombre": "coloimetrico (1,10- fenantrolina)", "ultima_modificacion": "2016-03-02T14:45:07.359Z", "estado": "A", "objeto": "determinaci\u00f3n del hierro total en muestras de agua"}, "pk": 21, "model": "trazabilidad.metodo"}, {"fields": {"modificado_por": ["luis"], "nombre": "argentometrico", "ultima_modificacion": "2016-03-02T14:45:07.359Z", "estado": "A", "objeto": "determinaci\u00f3n de clururo en muestras de agua"}, "pk": 22, "model": "trazabilidad.metodo"}, {"fields": {"modificado_por": ["luis"], "nombre": "colorimetrico", "ultima_modificacion": "2016-03-02T14:45:07.359Z", "estado": "A", "objeto": "determinaci\u00f3n de nitrito en muestras de agua"}, "pk": 23, "model": "trazabilidad.metodo"}, {"fields": {"modificado_por": ["luis"], "nombre": "s m\u00e9thods. filtraci\u00f3n por membranas.", "ultima_modificacion": "2016-03-02T14:45:07.359Z", "estado": "A", "objeto": "detectar y cuantificar simult\u00e1neamente la presencia de mesofilos aerobios"}, "pk": 24, "model": "trazabilidad.metodo"}, {"fields": {"modificado_por": ["luis"], "nombre": "hisopo de moore", "ultima_modificacion": "2016-03-02T14:45:07.359Z", "estado": "A", "objeto": "deteccion e identificacion de vibrio cholerae"}, "pk": 25, "model": "trazabilidad.metodo"}, {"fields": {"modificado_por": ["luis"], "nombre": "genelabs diagnostic hiv blot 2.2", "ultima_modificacion": "2016-03-02T14:45:07.359Z", "estado": "A", "objeto": "determinar la presencia de marcadores serol\u00f3gicos contra el virus (hiv) presentes en muestra de suero de los pacientes del ldsp."}, "pk": 26, "model": "trazabilidad.metodo"}, {"fields": {"modificado_por": ["luis"], "nombre": "inmunocaptura ag ns1", "ultima_modificacion": "2016-03-02T14:45:07.359Z", "estado": "A", "objeto": "determinar la precencia precoz y cualitativa del antigeno ns1 en suero, contra el virus del dengue presentes en la muestra."}, "pk": 27, "model": "trazabilidad.metodo"}, {"fields": {"modificado_por": ["luis"], "nombre": "elisa (hiv)", "ultima_modificacion": "2016-03-02T14:45:07.359Z", "estado": "A", "objeto": "determinar la presencia de anticuerpos contra el virus de hiv 1+2, presentes en la muestra"}, "pk": 28, "model": "trazabilidad.metodo"}, {"fields": {"modificado_por": ["luis"], "nombre": "elisa (hbsag)", "ultima_modificacion": "2016-03-02T14:45:07.359Z", "estado": "A", "objeto": "determinar la presencia del ag de superficie del virus de la hepatitis b presentes en la muestra."}, "pk": 29, "model": "trazabilidad.metodo"}, {"fields": {"modificado_por": ["luis"], "nombre": "elisa (sarampion/rubeola)", "ultima_modificacion": "2016-03-02T14:45:07.359Z", "estado": "A", "objeto": "determinar la presencia de ac igm contra los virus de sarampi\u00f3n y rub\u00e9ola en muestras de suero"}, "pk": 30, "model": "trazabilidad.metodo"}, {"fields": {"modificado_por": ["luis"], "nombre": "elisa (hvc)", "ultima_modificacion": "2016-03-02T14:45:07.359Z", "estado": "A", "objeto": " determinar la presencia de ac igm del virus de la hepatitis c presentes en la muestra."}, "pk": 31, "model": "trazabilidad.metodo"}, {"fields": {"modificado_por": ["luis"], "nombre": "elisa (vha)", "ultima_modificacion": "2016-03-02T14:45:07.359Z", "estado": "A", "objeto": "determinar la presencia de ac igm contra el virus de la hepatitis a presentes en la muestra"}, "pk": 32, "model": "trazabilidad.metodo"}, {"fields": {"modificado_por": ["luis"], "nombre": "inmunocromatografia sd bioline tb ag mpt 64", "ultima_modificacion": "2016-03-02T14:45:07.359Z", "estado": "A", "objeto": "identificaci\u00f3n fenot\u00edpica del complejo mycobacterium tuberculosis, a partir de aislamientos de muestras pulmonares o extrapulmonares"}, "pk": 33, "model": "trazabilidad.metodo"}, {"fields": {"modificado_por": ["luis"], "nombre": "genotipo mtbdr plus version 2.", "ultima_modificacion": "2016-03-02T14:45:07.359Z", "estado": "A", "objeto": "identificaci\u00f3n genot\u00edpica del complejo mycobacterium tuberculosis, a partir de aislamientos de muestras pulmonares o extrapulmonares"}, "pk": 34, "model": "trazabilidad.metodo"}, {"fields": {"modificado_por": ["luis"], "nombre": "vdrl", "ultima_modificacion": "2016-03-02T14:45:07.359Z", "estado": "A", "objeto": "determinar de manera cualitativa y semicuantitativa la presencia de anticuerpos anticardiolipina en la muestra analizada."}, "pk": 35, "model": "trazabilidad.metodo"}, {"fields": {"modificado_por": ["luis"], "nombre": "tincion de gram", "ultima_modificacion": "2016-03-02T14:45:07.359Z", "estado": "A", "objeto": "detecci\u00f3n de lesiones precancerosas de cuello uterino para prevenci\u00f3n y diagnostico de c\u00e1ncer de cuello uterino."}, "pk": 36, "model": "trazabilidad.metodo"}, {"fields": {"modificado_por": ["luis"], "nombre": "identificaci\u00f3n de caracteres morfol\u00f3gicos compar\u00e1ndolos con clase taxon\u00f3mica", "ultima_modificacion": "2016-03-02T14:45:07.359Z", "estado": "A", "objeto": "determinar taxon\u00f3micamente el genero y especie del esp\u00e9cimen estudiado"}, "pk": 37, "model": "trazabilidad.metodo"}, {"fields": {"modificado_por": ["luis"], "nombre": "volumetrico con edta", "ultima_modificacion": "2016-03-02T14:45:07.359Z", "estado": "A", "objeto": "determinaci\u00f3n de la concentraci\u00f3n de calcio en muestras de aguas"}, "pk": 38, "model": "trazabilidad.metodo"}, {"fields": {"modificado_por": ["luis"], "nombre": "biologia molecular rtpcr.", "ultima_modificacion": "2016-03-02T14:45:07.359Z", "estado": "A", "objeto": "detecci\u00f3n de ant\u00edgeno especifico del virus del zika"}, "pk": 39, "model": "trazabilidad.metodo"}, {"fields": {"nombre": "dengue", "metodos": [15, 14, 27], "area": 1, "resultados": [1, 2, 3], "modificado_por": ["luis"], "duracion": "2 00:00:00", "ultima_modificacion": "2016-02-26T23:08:24.017Z", "estado": "A"}, "pk": 1, "model": "trazabilidad.prueba"}, {"fields": {"nombre": "e. coli", "metodos": [11], "area": 6, "resultados": [7, 8], "modificado_por": ["luis"], "duracion": "3 00:00:00", "ultima_modificacion": "2016-02-26T23:08:24.017Z", "estado": "A"}, "pk": 2, "model": "trazabilidad.prueba"}, {"fields": {"nombre": "ph", "metodos": [8], "area": 5, "resultados": [1], "modificado_por": ["luis"], "duracion": "3 00:00:00", "ultima_modificacion": "2016-02-26T23:08:24.017Z", "estado": "A"}, "pk": 3, "model": "trazabilidad.prueba"}, {"fields": {"nombre": "colera", "metodos": [1], "area": 4, "resultados": [29, 30], "modificado_por": ["luis"], "duracion": "7 00:00:00", "ultima_modificacion": "2016-02-26T23:08:24.017Z", "estado": "A"}, "pk": 4, "model": "trazabilidad.prueba"}, {"fields": {"nombre": "vdrl", "metodos": [1], "area": 4, "resultados": [12, 22, 23, 24, 25, 26], "modificado_por": ["luis"], "duracion": "2 00:00:00", "ultima_modificacion": "2016-02-26T23:08:24.017Z", "estado": "A"}, "pk": 5, "model": "trazabilidad.prueba"}, {"fields": {"nombre": "baciloscopia (bk)", "metodos": [3], "area": 3, "resultados": [2, 13, 14, 15, 57], "modificado_por": ["luis"], "duracion": "3 00:00:00", "ultima_modificacion": "2016-02-26T23:08:24.017Z", "estado": "A"}, "pk": 6, "model": "trazabilidad.prueba"}, {"fields": {"nombre": "identificacion", "metodos": [34, 33], "area": 3, "resultados": [54, 55, 56], "modificado_por": ["luis"], "duracion": "7 00:00:00", "ultima_modificacion": "2016-02-26T23:08:24.017Z", "estado": "A"}, "pk": 7, "model": "trazabilidad.prueba"}, {"fields": {"nombre": "vih post gestacional", "metodos": [1], "area": 1, "resultados": [1, 2, 3], "modificado_por": ["luis"], "duracion": "3 00:00:00", "ultima_modificacion": "2016-02-26T23:08:24.017Z", "estado": "A"}, "pk": 8, "model": "trazabilidad.prueba"}, {"fields": {"nombre": "ada", "metodos": [1], "area": 3, "resultados": [16, 17], "modificado_por": ["luis"], "duracion": "4 00:00:00", "ultima_modificacion": "2016-02-26T23:08:24.017Z", "estado": "A"}, "pk": 9, "model": "trazabilidad.prueba"}, {"fields": {"nombre": "leptospira", "metodos": [1], "area": 4, "resultados": [1, 2, 3], "modificado_por": ["luis"], "duracion": "3 00:00:00", "ultima_modificacion": "2016-02-26T23:08:24.017Z", "estado": "A"}, "pk": 10, "model": "trazabilidad.prueba"}, {"fields": {"nombre": "chikungunya", "metodos": [13], "area": 1, "resultados": [1, 2, 3], "modificado_por": ["luis"], "duracion": "3 00:00:00", "ultima_modificacion": "2016-02-26T23:08:24.017Z", "estado": "A"}, "pk": 11, "model": "trazabilidad.prueba"}, {"fields": {"nombre": "color aparente", "metodos": [6], "area": 5, "resultados": [1], "modificado_por": ["luis"], "duracion": "2 00:00:00", "ultima_modificacion": "2016-02-26T23:08:24.017Z", "estado": "A"}, "pk": 12, "model": "trazabilidad.prueba"}, {"fields": {"nombre": "chagas", "metodos": [1], "area": 8, "resultados": [1, 2, 3], "modificado_por": ["luis"], "duracion": "2 00:00:00", "ultima_modificacion": "2016-02-26T23:08:24.017Z", "estado": "A"}, "pk": 13, "model": "trazabilidad.prueba"}, {"fields": {"nombre": "sifilis", "metodos": [1], "area": 8, "resultados": [1, 2, 3], "modificado_por": ["luis"], "duracion": "2 00:00:00", "ultima_modificacion": "2016-02-26T23:08:24.017Z", "estado": "A"}, "pk": 14, "model": "trazabilidad.prueba"}, {"fields": {"nombre": "gram secreciones vaginales", "metodos": [36], "area": 7, "resultados": [1], "modificado_por": ["luis"], "duracion": "3 00:00:00", "ultima_modificacion": "2016-02-26T23:08:24.017Z", "estado": "A"}, "pk": 15, "model": "trazabilidad.prueba"}, {"fields": {"nombre": "montaje y conservacion para referencia", "metodos": [1], "area": 9, "resultados": [], "modificado_por": ["luis"], "duracion": "2 00:00:00", "ultima_modificacion": "2016-02-26T23:08:24.017Z", "estado": "A"}, "pk": 16, "model": "trazabilidad.prueba"}, {"fields": {"nombre": "identificacion de mutaciones en gen kdr", "metodos": [1], "area": 9, "resultados": [], "modificado_por": ["luis"], "duracion": "3 00:00:00", "ultima_modificacion": "2016-02-26T23:08:24.017Z", "estado": "A"}, "pk": 17, "model": "trazabilidad.prueba"}, {"fields": {"nombre": "determinacion taxonomica", "metodos": [37], "area": 9, "resultados": [9, 10], "modificado_por": ["luis"], "duracion": "2 00:00:00", "ultima_modificacion": "2016-02-26T23:08:24.017Z", "estado": "A"}, "pk": 18, "model": "trazabilidad.prueba"}, {"fields": {"nombre": "prueba de susceptibilidad a adulticidas (cdc)", "metodos": [1], "area": 9, "resultados": [4, 5], "modificado_por": ["luis"], "duracion": "7 00:00:00", "ultima_modificacion": "2016-02-26T23:08:24.017Z", "estado": "A"}, "pk": 19, "model": "trazabilidad.prueba"}, {"fields": {"nombre": "prueba de susceptibilidad a adulticidas (oms)", "metodos": [1], "area": 9, "resultados": [4, 5, 6], "modificado_por": ["luis"], "duracion": "7 00:00:00", "ultima_modificacion": "2016-02-26T23:08:24.017Z", "estado": "A"}, "pk": 20, "model": "trazabilidad.prueba"}, {"fields": {"nombre": "prueba de susceptibilidad a temefos (oms)", "metodos": [1], "area": 9, "resultados": [4, 5, 6], "modificado_por": ["luis"], "duracion": "7 00:00:00", "ultima_modificacion": "2016-02-26T23:08:24.017Z", "estado": "A"}, "pk": 21, "model": "trazabilidad.prueba"}, {"fields": {"nombre": "pruebas bioqu\u00edmicas ", "metodos": [1], "area": 9, "resultados": [1, 2], "modificado_por": ["luis"], "duracion": "4 00:00:00", "ultima_modificacion": "2016-02-26T23:08:24.017Z", "estado": "A"}, "pk": 22, "model": "trazabilidad.prueba"}, {"fields": {"nombre": "determinacion taxonomica e identificaci\u00f3n por r.ricketsii", "metodos": [1], "area": 9, "resultados": [7, 8], "modificado_por": ["luis"], "duracion": "2 00:00:00", "ultima_modificacion": "2016-02-26T23:08:24.017Z", "estado": "A"}, "pk": 23, "model": "trazabilidad.prueba"}, {"fields": {"nombre": "vih", "metodos": [1], "area": 8, "resultados": [1, 2, 3], "modificado_por": ["luis"], "duracion": "2 00:00:00", "ultima_modificacion": "2016-02-26T23:08:24.017Z", "estado": "A"}, "pk": 24, "model": "trazabilidad.prueba"}, {"fields": {"nombre": "hepatitis b", "metodos": [1], "area": 8, "resultados": [1, 2, 3], "modificado_por": ["luis"], "duracion": "2 00:00:00", "ultima_modificacion": "2016-02-26T23:08:24.017Z", "estado": "A"}, "pk": 25, "model": "trazabilidad.prueba"}, {"fields": {"nombre": "hepatitis c", "metodos": [1], "area": 8, "resultados": [1, 2, 3], "modificado_por": ["luis"], "duracion": "2 00:00:00", "ultima_modificacion": "2016-02-26T23:08:24.017Z", "estado": "A"}, "pk": 26, "model": "trazabilidad.prueba"}, {"fields": {"nombre": "core", "metodos": [1], "area": 8, "resultados": [1, 2, 3], "modificado_por": ["luis"], "duracion": "2 00:00:00", "ultima_modificacion": "2016-02-26T23:08:24.017Z", "estado": "A"}, "pk": 27, "model": "trazabilidad.prueba"}, {"fields": {"nombre": "htlv1 - 2", "metodos": [1], "area": 8, "resultados": [1, 2, 3], "modificado_por": ["luis"], "duracion": "2 00:00:00", "ultima_modificacion": "2016-02-26T23:08:24.017Z", "estado": "A"}, "pk": 28, "model": "trazabilidad.prueba"}, {"fields": {"nombre": "vih gestante", "metodos": [1], "area": 1, "resultados": [1, 2, 3, 11, 12], "modificado_por": ["luis"], "duracion": "2 00:00:00", "ultima_modificacion": "2016-02-26T23:08:24.017Z", "estado": "A"}, "pk": 29, "model": "trazabilidad.prueba"}, {"fields": {"nombre": "hepatitis b", "metodos": [29], "area": 1, "resultados": [1, 2, 3, 11, 12], "modificado_por": ["luis"], "duracion": "2 00:00:00", "ultima_modificacion": "2016-02-26T23:08:24.017Z", "estado": "A"}, "pk": 31, "model": "trazabilidad.prueba"}, {"fields": {"nombre": "hepatitis a", "metodos": [32], "area": 1, "resultados": [1, 2, 3], "modificado_por": ["luis"], "duracion": "3 00:00:00", "ultima_modificacion": "2016-02-26T23:08:24.017Z", "estado": "A"}, "pk": 32, "model": "trazabilidad.prueba"}, {"fields": {"nombre": "hepatitis c", "metodos": [31], "area": 1, "resultados": [1, 2, 3, 11, 12], "modificado_por": ["luis"], "duracion": "2 00:00:00", "ultima_modificacion": "2016-02-26T23:08:24.017Z", "estado": "A"}, "pk": 33, "model": "trazabilidad.prueba"}, {"fields": {"nombre": "virus respitaratorios", "metodos": [1], "area": 1, "resultados": [1, 2], "modificado_por": ["luis"], "duracion": "3 00:00:00", "ultima_modificacion": "2016-02-26T23:08:24.017Z", "estado": "A"}, "pk": 34, "model": "trazabilidad.prueba"}, {"fields": {"nombre": "virus h1 n1", "metodos": [1], "area": 1, "resultados": [1, 2, 3], "modificado_por": ["luis"], "duracion": "4 00:00:00", "ultima_modificacion": "2016-02-26T23:08:24.017Z", "estado": "A"}, "pk": 35, "model": "trazabilidad.prueba"}, {"fields": {"nombre": "hiv confirmatoria - western blot", "metodos": [26], "area": 1, "resultados": [2, 37, 38, 39], "modificado_por": ["luis"], "duracion": "3 00:00:00", "ultima_modificacion": "2016-02-26T23:08:24.017Z", "estado": "A"}, "pk": 36, "model": "trazabilidad.prueba"}, {"fields": {"nombre": "sarampi\u00f3n/ rub\u00e9ola ", "metodos": [30], "area": 1, "resultados": [1, 2, 3], "modificado_por": ["luis"], "duracion": "3 00:00:00", "ultima_modificacion": "2016-02-26T23:08:24.017Z", "estado": "A"}, "pk": 37, "model": "trazabilidad.prueba"}, {"fields": {"nombre": "tamizaje ampliado neonatal", "metodos": [1], "area": 1, "resultados": [35, 36], "modificado_por": ["luis"], "duracion": "2 00:00:00", "ultima_modificacion": "2016-02-26T23:08:24.017Z", "estado": "A"}, "pk": 38, "model": "trazabilidad.prueba"}, {"fields": {"nombre": "fiebre amarilla ", "metodos": [1], "area": 1, "resultados": [1, 2], "modificado_por": ["luis"], "duracion": "3 00:00:00", "ultima_modificacion": "2016-02-26T23:08:24.017Z", "estado": "A"}, "pk": 40, "model": "trazabilidad.prueba"}, {"fields": {"nombre": "paralisis flacida", "metodos": [1], "area": 1, "resultados": [1, 2], "modificado_por": ["luis"], "duracion": "2 00:00:00", "ultima_modificacion": "2016-02-26T23:08:24.017Z", "estado": "A"}, "pk": 41, "model": "trazabilidad.prueba"}, {"fields": {"nombre": "t\u00f3xicos ambientales ", "metodos": [1], "area": 1, "resultados": [], "modificado_por": ["luis"], "duracion": "2 00:00:00", "ultima_modificacion": "2016-02-26T23:08:24.017Z", "estado": "A"}, "pk": 42, "model": "trazabilidad.prueba"}, {"fields": {"nombre": "cultivo b.a.a.r", "metodos": [2], "area": 3, "resultados": [2, 13, 14, 15, 49, 58], "modificado_por": ["luis"], "duracion": "31 00:00:00", "ultima_modificacion": "2016-02-26T23:08:24.017Z", "estado": "A"}, "pk": 45, "model": "trazabilidad.prueba"}, {"fields": {"nombre": "prueba sensibilidad del complejo m.tuberculosis", "metodos": [4], "area": 3, "resultados": [59, 60, 61, 62], "modificado_por": ["luis"], "duracion": "60 00:00:00", "ultima_modificacion": "2016-02-26T23:08:24.017Z", "estado": "A"}, "pk": 46, "model": "trazabilidad.prueba"}, {"fields": {"nombre": "cultivo", "metodos": [1], "area": 4, "resultados": [], "modificado_por": ["luis"], "duracion": "2 00:00:00", "ultima_modificacion": "2016-02-26T23:08:24.017Z", "estado": "A"}, "pk": 47, "model": "trazabilidad.prueba"}, {"fields": {"nombre": "sifilis", "metodos": [1, 35], "area": 4, "resultados": [22, 23, 24, 25, 26, 45, 67], "modificado_por": ["luis"], "duracion": "2 00:00:00", "ultima_modificacion": "2016-02-26T23:08:24.017Z", "estado": "A"}, "pk": 48, "model": "trazabilidad.prueba"}, {"fields": {"nombre": "meningitis bacteriana aguda (mba) ", "metodos": [1], "area": 4, "resultados": [27, 28], "modificado_por": ["luis"], "duracion": "6 00:00:00", "ultima_modificacion": "2016-02-26T23:08:24.017Z", "estado": "A"}, "pk": 49, "model": "trazabilidad.prueba"}, {"fields": {"nombre": "etas", "metodos": [1], "area": 4, "resultados": [1, 2], "modificado_por": ["luis"], "duracion": "6 00:00:00", "ultima_modificacion": "2016-02-26T23:08:24.017Z", "estado": "A"}, "pk": 50, "model": "trazabilidad.prueba"}, {"fields": {"nombre": "enfermedad diarreica aguda (eda)", "metodos": [1], "area": 4, "resultados": [2, 43, 44], "modificado_por": ["luis"], "duracion": "6 00:00:00", "ultima_modificacion": "2016-02-26T23:08:24.017Z", "estado": "A"}, "pk": 51, "model": "trazabilidad.prueba"}, {"fields": {"nombre": "difteria ", "metodos": [1], "area": 4, "resultados": [], "modificado_por": ["luis"], "duracion": "2 00:00:00", "ultima_modificacion": "2016-02-26T23:08:24.017Z", "estado": "A"}, "pk": 52, "model": "trazabilidad.prueba"}, {"fields": {"nombre": "fiebre tifoideas ", "metodos": [1], "area": 4, "resultados": [1, 2], "modificado_por": ["luis"], "duracion": "3 00:00:00", "ultima_modificacion": "2016-02-26T23:08:24.017Z", "estado": "A"}, "pk": 53, "model": "trazabilidad.prueba"}, {"fields": {"nombre": "neisseria", "metodos": [1], "area": 4, "resultados": [7, 8], "modificado_por": ["luis"], "duracion": "7 00:00:00", "ultima_modificacion": "2016-02-26T23:08:24.017Z", "estado": "A"}, "pk": 54, "model": "trazabilidad.prueba"}, {"fields": {"nombre": "vigiliancia suceptibilidad antimicrobiana.", "metodos": [1], "area": 4, "resultados": [5, 6], "modificado_por": ["luis"], "duracion": "5 00:00:00", "ultima_modificacion": "2016-02-26T23:08:24.017Z", "estado": "A"}, "pk": 55, "model": "trazabilidad.prueba"}, {"fields": {"nombre": "tosferina", "metodos": [1], "area": 4, "resultados": [1, 2], "modificado_por": ["luis"], "duracion": "3 00:00:00", "ultima_modificacion": "2016-02-26T23:08:24.017Z", "estado": "A"}, "pk": 56, "model": "trazabilidad.prueba"}, {"fields": {"nombre": "rabia", "metodos": [1], "area": 2, "resultados": [33, 34], "modificado_por": ["luis"], "duracion": "2 00:00:00", "ultima_modificacion": "2016-02-26T23:08:24.017Z", "estado": "A"}, "pk": 57, "model": "trazabilidad.prueba"}, {"fields": {"nombre": "encefalitis", "metodos": [1], "area": 2, "resultados": [7, 8], "modificado_por": ["luis"], "duracion": "5 00:00:00", "ultima_modificacion": "2016-02-26T23:08:24.017Z", "estado": "A"}, "pk": 58, "model": "trazabilidad.prueba"}, {"fields": {"nombre": "chagas", "metodos": [1], "area": 2, "resultados": [1, 2, 3], "modificado_por": ["luis"], "duracion": "2 00:00:00", "ultima_modificacion": "2016-02-26T23:08:24.017Z", "estado": "A"}, "pk": 59, "model": "trazabilidad.prueba"}, {"fields": {"nombre": "leishmaniasis cutanea", "metodos": [1], "area": 2, "resultados": [31, 32], "modificado_por": ["luis"], "duracion": "2 00:00:00", "ultima_modificacion": "2016-02-26T23:08:24.017Z", "estado": "A"}, "pk": 60, "model": "trazabilidad.prueba"}, {"fields": {"nombre": "leishmaniasis visceral y mucosa", "metodos": [1], "area": 2, "resultados": [1, 2, 3], "modificado_por": ["luis"], "duracion": "2 00:00:00", "ultima_modificacion": "2016-02-26T23:08:24.017Z", "estado": "A"}, "pk": 61, "model": "trazabilidad.prueba"}, {"fields": {"nombre": "malaria", "metodos": [1], "area": 2, "resultados": [], "modificado_por": ["luis"], "duracion": "2 00:00:00", "ultima_modificacion": "2016-02-26T23:08:24.017Z", "estado": "A"}, "pk": 62, "model": "trazabilidad.prueba"}, {"fields": {"nombre": "par\u00e1sitos oportunistas", "metodos": [1], "area": 2, "resultados": [1, 2, 3], "modificado_por": ["luis"], "duracion": "2 00:00:00", "ultima_modificacion": "2016-02-26T23:08:24.017Z", "estado": "A"}, "pk": 63, "model": "trazabilidad.prueba"}, {"fields": {"nombre": "elisa", "metodos": [1], "area": 10, "resultados": [], "modificado_por": ["luis"], "duracion": "2 00:00:00", "ultima_modificacion": "2016-02-26T23:08:24.017Z", "estado": "A"}, "pk": 64, "model": "trazabilidad.prueba"}, {"fields": {"nombre": "elisa", "metodos": [1], "area": 11, "resultados": [1, 2, 3], "modificado_por": ["luis"], "duracion": "2 00:00:00", "ultima_modificacion": "2016-02-26T23:08:24.017Z", "estado": "A"}, "pk": 65, "model": "trazabilidad.prueba"}, {"fields": {"nombre": "hepatitis b", "metodos": [1], "area": 11, "resultados": [1, 2, 3], "modificado_por": ["luis"], "duracion": "3 00:00:00", "ultima_modificacion": "2016-02-26T23:08:24.017Z", "estado": "A"}, "pk": 66, "model": "trazabilidad.prueba"}, {"fields": {"nombre": "hepatitis a", "metodos": [1], "area": 11, "resultados": [1, 2, 3], "modificado_por": ["luis"], "duracion": "3 00:00:00", "ultima_modificacion": "2016-02-26T23:08:24.017Z", "estado": "A"}, "pk": 67, "model": "trazabilidad.prueba"}, {"fields": {"nombre": "gota gruesa", "metodos": [1], "area": 11, "resultados": [1], "modificado_por": ["luis"], "duracion": "2 00:00:00", "ultima_modificacion": "2016-02-26T23:08:24.017Z", "estado": "A"}, "pk": 68, "model": "trazabilidad.prueba"}, {"fields": {"nombre": "lepra", "metodos": [1], "area": 11, "resultados": [1, 2, 3], "modificado_por": ["luis"], "duracion": "7 00:00:00", "ultima_modificacion": "2016-02-26T23:08:24.017Z", "estado": "A"}, "pk": 69, "model": "trazabilidad.prueba"}, {"fields": {"nombre": "genetica molecular id. del complejo m.tuberculosis y su resistencia a isoniaida y rifampicina ", "metodos": [5], "area": 3, "resultados": [63, 64, 65, 66], "modificado_por": ["luis"], "duracion": "8 00:00:00", "ultima_modificacion": "2016-02-26T23:08:24.017Z", "estado": "A"}, "pk": 70, "model": "trazabilidad.prueba"}, {"fields": {"nombre": "patogenos de la infeccion respiratoria aguda (ira).", "metodos": [1], "area": 4, "resultados": [7, 8], "modificado_por": ["luis"], "duracion": "6 00:00:00", "ultima_modificacion": "2016-02-26T23:08:24.017Z", "estado": "A"}, "pk": 71, "model": "trazabilidad.prueba"}, {"fields": {"nombre": "vih", "metodos": [28], "area": 1, "resultados": [3, 11, 12], "modificado_por": ["luis"], "duracion": "3 00:00:00", "ultima_modificacion": "2016-02-26T23:08:24.017Z", "estado": "A"}, "pk": 72, "model": "trazabilidad.prueba"}, {"fields": {"nombre": "turbiedad", "metodos": [7], "area": 5, "resultados": [1], "modificado_por": ["luis"], "duracion": "2 00:00:00", "ultima_modificacion": "2016-02-26T23:08:24.017Z", "estado": "A"}, "pk": 73, "model": "trazabilidad.prueba"}, {"fields": {"nombre": "cloro residual libre", "metodos": [9], "area": 5, "resultados": [1], "modificado_por": ["luis"], "duracion": "2 00:00:00", "ultima_modificacion": "2016-02-26T23:08:24.017Z", "estado": "A"}, "pk": 74, "model": "trazabilidad.prueba"}, {"fields": {"nombre": "alcalinidad total", "metodos": [16], "area": 5, "resultados": [1], "modificado_por": ["luis"], "duracion": "2 00:00:00", "ultima_modificacion": "2016-02-26T23:08:24.017Z", "estado": "A"}, "pk": 75, "model": "trazabilidad.prueba"}, {"fields": {"nombre": "calcio", "metodos": [38], "area": 5, "resultados": [1], "modificado_por": ["luis"], "duracion": "2 00:00:00", "ultima_modificacion": "2016-02-26T23:08:24.017Z", "estado": "A"}, "pk": 76, "model": "trazabilidad.prueba"}, {"fields": {"nombre": "fosfatos", "metodos": [18], "area": 5, "resultados": [1], "modificado_por": ["luis"], "duracion": "2 00:00:00", "ultima_modificacion": "2016-02-26T23:08:24.017Z", "estado": "A"}, "pk": 77, "model": "trazabilidad.prueba"}, {"fields": {"nombre": "manganeso", "metodos": [1], "area": 5, "resultados": [1], "modificado_por": ["luis"], "duracion": "2 00:00:00", "ultima_modificacion": "2016-02-26T23:08:24.017Z", "estado": "A"}, "pk": 78, "model": "trazabilidad.prueba"}, {"fields": {"nombre": "molibdemo", "metodos": [1], "area": 5, "resultados": [1], "modificado_por": ["luis"], "duracion": "2 00:00:00", "ultima_modificacion": "2016-02-26T23:08:24.017Z", "estado": "A"}, "pk": 79, "model": "trazabilidad.prueba"}, {"fields": {"nombre": "magnesio", "metodos": [1], "area": 5, "resultados": [1], "modificado_por": ["luis"], "duracion": "2 00:00:00", "ultima_modificacion": "2016-02-26T23:08:24.017Z", "estado": "A"}, "pk": 80, "model": "trazabilidad.prueba"}, {"fields": {"nombre": "zinc", "metodos": [1], "area": 5, "resultados": [1], "modificado_por": ["luis"], "duracion": "2 00:00:00", "ultima_modificacion": "2016-02-26T23:08:24.017Z", "estado": "A"}, "pk": 81, "model": "trazabilidad.prueba"}, {"fields": {"nombre": "dureza total", "metodos": [], "area": 5, "resultados": [1], "modificado_por": ["luis"], "duracion": "2 00:00:00", "ultima_modificacion": "2016-02-26T23:08:24.017Z", "estado": "A"}, "pk": 82, "model": "trazabilidad.prueba"}, {"fields": {"nombre": "sulfatos", "metodos": [20], "area": 5, "resultados": [1], "modificado_por": ["luis"], "duracion": "2 00:00:00", "ultima_modificacion": "2016-02-26T23:08:24.017Z", "estado": "A"}, "pk": 83, "model": "trazabilidad.prueba"}, {"fields": {"nombre": "hierro total", "metodos": [21], "area": 5, "resultados": [1], "modificado_por": ["luis"], "duracion": "2 00:00:00", "ultima_modificacion": "2016-02-26T23:08:24.017Z", "estado": "A"}, "pk": 84, "model": "trazabilidad.prueba"}, {"fields": {"nombre": "cloruros", "metodos": [22], "area": 5, "resultados": [1], "modificado_por": ["luis"], "duracion": "2 00:00:00", "ultima_modificacion": "2016-02-26T23:08:24.017Z", "estado": "A"}, "pk": 85, "model": "trazabilidad.prueba"}, {"fields": {"nombre": "nitratos", "metodos": [1], "area": 5, "resultados": [1], "modificado_por": ["luis"], "duracion": "2 00:00:00", "ultima_modificacion": "2016-02-26T23:08:24.017Z", "estado": "A"}, "pk": 86, "model": "trazabilidad.prueba"}, {"fields": {"nombre": "nitritos", "metodos": [23], "area": 5, "resultados": [1], "modificado_por": ["luis"], "duracion": "2 00:00:00", "ultima_modificacion": "2016-02-26T23:08:24.017Z", "estado": "A"}, "pk": 87, "model": "trazabilidad.prueba"}, {"fields": {"nombre": "aluminio", "metodos": [1], "area": 5, "resultados": [1], "modificado_por": ["luis"], "duracion": "2 00:00:00", "ultima_modificacion": "2016-02-26T23:08:24.017Z", "estado": "A"}, "pk": 88, "model": "trazabilidad.prueba"}, {"fields": {"nombre": "fluoruros", "metodos": [1], "area": 5, "resultados": [1], "modificado_por": ["luis"], "duracion": "2 00:00:00", "ultima_modificacion": "2016-02-26T23:08:24.017Z", "estado": "A"}, "pk": 89, "model": "trazabilidad.prueba"}, {"fields": {"nombre": "coliformes totales", "metodos": [10], "area": 6, "resultados": [7, 8], "modificado_por": ["luis"], "duracion": "3 00:00:00", "ultima_modificacion": "2016-02-26T23:08:24.017Z", "estado": "A"}, "pk": 90, "model": "trazabilidad.prueba"}, {"fields": {"nombre": "mesofilos", "metodos": [24], "area": 6, "resultados": [7, 8], "modificado_por": ["luis"], "duracion": "3 00:00:00", "ultima_modificacion": "2016-02-26T23:08:24.017Z", "estado": "A"}, "pk": 91, "model": "trazabilidad.prueba"}, {"fields": {"nombre": "vibrio cholerae 01", "metodos": [25], "area": 6, "resultados": [7, 8], "modificado_por": ["luis"], "duracion": "3 00:00:00", "ultima_modificacion": "2016-02-26T23:08:24.017Z", "estado": "A"}, "pk": 92, "model": "trazabilidad.prueba"}, {"fields": {"nombre": "zika", "metodos": [39], "area": 1, "resultados": [1, 2, 3], "modificado_por": ["luis"], "duracion": "5 00:00:00", "ultima_modificacion": "2016-02-26T23:08:24.017Z", "estado": "A"}, "pk": 93, "model": "trazabilidad.prueba"}, {"fields": {"modificado_por": ["luis"], "motivo": "identificaci\u00f3n de muestra incompleta", "ultima_modificacion": "2016-03-02T14:45:20.703Z", "estado": "A"}, "pk": 1, "model": "trazabilidad.motivorechazo"}, {"fields": {"modificado_por": ["luis"], "motivo": "identificaci\u00f3n de muestra no legible", "ultima_modificacion": "2016-03-02T14:45:20.703Z", "estado": "A"}, "pk": 2, "model": "trazabilidad.motivorechazo"}, {"fields": {"modificado_por": ["luis"], "motivo": "calidad de la muestra", "ultima_modificacion": "2016-03-02T14:45:20.703Z", "estado": "A"}, "pk": 3, "model": "trazabilidad.motivorechazo"}, {"fields": {"fecha_estado_analista": "2015-12-05T21:56:00.926Z", "fecha_radicado": "2015-11-24T21:13:19.834Z", "analista": ["luis"], "fecha_confirmacion": null, "recepcionista": ["luis"], "comentario": "", "observaciones_analista": "", "motivo_rechazo_analista": [], "motivo_rechazo": [], "programa": 1, "fecha_recepcion": "2015-11-24T16:09:05Z", "observaciones": "se acept\u00f3 conforme muestra de suero para dengue ", "estado_analista": "A", "estado": "A", "confirmada": true}, "pk": 1, "model": "trazabilidad.recepcion"}, {"fields": {"fecha_estado_analista": "2015-12-07T23:15:14.820Z", "fecha_radicado": "2015-11-24T21:20:27.183Z", "analista": ["prueba"], "fecha_confirmacion": "2015-11-25T19:20:54.243Z", "recepcionista": ["luis"], "comentario": "", "observaciones_analista": "", "motivo_rechazo_analista": [], "motivo_rechazo": [], "programa": 1, "fecha_recepcion": "2015-11-24T16:17:32Z", "observaciones": "se acept\u00f3 muestra de coprol\u00f3gico conforme para an\u00e1lisis de c\u00f3lera.", "estado_analista": "A", "estado": "A", "confirmada": true}, "pk": 2, "model": "trazabilidad.recepcion"}, {"fields": {"fecha_estado_analista": "2015-12-07T22:01:00.125Z", "fecha_radicado": "2015-11-24T22:16:07.926Z", "analista": ["prueba"], "fecha_confirmacion": null, "recepcionista": ["luis"], "comentario": "", "observaciones_analista": "", "motivo_rechazo_analista": [], "motivo_rechazo": [], "programa": 1, "fecha_recepcion": "2015-11-24T17:11:09Z", "observaciones": "se acepto conforme muestra de esputo para identificacion de micobacterias", "estado_analista": "A", "estado": "A", "confirmada": true}, "pk": 3, "model": "trazabilidad.recepcion"}, {"fields": {"fecha_estado_analista": "2015-12-07T21:56:14.753Z", "fecha_radicado": "2015-11-24T22:43:19.288Z", "analista": ["prueba"], "fecha_confirmacion": null, "recepcionista": ["prueba"], "comentario": "", "observaciones_analista": "", "motivo_rechazo_analista": [], "motivo_rechazo": [], "programa": 2, "fecha_recepcion": "2015-11-24T17:23:54Z", "observaciones": "pruebas", "estado_analista": "A", "estado": "A", "confirmada": true}, "pk": 4, "model": "trazabilidad.recepcion"}, {"fields": {"fecha_estado_analista": "2015-12-09T16:33:39.979Z", "fecha_radicado": "2015-11-24T22:44:14.438Z", "analista": ["prueba"], "fecha_confirmacion": null, "recepcionista": ["luis"], "comentario": "", "observaciones_analista": "", "motivo_rechazo_analista": [], "motivo_rechazo": [], "programa": 2, "fecha_recepcion": "2015-11-24T17:24:52Z", "observaciones": "se acepta conforme muestra de agua para analisis fisico-quimico y microbiologico", "estado_analista": "A", "estado": "A", "confirmada": true}, "pk": 5, "model": "trazabilidad.recepcion"}, {"fields": {"fecha_estado_analista": null, "fecha_radicado": "2015-11-25T16:20:38.844Z", "analista": null, "fecha_confirmacion": "2015-11-25T16:24:24.202Z", "recepcionista": ["prueba"], "comentario": "", "observaciones_analista": "", "motivo_rechazo_analista": [], "motivo_rechazo": [1], "programa": 1, "fecha_recepcion": "2015-11-25T11:24:44Z", "observaciones": "muestra hemolizada", "estado_analista": "", "estado": "R", "confirmada": true}, "pk": 6, "model": "trazabilidad.recepcion"}, {"fields": {"fecha_estado_analista": "2015-12-21T19:52:28.530Z", "fecha_radicado": "2015-11-25T16:33:03.317Z", "analista": ["prueba"], "fecha_confirmacion": "2015-11-25T16:34:18.465Z", "recepcionista": ["prueba"], "comentario": "", "observaciones_analista": "se rechaza las prueba.", "motivo_rechazo_analista": [1], "motivo_rechazo": [], "programa": 2, "fecha_recepcion": "2015-11-25T11:34:20Z", "observaciones": "muestra completa", "estado_analista": "R", "estado": "A", "confirmada": true}, "pk": 7, "model": "trazabilidad.recepcion"}, {"fields": {"fecha_estado_analista": "2015-12-05T21:55:16.980Z", "fecha_radicado": "2015-11-25T19:26:25.262Z", "analista": ["luis"], "fecha_confirmacion": "2015-11-25T19:29:48.667Z", "recepcionista": ["prueba"], "comentario": "", "observaciones_analista": "", "motivo_rechazo_analista": [], "motivo_rechazo": [], "programa": 1, "fecha_recepcion": "2015-11-25T14:21:43Z", "observaciones": "muestra completa", "estado_analista": "A", "estado": "A", "confirmada": true}, "pk": 8, "model": "trazabilidad.recepcion"}, {"fields": {"fecha_estado_analista": "2015-12-05T21:55:00.914Z", "fecha_radicado": "2015-12-01T22:28:24.852Z", "analista": ["luis"], "fecha_confirmacion": "2015-12-01T22:32:45Z", "recepcionista": ["luis"], "comentario": "", "observaciones_analista": "", "motivo_rechazo_analista": [], "motivo_rechazo": [], "programa": 5, "fecha_recepcion": "2015-12-01T17:27:12Z", "observaciones": "todo ok", "estado_analista": "A", "estado": "A", "confirmada": true}, "pk": 9, "model": "trazabilidad.recepcion"}, {"fields": {"fecha_estado_analista": "2015-12-10T22:31:01.474Z", "fecha_radicado": "2015-12-02T23:05:20.662Z", "analista": ["prueba"], "fecha_confirmacion": "2015-12-02T23:05:20.662Z", "recepcionista": ["luis"], "comentario": "", "observaciones_analista": "", "motivo_rechazo_analista": [], "motivo_rechazo": [], "programa": 3, "fecha_recepcion": "2015-12-02T18:01:17Z", "observaciones": "se acepta conforme muestra para control citohistopatologico", "estado_analista": "A", "estado": "A", "confirmada": true}, "pk": 10, "model": "trazabilidad.recepcion"}, {"fields": {"fecha_estado_analista": "2015-12-10T16:04:05Z", "fecha_radicado": "2015-12-02T23:11:14.802Z", "analista": ["prueba"], "fecha_confirmacion": "2015-12-02T23:11:14Z", "recepcionista": ["luis"], "comentario": "", "observaciones_analista": "LA MUESTRA ES RECHAZADA POR EL ANALISTA.", "motivo_rechazo_analista": [1], "motivo_rechazo": [], "programa": 3, "fecha_recepcion": "2015-12-02T18:08:21Z", "observaciones": "se acepta conforme muestra para control citohistopatologico", "estado_analista": "R", "estado": "A", "confirmada": true}, "pk": 11, "model": "trazabilidad.recepcion"}, {"fields": {"fecha_estado_analista": "2015-12-09T14:51:05.853Z", "fecha_radicado": "2015-12-02T23:17:28.522Z", "analista": ["prueba"], "fecha_confirmacion": "2015-12-02T23:17:28.522Z", "recepcionista": ["luis"], "comentario": "", "observaciones_analista": "", "motivo_rechazo_analista": [], "motivo_rechazo": [], "programa": 3, "fecha_recepcion": "2015-12-02T18:14:06Z", "observaciones": "se acepta muestra conforme para control citohistopatologico", "estado_analista": "A", "estado": "A", "confirmada": true}, "pk": 12, "model": "trazabilidad.recepcion"}, {"fields": {"fecha_estado_analista": "2015-12-17T14:24:40.613Z", "fecha_radicado": "2015-12-02T23:27:09.360Z", "analista": ["prueba"], "fecha_confirmacion": "2015-12-02T23:27:09.360Z", "recepcionista": ["luis"], "comentario": "", "observaciones_analista": "se acepta confome muestra para procesamiento", "motivo_rechazo_analista": [], "motivo_rechazo": [], "programa": 5, "fecha_recepcion": "2015-12-01T18:25:11Z", "observaciones": "se acepta conforme muestra para determinacion taxonomica", "estado_analista": "A", "estado": "A", "confirmada": true}, "pk": 13, "model": "trazabilidad.recepcion"}, {"fields": {"fecha_estado_analista": "2015-12-10T16:33:45.715Z", "fecha_radicado": "2015-12-02T23:32:58.533Z", "analista": ["prueba"], "fecha_confirmacion": "2015-12-02T23:32:58.532Z", "recepcionista": ["luis"], "comentario": "", "observaciones_analista": "", "motivo_rechazo_analista": [], "motivo_rechazo": [], "programa": 5, "fecha_recepcion": "2015-12-01T18:30:33Z", "observaciones": "se acepta conforme muestra para determinaci\u00f3n taxon\u00f3mica", "estado_analista": "A", "estado": "A", "confirmada": true}, "pk": 14, "model": "trazabilidad.recepcion"}, {"fields": {"fecha_estado_analista": "2015-12-10T22:34:46.282Z", "fecha_radicado": "2015-12-02T23:38:39.021Z", "analista": ["prueba"], "fecha_confirmacion": "2015-12-02T23:38:39.021Z", "recepcionista": ["luis"], "comentario": "", "observaciones_analista": "", "motivo_rechazo_analista": [], "motivo_rechazo": [], "programa": 1, "fecha_recepcion": "2015-12-01T18:35:01Z", "observaciones": "se ingresa muestra conforme", "estado_analista": "A", "estado": "A", "confirmada": true}, "pk": 15, "model": "trazabilidad.recepcion"}, {"fields": {"fecha_estado_analista": "2015-12-07T20:10:31.672Z", "fecha_radicado": "2015-12-02T23:47:11.746Z", "analista": ["luis"], "fecha_confirmacion": "2015-12-02T23:47:11.746Z", "recepcionista": ["luis"], "comentario": "", "observaciones_analista": "ok", "motivo_rechazo_analista": [], "motivo_rechazo": [], "programa": 4, "fecha_recepcion": "2015-12-02T18:44:12Z", "observaciones": "se ingresa muestra conforme", "estado_analista": "A", "estado": "A", "confirmada": true}, "pk": 16, "model": "trazabilidad.recepcion"}, {"fields": {"fecha_estado_analista": "2015-12-10T16:05:19Z", "fecha_radicado": "2015-12-02T23:50:24.143Z", "analista": ["prueba"], "fecha_confirmacion": "2015-12-02T23:50:24Z", "recepcionista": ["luis"], "comentario": "", "observaciones_analista": "SE RECHAZA LA MUESTRA POR EL ANALISTA DEL PROGRAMA.", "motivo_rechazo_analista": [2], "motivo_rechazo": [], "programa": 4, "fecha_recepcion": "2015-12-01T18:48:28Z", "observaciones": "se ingresa muestra conforme", "estado_analista": "R", "estado": "A", "confirmada": true}, "pk": 17, "model": "trazabilidad.recepcion"}, {"fields": {"fecha_estado_analista": "2015-12-07T21:57:11Z", "fecha_radicado": "2015-12-03T20:01:10.905Z", "analista": ["prueba"], "fecha_confirmacion": "2015-12-03T20:07:14Z", "recepcionista": ["prueba"], "comentario": "se solicito nueva muestra", "observaciones_analista": "rechazada porque le cayo agua a la muestra", "motivo_rechazo_analista": [1], "motivo_rechazo": [], "programa": 1, "fecha_recepcion": "2015-12-03T14:45:03Z", "observaciones": "recibido", "estado_analista": "R", "estado": "A", "confirmada": true}, "pk": 18, "model": "trazabilidad.recepcion"}, {"fields": {"fecha_estado_analista": null, "fecha_radicado": "2015-12-03T20:30:45.014Z", "analista": null, "fecha_confirmacion": "2015-12-03T20:30:45.014Z", "recepcionista": ["prueba"], "comentario": "", "observaciones_analista": "", "motivo_rechazo_analista": [], "motivo_rechazo": [1], "programa": 5, "fecha_recepcion": "2015-12-03T15:29:07Z", "observaciones": "recibido", "estado_analista": "", "estado": "R", "confirmada": true}, "pk": 19, "model": "trazabilidad.recepcion"}, {"fields": {"fecha_estado_analista": "2015-12-07T21:53:45.644Z", "fecha_radicado": "2015-12-03T20:41:16.037Z", "analista": ["prueba"], "fecha_confirmacion": "2015-12-03T20:41:16.037Z", "recepcionista": ["prueba"], "comentario": "", "observaciones_analista": "", "motivo_rechazo_analista": [], "motivo_rechazo": [], "programa": 3, "fecha_recepcion": "2015-12-03T15:41:15Z", "observaciones": "recibido", "estado_analista": "A", "estado": "A", "confirmada": true}, "pk": 20, "model": "trazabilidad.recepcion"}, {"fields": {"fecha_estado_analista": "2016-01-09T18:51:11.717Z", "fecha_radicado": "2015-12-07T22:04:39.387Z", "analista": ["prueba"], "fecha_confirmacion": "2016-01-09T18:50:38.916Z", "recepcionista": ["prueba"], "comentario": "", "observaciones_analista": "se acepta", "motivo_rechazo_analista": [], "motivo_rechazo": [], "programa": 1, "fecha_recepcion": "2016-01-09T13:50:34Z", "observaciones": "mensajero requiere desplazarse a santana lo mas pronto posible", "estado_analista": "A", "estado": "A", "confirmada": true}, "pk": 21, "model": "trazabilidad.recepcion"}, {"fields": {"fecha_estado_analista": "2016-01-09T18:47:54.366Z", "fecha_radicado": "2015-12-07T22:12:57.034Z", "analista": ["prueba"], "fecha_confirmacion": "2016-01-09T18:46:28.574Z", "recepcionista": ["prueba"], "comentario": "", "observaciones_analista": "se acepta.", "motivo_rechazo_analista": [], "motivo_rechazo": [], "programa": 1, "fecha_recepcion": "2016-01-08T05:05:53Z", "observaciones": "el mensajero se tuvo que ir", "estado_analista": "A", "estado": "A", "confirmada": true}, "pk": 22, "model": "trazabilidad.recepcion"}, {"fields": {"fecha_estado_analista": "2015-12-09T15:32:14.991Z", "fecha_radicado": "2015-12-09T15:30:04.142Z", "analista": ["prueba"], "fecha_confirmacion": "2015-12-09T15:31:53.077Z", "recepcionista": ["prueba"], "comentario": "", "observaciones_analista": "", "motivo_rechazo_analista": [], "motivo_rechazo": [], "programa": 1, "fecha_recepcion": "2015-12-09T10:36:17Z", "observaciones": "se recibe muestra de suero conforme", "estado_analista": "A", "estado": "A", "confirmada": true}, "pk": 23, "model": "trazabilidad.recepcion"}, {"fields": {"fecha_estado_analista": "2015-12-10T15:54:49.761Z", "fecha_radicado": "2015-12-09T19:46:46.356Z", "analista": ["prueba"], "fecha_confirmacion": "2015-12-09T19:46:46.356Z", "recepcionista": ["prueba"], "comentario": "", "observaciones_analista": "", "motivo_rechazo_analista": [], "motivo_rechazo": [], "programa": 1, "fecha_recepcion": "2015-12-09T14:41:49Z", "observaciones": "se recibe muestra conforme ", "estado_analista": "A", "estado": "A", "confirmada": true}, "pk": 24, "model": "trazabilidad.recepcion"}, {"fields": {"fecha_estado_analista": "2015-12-10T16:11:54.957Z", "fecha_radicado": "2015-12-10T16:10:01.074Z", "analista": ["prueba"], "fecha_confirmacion": "2015-12-10T16:10:01.073Z", "recepcionista": ["prueba"], "comentario": "", "observaciones_analista": "LA MUESTRA ES ACEPTADA POR EL ANALISTA.", "motivo_rechazo_analista": [], "motivo_rechazo": [], "programa": 2, "fecha_recepcion": "2015-12-10T11:06:29Z", "observaciones": "se recibe la muestra para analisis.", "estado_analista": "A", "estado": "A", "confirmada": true}, "pk": 25, "model": "trazabilidad.recepcion"}, {"fields": {"fecha_estado_analista": "2015-12-10T20:04:39.818Z", "fecha_radicado": "2015-12-10T20:01:03.617Z", "analista": ["prueba"], "fecha_confirmacion": "2015-12-10T20:01:03.616Z", "recepcionista": ["prueba"], "comentario": "", "observaciones_analista": "se recibe muestra conforme para Analisis", "motivo_rechazo_analista": [], "motivo_rechazo": [], "programa": 1, "fecha_recepcion": "2015-12-10T14:56:28Z", "observaciones": "se recibe muestra conforme para analisis", "estado_analista": "A", "estado": "A", "confirmada": true}, "pk": 26, "model": "trazabilidad.recepcion"}, {"fields": {"fecha_estado_analista": "2015-12-10T20:24:24.729Z", "fecha_radicado": "2015-12-10T20:20:46.562Z", "analista": ["prueba"], "fecha_confirmacion": "2015-12-10T20:20:46.562Z", "recepcionista": ["prueba"], "comentario": "", "observaciones_analista": "se recibe muestra confrme para determinacion taxonimica", "motivo_rechazo_analista": [], "motivo_rechazo": [], "programa": 5, "fecha_recepcion": "2015-12-10T15:19:46Z", "observaciones": "se recibe muestra para determinacion taxonomica", "estado_analista": "A", "estado": "A", "confirmada": true}, "pk": 27, "model": "trazabilidad.recepcion"}, {"fields": {"fecha_estado_analista": "2015-12-10T20:33:32.395Z", "fecha_radicado": "2015-12-10T20:31:35.552Z", "analista": ["prueba"], "fecha_confirmacion": "2015-12-10T20:31:35.552Z", "recepcionista": ["prueba"], "comentario": "", "observaciones_analista": "se acepta muestra conforme para analisis", "motivo_rechazo_analista": [], "motivo_rechazo": [], "programa": 1, "fecha_recepcion": "2015-12-10T15:26:38Z", "observaciones": "se ingresa muestra conforme pendiente por verificacion", "estado_analista": "A", "estado": "A", "confirmada": true}, "pk": 28, "model": "trazabilidad.recepcion"}, {"fields": {"fecha_estado_analista": "2015-12-11T15:46:44.397Z", "fecha_radicado": "2015-12-10T20:52:25.259Z", "analista": ["prueba"], "fecha_confirmacion": "2015-12-10T20:52:25.259Z", "recepcionista": ["prueba"], "comentario": "", "observaciones_analista": "se recibe muestra conforme para analisis ", "motivo_rechazo_analista": [], "motivo_rechazo": [], "programa": 2, "fecha_recepcion": "2015-12-10T15:40:36Z", "observaciones": "se reciben 2 muestras de aguas para analisis fisicoquimico y microbiologico", "estado_analista": "A", "estado": "A", "confirmada": true}, "pk": 29, "model": "trazabilidad.recepcion"}, {"fields": {"fecha_estado_analista": "2015-12-10T20:58:10.157Z", "fecha_radicado": "2015-12-10T20:55:52.197Z", "analista": ["prueba"], "fecha_confirmacion": "2015-12-10T20:55:52.197Z", "recepcionista": ["prueba"], "comentario": "", "observaciones_analista": "la muestra cumple con los criterios de aceptacion para procesamiento", "motivo_rechazo_analista": [], "motivo_rechazo": [], "programa": 2, "fecha_recepcion": "2015-12-10T15:40:36Z", "observaciones": "se ingresa parcial dos muestras de agua para analisis microbiologico y fisicoquimico", "estado_analista": "A", "estado": "A", "confirmada": true}, "pk": 30, "model": "trazabilidad.recepcion"}, {"fields": {"fecha_estado_analista": "2015-12-11T15:54:55.146Z", "fecha_radicado": "2015-12-11T15:54:03.897Z", "analista": ["prueba"], "fecha_confirmacion": "2015-12-11T15:54:03.896Z", "recepcionista": ["prueba"], "comentario": "", "observaciones_analista": "se recibe muestra conforme para procesamiento", "motivo_rechazo_analista": [], "motivo_rechazo": [], "programa": 1, "fecha_recepcion": "2015-12-11T10:59:36Z", "observaciones": "se recibe muestra de suero ", "estado_analista": "A", "estado": "A", "confirmada": true}, "pk": 31, "model": "trazabilidad.recepcion"}, {"fields": {"fecha_estado_analista": "2015-12-11T18:22:33.402Z", "fecha_radicado": "2015-12-11T16:30:14.321Z", "analista": ["luis"], "fecha_confirmacion": "2015-12-11T16:30:32.324Z", "recepcionista": ["luis"], "comentario": "", "observaciones_analista": "Ok", "motivo_rechazo_analista": [], "motivo_rechazo": [], "programa": 7, "fecha_recepcion": "2015-12-11T11:29:59Z", "observaciones": "ok", "estado_analista": "A", "estado": "A", "confirmada": true}, "pk": 32, "model": "trazabilidad.recepcion"}, {"fields": {"fecha_estado_analista": "2015-12-11T20:06:06Z", "fecha_radicado": "2015-12-11T16:49:11.057Z", "analista": ["prueba"], "fecha_confirmacion": "2015-12-11T16:49:11Z", "recepcionista": ["prueba"], "comentario": "se llamo a la wps solicitando nueva muestra.", "observaciones_analista": "se rechaza la muestra porque llego sin datos.", "motivo_rechazo_analista": [2], "motivo_rechazo": [], "programa": 7, "fecha_recepcion": "2015-12-11T11:55:21Z", "observaciones": "rgrgrgr", "estado_analista": "R", "estado": "A", "confirmada": true}, "pk": 33, "model": "trazabilidad.recepcion"}, {"fields": {"fecha_estado_analista": null, "fecha_radicado": "2015-12-11T19:37:08.968Z", "analista": null, "fecha_confirmacion": "2016-01-08T15:05:18.128Z", "recepcionista": ["prueba"], "comentario": "", "observaciones_analista": "", "motivo_rechazo_analista": [], "motivo_rechazo": [], "programa": 1, "fecha_recepcion": "2016-01-08T10:04:44Z", "observaciones": "se acepta parcialmente la muestra", "estado_analista": "", "estado": "A", "confirmada": true}, "pk": 34, "model": "trazabilidad.recepcion"}, {"fields": {"fecha_estado_analista": "2015-12-11T19:44:22.915Z", "fecha_radicado": "2015-12-11T19:40:42.908Z", "analista": ["prueba"], "fecha_confirmacion": "2015-12-11T19:40:42.908Z", "recepcionista": ["prueba"], "comentario": "", "observaciones_analista": "SE ACEPTA CONFORME LA MUESTRA", "motivo_rechazo_analista": [], "motivo_rechazo": [], "programa": 1, "fecha_recepcion": "2015-12-11T14:32:18Z", "observaciones": "se acepta parcialmente la muestra", "estado_analista": "A", "estado": "A", "confirmada": true}, "pk": 35, "model": "trazabilidad.recepcion"}, {"fields": {"fecha_estado_analista": null, "fecha_radicado": "2015-12-15T15:49:17.647Z", "analista": null, "fecha_confirmacion": "2016-01-09T18:45:08.382Z", "recepcionista": ["prueba"], "comentario": "", "observaciones_analista": "", "motivo_rechazo_analista": [], "motivo_rechazo": [], "programa": 1, "fecha_recepcion": "2016-01-06T13:44:51Z", "observaciones": "", "estado_analista": "", "estado": "", "confirmada": true}, "pk": 36, "model": "trazabilidad.recepcion"}, {"fields": {"fecha_estado_analista": null, "fecha_radicado": "2015-12-15T15:49:18.231Z", "analista": null, "fecha_confirmacion": "2016-01-09T17:47:20.546Z", "recepcionista": ["prueba"], "comentario": "", "observaciones_analista": "", "motivo_rechazo_analista": [], "motivo_rechazo": [1], "programa": 1, "fecha_recepcion": "2016-01-08T10:12:28Z", "observaciones": "se rechaza la muestra", "estado_analista": "", "estado": "R", "confirmada": true}, "pk": 37, "model": "trazabilidad.recepcion"}, {"fields": {"fecha_estado_analista": "2015-12-15T17:18:26.172Z", "fecha_radicado": "2015-12-15T17:03:45.283Z", "analista": ["prueba"], "fecha_confirmacion": "2015-12-15T17:05:13.474Z", "recepcionista": ["prueba"], "comentario": "", "observaciones_analista": "", "motivo_rechazo_analista": [], "motivo_rechazo": [], "programa": 1, "fecha_recepcion": "2015-12-15T18:01:03Z", "observaciones": "se recibe muestra para procesamiento en el area de micobacterias", "estado_analista": "A", "estado": "A", "confirmada": true}, "pk": 38, "model": "trazabilidad.recepcion"}, {"fields": {"fecha_estado_analista": null, "fecha_radicado": "2015-12-15T21:38:39.541Z", "analista": null, "fecha_confirmacion": "2016-01-05T14:15:08.153Z", "recepcionista": ["prueba"], "comentario": "", "observaciones_analista": "", "motivo_rechazo_analista": [], "motivo_rechazo": [], "programa": 4, "fecha_recepcion": "2015-12-15T16:36:41Z", "observaciones": "", "estado_analista": "", "estado": "", "confirmada": true}, "pk": 39, "model": "trazabilidad.recepcion"}, {"fields": {"fecha_estado_analista": "2015-12-17T14:23:33.955Z", "fecha_radicado": "2015-12-16T13:58:04.081Z", "analista": ["prueba"], "fecha_confirmacion": "2015-12-16T13:59:13.203Z", "recepcionista": ["prueba"], "comentario": "", "observaciones_analista": "se acepta muestra conforme para procesamiento", "motivo_rechazo_analista": [], "motivo_rechazo": [], "programa": 1, "fecha_recepcion": "2015-12-16T08:53:51Z", "observaciones": "ingreso parcial para procesamiento", "estado_analista": "A", "estado": "A", "confirmada": true}, "pk": 40, "model": "trazabilidad.recepcion"}, {"fields": {"fecha_estado_analista": "2015-12-17T14:22:26.088Z", "fecha_radicado": "2015-12-16T14:02:11.786Z", "analista": ["prueba"], "fecha_confirmacion": "2015-12-16T14:03:09.718Z", "recepcionista": ["prueba"], "comentario": "", "observaciones_analista": "se acepta muestra conforme para procesamiento", "motivo_rechazo_analista": [], "motivo_rechazo": [], "programa": 5, "fecha_recepcion": "2015-12-16T09:01:14Z", "observaciones": "se recibe muestra pediente de verificacion para aceptacion", "estado_analista": "A", "estado": "A", "confirmada": true}, "pk": 41, "model": "trazabilidad.recepcion"}, {"fields": {"fecha_estado_analista": null, "fecha_radicado": "2015-12-16T15:55:46.763Z", "analista": null, "fecha_confirmacion": "2015-12-16T16:09:58.611Z", "recepcionista": ["prueba"], "comentario": "", "observaciones_analista": "", "motivo_rechazo_analista": [], "motivo_rechazo": [], "programa": 1, "fecha_recepcion": "2015-12-16T10:54:53Z", "observaciones": "", "estado_analista": "", "estado": "", "confirmada": true}, "pk": 42, "model": "trazabilidad.recepcion"}, {"fields": {"fecha_estado_analista": null, "fecha_radicado": "2015-12-16T15:56:35.275Z", "analista": null, "fecha_confirmacion": "2015-12-16T16:00:26.384Z", "recepcionista": ["prueba"], "comentario": "", "observaciones_analista": "", "motivo_rechazo_analista": [], "motivo_rechazo": [], "programa": 1, "fecha_recepcion": "2015-12-16T10:54:53Z", "observaciones": "", "estado_analista": "", "estado": "", "confirmada": true}, "pk": 43, "model": "trazabilidad.recepcion"}, {"fields": {"fecha_estado_analista": null, "fecha_radicado": "2015-12-16T16:13:31.749Z", "analista": null, "fecha_confirmacion": "2016-01-05T14:13:34.933Z", "recepcionista": ["prueba"], "comentario": "", "observaciones_analista": "", "motivo_rechazo_analista": [], "motivo_rechazo": [], "programa": 1, "fecha_recepcion": "2015-12-15T07:30:25Z", "observaciones": "", "estado_analista": "", "estado": "", "confirmada": true}, "pk": 44, "model": "trazabilidad.recepcion"}, {"fields": {"fecha_estado_analista": "2016-01-05T14:11:54.360Z", "fecha_radicado": "2015-12-23T16:07:10.463Z", "analista": ["prueba"], "fecha_confirmacion": "2015-12-23T16:08:37.554Z", "recepcionista": ["prueba"], "comentario": "", "observaciones_analista": "se recibe muestra conforme para procesamieto", "motivo_rechazo_analista": [], "motivo_rechazo": [], "programa": 1, "fecha_recepcion": "2015-12-23T11:02:47Z", "observaciones": "se ingresa muestra parcialmente para analisis ", "estado_analista": "A", "estado": "A", "confirmada": true}, "pk": 45, "model": "trazabilidad.recepcion"}, {"fields": {"fecha_estado_analista": "2015-12-31T14:42:07.379Z", "fecha_radicado": "2015-12-23T16:12:27.267Z", "analista": ["prueba"], "fecha_confirmacion": "2015-12-23T16:13:15.442Z", "recepcionista": ["prueba"], "comentario": "", "observaciones_analista": "se ingresa muestra conforme para analisis", "motivo_rechazo_analista": [], "motivo_rechazo": [], "programa": 1, "fecha_recepcion": "2015-12-23T11:10:10Z", "observaciones": "ingresa muestra parcialemte para analisis", "estado_analista": "A", "estado": "A", "confirmada": true}, "pk": 46, "model": "trazabilidad.recepcion"}, {"fields": {"fecha_estado_analista": "2016-02-12T14:27:22.348Z", "fecha_radicado": "2015-12-23T16:16:12.537Z", "analista": ["prueba"], "fecha_confirmacion": "2016-01-08T15:03:20.645Z", "recepcionista": ["prueba"], "comentario": "", "observaciones_analista": "", "motivo_rechazo_analista": [], "motivo_rechazo": [], "programa": 5, "fecha_recepcion": "2016-01-08T10:03:07Z", "observaciones": "se ingresa muestra para determinacion taxonomica", "estado_analista": "A", "estado": "A", "confirmada": true}, "pk": 47, "model": "trazabilidad.recepcion"}, {"fields": {"fecha_estado_analista": "2016-01-19T14:04:33.482Z", "fecha_radicado": "2015-12-23T16:43:09.674Z", "analista": ["prueba"], "fecha_confirmacion": "2015-12-23T16:44:01.845Z", "recepcionista": ["prueba"], "comentario": "", "observaciones_analista": "los datos del paciente no son legibles", "motivo_rechazo_analista": [2], "motivo_rechazo": [], "programa": 1, "fecha_recepcion": "2015-12-23T11:39:17Z", "observaciones": "se inegreda muestra parcial para analisis microbiologico", "estado_analista": "A", "estado": "A", "confirmada": true}, "pk": 48, "model": "trazabilidad.recepcion"}, {"fields": {"fecha_estado_analista": null, "fecha_radicado": "2016-01-04T21:36:50.938Z", "analista": null, "fecha_confirmacion": "2016-01-04T21:36:50.938Z", "recepcionista": ["prueba"], "comentario": "", "observaciones_analista": "", "motivo_rechazo_analista": [], "motivo_rechazo": [], "programa": 5, "fecha_recepcion": "2016-01-03T16:36:07Z", "observaciones": "se ingresa muestra para determinaci\u00f3n taxonomica", "estado_analista": "", "estado": "A", "confirmada": true}, "pk": 49, "model": "trazabilidad.recepcion"}, {"fields": {"fecha_estado_analista": null, "fecha_radicado": "2016-01-04T21:40:05.035Z", "analista": null, "fecha_confirmacion": "2016-01-04T21:41:02.313Z", "recepcionista": ["prueba"], "comentario": "", "observaciones_analista": "", "motivo_rechazo_analista": [], "motivo_rechazo": [], "programa": 5, "fecha_recepcion": "2016-01-04T16:39:41Z", "observaciones": "ingresa muestra para determinaci\u00f3n taxonomica", "estado_analista": "", "estado": "A", "confirmada": true}, "pk": 50, "model": "trazabilidad.recepcion"}, {"fields": {"fecha_estado_analista": "2016-01-19T14:05:22.859Z", "fecha_radicado": "2016-01-04T21:44:34.983Z", "analista": ["prueba"], "fecha_confirmacion": "2016-01-04T21:44:34.983Z", "recepcionista": ["prueba"], "comentario": "", "observaciones_analista": "muestra hemolizada", "motivo_rechazo_analista": [1], "motivo_rechazo": [], "programa": 4, "fecha_recepcion": "2016-01-04T16:42:24Z", "observaciones": "ingresa muestra para analisis", "estado_analista": "R", "estado": "A", "confirmada": true}, "pk": 51, "model": "trazabilidad.recepcion"}, {"fields": {"fecha_estado_analista": "2016-02-29T14:49:17.869Z", "fecha_radicado": "2016-01-04T21:48:01.278Z", "analista": ["prueba"], "fecha_confirmacion": "2016-01-04T21:48:01.278Z", "recepcionista": ["prueba"], "comentario": "", "observaciones_analista": "", "motivo_rechazo_analista": [], "motivo_rechazo": [], "programa": 4, "fecha_recepcion": "2016-01-02T16:46:07Z", "observaciones": "ingresa muestra para analisis", "estado_analista": "A", "estado": "A", "confirmada": true}, "pk": 52, "model": "trazabilidad.recepcion"}, {"fields": {"fecha_estado_analista": null, "fecha_radicado": "2016-01-04T21:50:49.145Z", "analista": null, "fecha_confirmacion": "2016-01-04T21:51:32.137Z", "recepcionista": ["prueba"], "comentario": "", "observaciones_analista": "", "motivo_rechazo_analista": [], "motivo_rechazo": [], "programa": 3, "fecha_recepcion": "2016-01-03T16:48:51Z", "observaciones": "ingresa muestra para analisis", "estado_analista": "", "estado": "A", "confirmada": true}, "pk": 53, "model": "trazabilidad.recepcion"}, {"fields": {"fecha_estado_analista": "2016-01-18T19:57:54.205Z", "fecha_radicado": "2016-01-04T21:53:35.144Z", "analista": ["prueba"], "fecha_confirmacion": "2016-01-04T21:54:09.722Z", "recepcionista": ["prueba"], "comentario": "", "observaciones_analista": "", "motivo_rechazo_analista": [], "motivo_rechazo": [], "programa": 3, "fecha_recepcion": "2016-01-04T16:52:02Z", "observaciones": "ingresa muestra para analisis", "estado_analista": "A", "estado": "A", "confirmada": true}, "pk": 54, "model": "trazabilidad.recepcion"}, {"fields": {"fecha_estado_analista": "2016-01-18T19:58:25.123Z", "fecha_radicado": "2016-01-04T22:10:34.304Z", "analista": ["prueba"], "fecha_confirmacion": "2016-01-04T22:10:34.304Z", "recepcionista": ["prueba"], "comentario": "", "observaciones_analista": "", "motivo_rechazo_analista": [], "motivo_rechazo": [], "programa": 1, "fecha_recepcion": "2016-01-04T17:07:51Z", "observaciones": "ingresa muestra para analisis", "estado_analista": "A", "estado": "A", "confirmada": true}, "pk": 55, "model": "trazabilidad.recepcion"}, {"fields": {"fecha_estado_analista": "2016-01-18T19:57:33.641Z", "fecha_radicado": "2016-01-05T13:40:50.032Z", "analista": ["prueba"], "fecha_confirmacion": "2016-01-05T13:40:50.031Z", "recepcionista": ["prueba"], "comentario": "", "observaciones_analista": "", "motivo_rechazo_analista": [], "motivo_rechazo": [], "programa": 1, "fecha_recepcion": "2016-01-04T08:37:59Z", "observaciones": "ingresa muestra conforme", "estado_analista": "A", "estado": "A", "confirmada": true}, "pk": 56, "model": "trazabilidad.recepcion"}, {"fields": {"fecha_estado_analista": null, "fecha_radicado": "2016-01-05T13:45:50.747Z", "analista": null, "fecha_confirmacion": "2016-01-05T13:45:50.747Z", "recepcionista": ["prueba"], "comentario": "", "observaciones_analista": "", "motivo_rechazo_analista": [], "motivo_rechazo": [], "programa": 1, "fecha_recepcion": "2016-01-05T08:42:38Z", "observaciones": "ingresa muestra de suero para analisis", "estado_analista": "", "estado": "A", "confirmada": true}, "pk": 57, "model": "trazabilidad.recepcion"}, {"fields": {"fecha_estado_analista": "2016-02-29T14:09:47.916Z", "fecha_radicado": "2016-01-05T13:49:08.902Z", "analista": ["prueba"], "fecha_confirmacion": "2016-01-05T13:49:08.902Z", "recepcionista": ["prueba"], "comentario": "", "observaciones_analista": "", "motivo_rechazo_analista": [], "motivo_rechazo": [], "programa": 1, "fecha_recepcion": "2016-01-05T08:47:06Z", "observaciones": "ingresa muestra de esputo y cultivo para analisis", "estado_analista": "A", "estado": "A", "confirmada": true}, "pk": 58, "model": "trazabilidad.recepcion"}, {"fields": {"fecha_estado_analista": "2016-01-18T19:57:12.213Z", "fecha_radicado": "2016-01-05T13:54:04.117Z", "analista": ["prueba"], "fecha_confirmacion": "2016-01-05T13:54:04.117Z", "recepcionista": ["prueba"], "comentario": "", "observaciones_analista": "", "motivo_rechazo_analista": [], "motivo_rechazo": [], "programa": 1, "fecha_recepcion": "2016-01-05T08:51:07Z", "observaciones": "ingresa cultivo para analisis", "estado_analista": "A", "estado": "A", "confirmada": true}, "pk": 59, "model": "trazabilidad.recepcion"}, {"fields": {"fecha_estado_analista": "2016-01-05T14:06:40.964Z", "fecha_radicado": "2016-01-05T14:05:33.674Z", "analista": ["prueba"], "fecha_confirmacion": "2016-01-05T14:05:33.674Z", "recepcionista": ["prueba"], "comentario": "", "observaciones_analista": "muestra conforme para procesamiento", "motivo_rechazo_analista": [], "motivo_rechazo": [], "programa": 1, "fecha_recepcion": "2016-01-04T09:02:33Z", "observaciones": "muestra ingresa para analisis ", "estado_analista": "A", "estado": "A", "confirmada": true}, "pk": 60, "model": "trazabilidad.recepcion"}, {"fields": {"fecha_estado_analista": "2016-01-05T14:31:18.038Z", "fecha_radicado": "2016-01-05T14:24:55.377Z", "analista": ["prueba"], "fecha_confirmacion": "2016-01-05T14:24:55.377Z", "recepcionista": ["prueba"], "comentario": "", "observaciones_analista": "conforme", "motivo_rechazo_analista": [], "motivo_rechazo": [], "programa": 1, "fecha_recepcion": "2016-01-04T09:22:29Z", "observaciones": "muestra de suero para solicitud de analisis", "estado_analista": "A", "estado": "A", "confirmada": true}, "pk": 61, "model": "trazabilidad.recepcion"}, {"fields": {"fecha_estado_analista": "2016-01-05T14:30:52.849Z", "fecha_radicado": "2016-01-05T14:29:08.839Z", "analista": ["prueba"], "fecha_confirmacion": "2016-01-05T14:29:08.839Z", "recepcionista": ["prueba"], "comentario": "", "observaciones_analista": "conforme", "motivo_rechazo_analista": [], "motivo_rechazo": [], "programa": 1, "fecha_recepcion": "2015-12-30T09:26:18Z", "observaciones": "muestra de suero para solicitud de analisis", "estado_analista": "A", "estado": "A", "confirmada": true}, "pk": 62, "model": "trazabilidad.recepcion"}, {"fields": {"fecha_estado_analista": "2016-01-05T14:47:54.402Z", "fecha_radicado": "2016-01-05T14:46:05.603Z", "analista": ["prueba"], "fecha_confirmacion": "2016-01-05T14:47:15.704Z", "recepcionista": ["prueba"], "comentario": "", "observaciones_analista": "conforme", "motivo_rechazo_analista": [], "motivo_rechazo": [], "programa": 1, "fecha_recepcion": "2016-01-01T09:43:57Z", "observaciones": "ingresa muestra de suero para solicitud de analisis", "estado_analista": "A", "estado": "A", "confirmada": true}, "pk": 63, "model": "trazabilidad.recepcion"}, {"fields": {"fecha_estado_analista": "2016-01-05T14:56:52.102Z", "fecha_radicado": "2016-01-05T14:54:19.553Z", "analista": ["prueba"], "fecha_confirmacion": "2016-01-05T14:55:26.916Z", "recepcionista": ["prueba"], "comentario": "", "observaciones_analista": "conforme", "motivo_rechazo_analista": [], "motivo_rechazo": [], "programa": 5, "fecha_recepcion": "2016-01-01T09:53:12Z", "observaciones": "ingresa muestra para estudio entomologico", "estado_analista": "A", "estado": "A", "confirmada": true}, "pk": 64, "model": "trazabilidad.recepcion"}, {"fields": {"fecha_estado_analista": "2016-01-05T15:05:41.255Z", "fecha_radicado": "2016-01-05T15:04:14.104Z", "analista": ["prueba"], "fecha_confirmacion": "2016-01-05T15:05:09.152Z", "recepcionista": ["prueba"], "comentario": "", "observaciones_analista": "conforme", "motivo_rechazo_analista": [], "motivo_rechazo": [], "programa": 1, "fecha_recepcion": "2016-01-04T10:02:35Z", "observaciones": "ingresa muestra de suero para analisis", "estado_analista": "A", "estado": "A", "confirmada": true}, "pk": 65, "model": "trazabilidad.recepcion"}, {"fields": {"fecha_estado_analista": "2016-01-05T22:25:53.990Z", "fecha_radicado": "2016-01-05T22:05:01.941Z", "analista": ["prueba"], "fecha_confirmacion": "2016-01-05T22:06:03.798Z", "recepcionista": ["prueba"], "comentario": "", "observaciones_analista": "", "motivo_rechazo_analista": [], "motivo_rechazo": [], "programa": 2, "fecha_recepcion": "2016-01-05T17:10:57Z", "observaciones": "todo ok", "estado_analista": "A", "estado": "A", "confirmada": true}, "pk": 66, "model": "trazabilidad.recepcion"}, {"fields": {"fecha_estado_analista": "2016-02-04T14:51:58.191Z", "fecha_radicado": "2016-01-05T22:13:03.358Z", "analista": ["prueba"], "fecha_confirmacion": "2016-01-08T22:31:54.045Z", "recepcionista": ["prueba"], "comentario": "", "observaciones_analista": "muestra mal rotulada", "motivo_rechazo_analista": [2], "motivo_rechazo": [], "programa": 2, "fecha_recepcion": "2016-01-04T17:18:35Z", "observaciones": "ok", "estado_analista": "R", "estado": "A", "confirmada": true}, "pk": 67, "model": "trazabilidad.recepcion"}, {"fields": {"fecha_estado_analista": "2016-01-19T14:03:17.943Z", "fecha_radicado": "2016-01-08T14:02:08.889Z", "analista": ["prueba"], "fecha_confirmacion": "2016-01-08T14:03:14.428Z", "recepcionista": ["prueba"], "comentario": "", "observaciones_analista": "la muestra no viene rotulado con lugar de origen, ni hora de toma de muestra", "motivo_rechazo_analista": [1], "motivo_rechazo": [], "programa": 2, "fecha_recepcion": "2016-01-07T08:02:25Z", "observaciones": "se recibe la muestra para an\u00e1lisis.", "estado_analista": "R", "estado": "A", "confirmada": true}, "pk": 68, "model": "trazabilidad.recepcion"}, {"fields": {"fecha_estado_analista": "2016-01-08T15:28:00.520Z", "fecha_radicado": "2016-01-08T14:55:40.019Z", "analista": ["prueba"], "fecha_confirmacion": "2016-01-08T14:59:56.388Z", "recepcionista": ["prueba"], "comentario": "", "observaciones_analista": "", "motivo_rechazo_analista": [], "motivo_rechazo": [], "programa": 1, "fecha_recepcion": "2016-01-08T09:50:35Z", "observaciones": "se acepta muestra, se verificara su estado posteriormente.", "estado_analista": "A", "estado": "A", "confirmada": true}, "pk": 69, "model": "trazabilidad.recepcion"}, {"fields": {"fecha_estado_analista": null, "fecha_radicado": "2016-01-08T15:08:07.609Z", "analista": null, "fecha_confirmacion": "2016-01-08T15:11:06.348Z", "recepcionista": ["prueba"], "comentario": "", "observaciones_analista": "", "motivo_rechazo_analista": [], "motivo_rechazo": [2], "programa": 1, "fecha_recepcion": "2016-01-08T10:07:05Z", "observaciones": "se rechaza la muestra.", "estado_analista": "", "estado": "R", "confirmada": true}, "pk": 70, "model": "trazabilidad.recepcion"}, {"fields": {"fecha_estado_analista": "2016-01-08T22:33:32.381Z", "fecha_radicado": "2016-01-08T16:37:16.320Z", "analista": ["prueba"], "fecha_confirmacion": "2016-01-08T16:37:16.320Z", "recepcionista": ["prueba"], "comentario": "", "observaciones_analista": "no cumple.", "motivo_rechazo_analista": [1], "motivo_rechazo": [], "programa": 4, "fecha_recepcion": "2016-01-08T11:33:45Z", "observaciones": "se acepta la muestra.", "estado_analista": "R", "estado": "A", "confirmada": true}, "pk": 71, "model": "trazabilidad.recepcion"}, {"fields": {"fecha_estado_analista": "2016-01-08T17:07:10.398Z", "fecha_radicado": "2016-01-08T17:05:53.142Z", "analista": ["prueba"], "fecha_confirmacion": "2016-01-08T17:05:53.142Z", "recepcionista": ["prueba"], "comentario": "", "observaciones_analista": "se acepta la muestra.", "motivo_rechazo_analista": [], "motivo_rechazo": [], "programa": 1, "fecha_recepcion": "2016-01-08T12:05:50Z", "observaciones": "se recibe la muestra.", "estado_analista": "A", "estado": "A", "confirmada": true}, "pk": 72, "model": "trazabilidad.recepcion"}, {"fields": {"fecha_estado_analista": "2016-01-08T17:13:29.583Z", "fecha_radicado": "2016-01-08T17:12:47.107Z", "analista": ["prueba"], "fecha_confirmacion": "2016-01-08T17:12:47.107Z", "recepcionista": ["prueba"], "comentario": "", "observaciones_analista": "se acepta.", "motivo_rechazo_analista": [], "motivo_rechazo": [], "programa": 1, "fecha_recepcion": "2016-01-08T12:11:50Z", "observaciones": "se acepta", "estado_analista": "A", "estado": "A", "confirmada": true}, "pk": 73, "model": "trazabilidad.recepcion"}, {"fields": {"fecha_estado_analista": "2016-01-18T19:56:47.404Z", "fecha_radicado": "2016-01-09T17:49:56.140Z", "analista": ["prueba"], "fecha_confirmacion": "2016-01-09T18:44:09.959Z", "recepcionista": ["prueba"], "comentario": "", "observaciones_analista": "", "motivo_rechazo_analista": [], "motivo_rechazo": [], "programa": 1, "fecha_recepcion": "2016-01-09T12:48:47Z", "observaciones": "se acepta la muestra.", "estado_analista": "A", "estado": "A", "confirmada": true}, "pk": 74, "model": "trazabilidad.recepcion"}, {"fields": {"fecha_estado_analista": "2016-02-24T15:18:03.698Z", "fecha_radicado": "2016-01-09T18:53:57.461Z", "analista": ["prueba"], "fecha_confirmacion": "2016-01-09T18:54:58.698Z", "recepcionista": ["prueba"], "comentario": "", "observaciones_analista": "", "motivo_rechazo_analista": [], "motivo_rechazo": [], "programa": 1, "fecha_recepcion": "2016-01-09T13:53:07Z", "observaciones": "se acepta parcialmente.", "estado_analista": "A", "estado": "A", "confirmada": true}, "pk": 75, "model": "trazabilidad.recepcion"}, {"fields": {"fecha_estado_analista": "2016-01-12T13:37:39.625Z", "fecha_radicado": "2016-01-12T13:35:45.239Z", "analista": ["prueba"], "fecha_confirmacion": "2016-01-12T13:37:01.085Z", "recepcionista": ["prueba"], "comentario": "", "observaciones_analista": "ingresa muestra conforme", "motivo_rechazo_analista": [], "motivo_rechazo": [], "programa": 2, "fecha_recepcion": "2016-01-12T08:33:49Z", "observaciones": "se ingresa muestra para verificaci\u00f3n ", "estado_analista": "A", "estado": "A", "confirmada": true}, "pk": 76, "model": "trazabilidad.recepcion"}, {"fields": {"fecha_estado_analista": "2016-01-18T19:55:53.404Z", "fecha_radicado": "2016-01-12T13:49:58.124Z", "analista": ["prueba"], "fecha_confirmacion": "2016-01-12T13:52:21.597Z", "recepcionista": ["prueba"], "comentario": "", "observaciones_analista": "", "motivo_rechazo_analista": [], "motivo_rechazo": [], "programa": 1, "fecha_recepcion": "2016-01-12T08:46:51Z", "observaciones": "se ingresa muestra para verificacion", "estado_analista": "A", "estado": "A", "confirmada": true}, "pk": 77, "model": "trazabilidad.recepcion"}, {"fields": {"fecha_estado_analista": "2016-01-12T14:02:19.598Z", "fecha_radicado": "2016-01-12T13:59:59.635Z", "analista": ["prueba"], "fecha_confirmacion": "2016-01-12T14:01:24.763Z", "recepcionista": ["prueba"], "comentario": "", "observaciones_analista": "", "motivo_rechazo_analista": [], "motivo_rechazo": [], "programa": 5, "fecha_recepcion": "2016-01-12T08:59:04Z", "observaciones": "ingresa muestra para verificacion", "estado_analista": "A", "estado": "A", "confirmada": true}, "pk": 78, "model": "trazabilidad.recepcion"}, {"fields": {"fecha_estado_analista": "2016-01-18T19:55:28.691Z", "fecha_radicado": "2016-01-12T14:39:06.221Z", "analista": ["prueba"], "fecha_confirmacion": "2016-01-12T14:39:06.220Z", "recepcionista": ["prueba"], "comentario": "", "observaciones_analista": "", "motivo_rechazo_analista": [], "motivo_rechazo": [], "programa": 5, "fecha_recepcion": "2016-01-12T09:37:54Z", "observaciones": "ingresa muestra parcial para verificacion", "estado_analista": "A", "estado": "A", "confirmada": true}, "pk": 79, "model": "trazabilidad.recepcion"}, {"fields": {"fecha_estado_analista": "2016-01-12T14:49:55.235Z", "fecha_radicado": "2016-01-12T14:47:45.487Z", "analista": ["prueba"], "fecha_confirmacion": "2016-01-12T14:49:08.856Z", "recepcionista": ["prueba"], "comentario": "", "observaciones_analista": "ingresa muestra para verificacion", "motivo_rechazo_analista": [], "motivo_rechazo": [], "programa": 1, "fecha_recepcion": "2016-01-12T09:45:12Z", "observaciones": "ingresa muestra para verificaci\u00f3n ", "estado_analista": "A", "estado": "A", "confirmada": true}, "pk": 80, "model": "trazabilidad.recepcion"}, {"fields": {"fecha_estado_analista": null, "fecha_radicado": "2016-01-13T19:41:01.424Z", "analista": null, "fecha_confirmacion": null, "recepcionista": ["prueba"], "comentario": "", "observaciones_analista": "", "motivo_rechazo_analista": [], "motivo_rechazo": [], "programa": 2, "fecha_recepcion": "2016-01-13T10:39:31Z", "observaciones": null, "estado_analista": "", "estado": "", "confirmada": false}, "pk": 81, "model": "trazabilidad.recepcion"}, {"fields": {"fecha_estado_analista": null, "fecha_radicado": "2016-01-13T19:41:03.241Z", "analista": null, "fecha_confirmacion": null, "recepcionista": ["prueba"], "comentario": "", "observaciones_analista": "", "motivo_rechazo_analista": [], "motivo_rechazo": [], "programa": 2, "fecha_recepcion": "2016-01-13T10:39:31Z", "observaciones": null, "estado_analista": "", "estado": "", "confirmada": false}, "pk": 82, "model": "trazabilidad.recepcion"}, {"fields": {"fecha_estado_analista": "2016-01-14T13:35:07.490Z", "fecha_radicado": "2016-01-14T13:33:12.251Z", "analista": ["prueba"], "fecha_confirmacion": "2016-01-14T13:33:12.251Z", "recepcionista": ["prueba"], "comentario": "", "observaciones_analista": "conforme", "motivo_rechazo_analista": [], "motivo_rechazo": [], "programa": 1, "fecha_recepcion": "2016-01-14T08:31:55Z", "observaciones": "ingresa muestra para verificacion", "estado_analista": "A", "estado": "A", "confirmada": true}, "pk": 83, "model": "trazabilidad.recepcion"}, {"fields": {"fecha_estado_analista": "2016-01-14T13:41:56.977Z", "fecha_radicado": "2016-01-14T13:40:58.043Z", "analista": ["prueba"], "fecha_confirmacion": "2016-01-14T13:40:58.043Z", "recepcionista": ["prueba"], "comentario": "", "observaciones_analista": "conforme", "motivo_rechazo_analista": [], "motivo_rechazo": [], "programa": 1, "fecha_recepcion": "2016-01-14T08:38:46Z", "observaciones": "ingresa muestra para verificacion", "estado_analista": "A", "estado": "A", "confirmada": true}, "pk": 84, "model": "trazabilidad.recepcion"}, {"fields": {"fecha_estado_analista": "2016-01-14T13:50:32.413Z", "fecha_radicado": "2016-01-14T13:49:29.655Z", "analista": ["prueba"], "fecha_confirmacion": "2016-01-14T13:50:08.015Z", "recepcionista": ["prueba"], "comentario": "", "observaciones_analista": "conforme", "motivo_rechazo_analista": [], "motivo_rechazo": [], "programa": 1, "fecha_recepcion": "2016-01-14T08:47:33Z", "observaciones": "ingresa muestra", "estado_analista": "A", "estado": "A", "confirmada": true}, "pk": 85, "model": "trazabilidad.recepcion"}, {"fields": {"fecha_estado_analista": "2016-01-14T15:25:31.251Z", "fecha_radicado": "2016-01-14T15:24:28.968Z", "analista": ["prueba"], "fecha_confirmacion": "2016-01-14T15:24:28.967Z", "recepcionista": ["prueba"], "comentario": "", "observaciones_analista": "conforme", "motivo_rechazo_analista": [], "motivo_rechazo": [], "programa": 1, "fecha_recepcion": "2016-01-14T10:14:59Z", "observaciones": "conforme", "estado_analista": "A", "estado": "A", "confirmada": true}, "pk": 86, "model": "trazabilidad.recepcion"}, {"fields": {"fecha_estado_analista": "2016-01-14T15:30:04.141Z", "fecha_radicado": "2016-01-14T15:28:51.918Z", "analista": ["prueba"], "fecha_confirmacion": "2016-01-14T15:28:51.918Z", "recepcionista": ["prueba"], "comentario": "", "observaciones_analista": "conforme", "motivo_rechazo_analista": [], "motivo_rechazo": [], "programa": 1, "fecha_recepcion": "2016-01-14T10:27:27Z", "observaciones": "ingresa muestra", "estado_analista": "A", "estado": "A", "confirmada": true}, "pk": 87, "model": "trazabilidad.recepcion"}, {"fields": {"fecha_estado_analista": "2016-01-14T16:27:15.977Z", "fecha_radicado": "2016-01-14T16:25:44.769Z", "analista": ["prueba"], "fecha_confirmacion": "2016-01-14T16:25:44.769Z", "recepcionista": ["prueba"], "comentario": "", "observaciones_analista": "uulill", "motivo_rechazo_analista": [], "motivo_rechazo": [], "programa": 1, "fecha_recepcion": "2016-01-14T11:24:15Z", "observaciones": "jwddd", "estado_analista": "A", "estado": "A", "confirmada": true}, "pk": 88, "model": "trazabilidad.recepcion"}, {"fields": {"fecha_estado_analista": "2016-01-14T16:45:26.821Z", "fecha_radicado": "2016-01-14T16:44:49.224Z", "analista": ["prueba"], "fecha_confirmacion": "2016-01-14T16:44:49.224Z", "recepcionista": ["prueba"], "comentario": "", "observaciones_analista": "xs", "motivo_rechazo_analista": [], "motivo_rechazo": [], "programa": 1, "fecha_recepcion": "2016-01-14T11:43:20Z", "observaciones": "dss", "estado_analista": "A", "estado": "A", "confirmada": true}, "pk": 89, "model": "trazabilidad.recepcion"}, {"fields": {"fecha_estado_analista": null, "fecha_radicado": "2016-01-16T16:24:59.868Z", "analista": null, "fecha_confirmacion": null, "recepcionista": ["prueba"], "comentario": "", "observaciones_analista": "", "motivo_rechazo_analista": [], "motivo_rechazo": [], "programa": 1, "fecha_recepcion": "2016-01-16T11:22:26Z", "observaciones": "assdfj", "estado_analista": "", "estado": "A", "confirmada": false}, "pk": 90, "model": "trazabilidad.recepcion"}, {"fields": {"fecha_estado_analista": "2016-01-18T15:48:36.140Z", "fecha_radicado": "2016-01-18T15:46:40.637Z", "analista": ["prueba"], "fecha_confirmacion": "2016-01-18T15:47:49.875Z", "recepcionista": ["prueba"], "comentario": "", "observaciones_analista": "", "motivo_rechazo_analista": [], "motivo_rechazo": [], "programa": 1, "fecha_recepcion": "2016-01-18T15:43:56Z", "observaciones": "ingresa muestra para verificacion", "estado_analista": "A", "estado": "A", "confirmada": true}, "pk": 91, "model": "trazabilidad.recepcion"}, {"fields": {"fecha_estado_analista": "2016-01-18T15:55:13.550Z", "fecha_radicado": "2016-01-18T15:53:10.707Z", "analista": ["prueba"], "fecha_confirmacion": "2016-01-18T15:54:37.888Z", "recepcionista": ["prueba"], "comentario": "", "observaciones_analista": "", "motivo_rechazo_analista": [], "motivo_rechazo": [], "programa": 1, "fecha_recepcion": "2016-01-17T15:51:14Z", "observaciones": "ingresa muestra", "estado_analista": "A", "estado": "A", "confirmada": true}, "pk": 92, "model": "trazabilidad.recepcion"}, {"fields": {"fecha_estado_analista": "2016-01-18T15:59:44.094Z", "fecha_radicado": "2016-01-18T15:58:02.825Z", "analista": ["prueba"], "fecha_confirmacion": "2016-01-18T15:59:10.841Z", "recepcionista": ["prueba"], "comentario": "", "observaciones_analista": "", "motivo_rechazo_analista": [], "motivo_rechazo": [], "programa": 1, "fecha_recepcion": "2016-01-18T15:56:12Z", "observaciones": "ingresa muestra para estudio ", "estado_analista": "A", "estado": "A", "confirmada": true}, "pk": 93, "model": "trazabilidad.recepcion"}, {"fields": {"fecha_estado_analista": "2016-01-18T19:56:28.044Z", "fecha_radicado": "2016-01-18T19:53:53.199Z", "analista": ["prueba"], "fecha_confirmacion": "2016-01-18T19:54:57.104Z", "recepcionista": ["prueba"], "comentario": "", "observaciones_analista": "", "motivo_rechazo_analista": [], "motivo_rechazo": [], "programa": 2, "fecha_recepcion": "2016-01-18T19:51:32Z", "observaciones": "ingresa muestra de agua para an\u00e1lisis de calidad", "estado_analista": "A", "estado": "A", "confirmada": true}, "pk": 94, "model": "trazabilidad.recepcion"}, {"fields": {"fecha_estado_analista": "2016-01-19T02:15:51.906Z", "fecha_radicado": "2016-01-19T02:14:05.781Z", "analista": ["prueba"], "fecha_confirmacion": "2016-01-19T02:15:21.086Z", "recepcionista": ["prueba"], "comentario": "", "observaciones_analista": "", "motivo_rechazo_analista": [], "motivo_rechazo": [], "programa": 1, "fecha_recepcion": "2016-01-19T07:11:41Z", "observaciones": "ingresa muestra", "estado_analista": "A", "estado": "A", "confirmada": true}, "pk": 95, "model": "trazabilidad.recepcion"}, {"fields": {"fecha_estado_analista": "2016-01-19T13:49:43.071Z", "fecha_radicado": "2016-01-19T13:47:27.958Z", "analista": ["prueba"], "fecha_confirmacion": "2016-01-19T13:48:57.268Z", "recepcionista": ["prueba"], "comentario": "", "observaciones_analista": "", "motivo_rechazo_analista": [], "motivo_rechazo": [], "programa": 1, "fecha_recepcion": "2016-01-19T13:44:43Z", "observaciones": "ingresa muestra para analisis", "estado_analista": "A", "estado": "A", "confirmada": true}, "pk": 96, "model": "trazabilidad.recepcion"}, {"fields": {"fecha_estado_analista": "2016-01-19T14:26:45.509Z", "fecha_radicado": "2016-01-19T14:25:44.229Z", "analista": ["prueba"], "fecha_confirmacion": "2016-01-19T14:25:44.229Z", "recepcionista": ["prueba"], "comentario": "", "observaciones_analista": "", "motivo_rechazo_analista": [], "motivo_rechazo": [], "programa": 5, "fecha_recepcion": "2016-01-19T14:23:43Z", "observaciones": "ingresa muestra para analisis", "estado_analista": "A", "estado": "A", "confirmada": true}, "pk": 97, "model": "trazabilidad.recepcion"}, {"fields": {"fecha_estado_analista": null, "fecha_radicado": "2016-01-19T16:44:03.837Z", "analista": null, "fecha_confirmacion": null, "recepcionista": ["prueba"], "comentario": "", "observaciones_analista": "", "motivo_rechazo_analista": [], "motivo_rechazo": [1, 2], "programa": 1, "fecha_recepcion": "2016-01-19T16:42:39Z", "observaciones": "\u00b4ko,k,ikj", "estado_analista": "", "estado": "R", "confirmada": false}, "pk": 98, "model": "trazabilidad.recepcion"}, {"fields": {"fecha_estado_analista": null, "fecha_radicado": "2016-01-20T21:47:46.821Z", "analista": null, "fecha_confirmacion": null, "recepcionista": ["prueba"], "comentario": "", "observaciones_analista": "", "motivo_rechazo_analista": [], "motivo_rechazo": [1], "programa": 1, "fecha_recepcion": "2016-01-20T21:47:03Z", "observaciones": "asdfasdf", "estado_analista": "", "estado": "R", "confirmada": false}, "pk": 99, "model": "trazabilidad.recepcion"}, {"fields": {"fecha_estado_analista": "2016-01-21T14:33:55.194Z", "fecha_radicado": "2016-01-21T14:30:26.106Z", "analista": ["prueba"], "fecha_confirmacion": "2016-01-21T14:30:26.105Z", "recepcionista": ["prueba"], "comentario": "", "observaciones_analista": "", "motivo_rechazo_analista": [], "motivo_rechazo": [], "programa": 1, "fecha_recepcion": "2016-01-21T14:27:50Z", "observaciones": "ingresa muestra para analisis", "estado_analista": "A", "estado": "A", "confirmada": true}, "pk": 100, "model": "trazabilidad.recepcion"}, {"fields": {"fecha_estado_analista": "2016-01-22T14:22:37.570Z", "fecha_radicado": "2016-01-22T14:21:13.973Z", "analista": ["prueba"], "fecha_confirmacion": "2016-01-22T14:21:13.968Z", "recepcionista": ["prueba"], "comentario": "", "observaciones_analista": "", "motivo_rechazo_analista": [], "motivo_rechazo": [], "programa": 1, "fecha_recepcion": "2016-01-22T14:19:42Z", "observaciones": "ingresa muestra para procesamiento", "estado_analista": "A", "estado": "A", "confirmada": true}, "pk": 101, "model": "trazabilidad.recepcion"}, {"fields": {"fecha_estado_analista": "2016-01-22T14:32:52.576Z", "fecha_radicado": "2016-01-22T14:30:13.259Z", "analista": ["prueba"], "fecha_confirmacion": "2016-01-22T14:30:13.258Z", "recepcionista": ["prueba"], "comentario": "", "observaciones_analista": "", "motivo_rechazo_analista": [], "motivo_rechazo": [], "programa": 1, "fecha_recepcion": "2016-01-22T14:23:18Z", "observaciones": "ingresa muestra para procesamiento", "estado_analista": "A", "estado": "A", "confirmada": true}, "pk": 102, "model": "trazabilidad.recepcion"}, {"fields": {"fecha_estado_analista": "2016-01-22T20:45:00.031Z", "fecha_radicado": "2016-01-22T20:38:42.091Z", "analista": ["prueba"], "fecha_confirmacion": "2016-01-22T20:43:41.513Z", "recepcionista": ["prueba"], "comentario": "", "observaciones_analista": "", "motivo_rechazo_analista": [], "motivo_rechazo": [], "programa": 1, "fecha_recepcion": "2016-01-22T20:34:13Z", "observaciones": null, "estado_analista": "A", "estado": "A", "confirmada": true}, "pk": 103, "model": "trazabilidad.recepcion"}, {"fields": {"fecha_estado_analista": "2016-01-25T13:36:27.901Z", "fecha_radicado": "2016-01-25T13:31:46.099Z", "analista": ["prueba"], "fecha_confirmacion": "2016-01-25T13:31:46.086Z", "recepcionista": ["prueba"], "comentario": "", "observaciones_analista": "", "motivo_rechazo_analista": [], "motivo_rechazo": [], "programa": 1, "fecha_recepcion": "2016-01-25T13:27:46Z", "observaciones": null, "estado_analista": "A", "estado": "A", "confirmada": true}, "pk": 104, "model": "trazabilidad.recepcion"}, {"fields": {"fecha_estado_analista": "2016-01-26T14:09:45.071Z", "fecha_radicado": "2016-01-26T14:08:30.661Z", "analista": ["prueba"], "fecha_confirmacion": "2016-01-26T14:09:12.055Z", "recepcionista": ["prueba"], "comentario": "", "observaciones_analista": "", "motivo_rechazo_analista": [], "motivo_rechazo": [], "programa": 1, "fecha_recepcion": "2016-01-26T14:14:03Z", "observaciones": null, "estado_analista": "A", "estado": "A", "confirmada": true}, "pk": 105, "model": "trazabilidad.recepcion"}, {"fields": {"fecha_estado_analista": "2016-01-27T22:40:50.056Z", "fecha_radicado": "2016-01-27T22:40:12.697Z", "analista": ["prueba"], "fecha_confirmacion": "2016-01-27T22:40:12.696Z", "recepcionista": ["prueba"], "comentario": "", "observaciones_analista": "", "motivo_rechazo_analista": [], "motivo_rechazo": [], "programa": 2, "fecha_recepcion": "2016-01-27T22:38:46Z", "observaciones": null, "estado_analista": "A", "estado": "A", "confirmada": true}, "pk": 106, "model": "trazabilidad.recepcion"}, {"fields": {"fecha_estado_analista": "2016-01-28T15:26:37.739Z", "fecha_radicado": "2016-01-28T15:25:52.347Z", "analista": ["prueba"], "fecha_confirmacion": "2016-01-28T15:25:52.346Z", "recepcionista": ["prueba"], "comentario": "", "observaciones_analista": "", "motivo_rechazo_analista": [], "motivo_rechazo": [], "programa": 1, "fecha_recepcion": "2016-01-28T15:24:20Z", "observaciones": null, "estado_analista": "A", "estado": "A", "confirmada": true}, "pk": 107, "model": "trazabilidad.recepcion"}, {"fields": {"fecha_estado_analista": "2016-01-28T15:42:41.519Z", "fecha_radicado": "2016-01-28T15:42:07.276Z", "analista": ["prueba"], "fecha_confirmacion": "2016-01-28T15:42:07.276Z", "recepcionista": ["prueba"], "comentario": "", "observaciones_analista": "", "motivo_rechazo_analista": [], "motivo_rechazo": [], "programa": 1, "fecha_recepcion": "2016-01-28T15:40:51Z", "observaciones": null, "estado_analista": "A", "estado": "A", "confirmada": true}, "pk": 108, "model": "trazabilidad.recepcion"}, {"fields": {"fecha_estado_analista": null, "fecha_radicado": "2016-01-28T20:16:10.008Z", "analista": null, "fecha_confirmacion": "2016-01-28T20:16:10.006Z", "recepcionista": ["prueba"], "comentario": "", "observaciones_analista": "", "motivo_rechazo_analista": [], "motivo_rechazo": [], "programa": 2, "fecha_recepcion": "2016-01-28T20:13:35Z", "observaciones": null, "estado_analista": "", "estado": "", "confirmada": true}, "pk": 109, "model": "trazabilidad.recepcion"}, {"fields": {"fecha_estado_analista": "2016-01-28T20:27:30.966Z", "fecha_radicado": "2016-01-28T20:17:59.609Z", "analista": ["prueba"], "fecha_confirmacion": "2016-01-28T20:17:59.608Z", "recepcionista": ["prueba"], "comentario": "", "observaciones_analista": "", "motivo_rechazo_analista": [], "motivo_rechazo": [], "programa": 2, "fecha_recepcion": "2016-01-28T20:17:54Z", "observaciones": null, "estado_analista": "A", "estado": "A", "confirmada": true}, "pk": 110, "model": "trazabilidad.recepcion"}, {"fields": {"fecha_estado_analista": "2016-02-01T16:22:21.932Z", "fecha_radicado": "2016-02-01T16:21:43.154Z", "analista": ["prueba"], "fecha_confirmacion": "2016-02-01T16:21:43.153Z", "recepcionista": ["prueba"], "comentario": "", "observaciones_analista": "", "motivo_rechazo_analista": [], "motivo_rechazo": [], "programa": 1, "fecha_recepcion": "2016-02-01T16:19:59Z", "observaciones": null, "estado_analista": "A", "estado": "A", "confirmada": true}, "pk": 111, "model": "trazabilidad.recepcion"}, {"fields": {"fecha_estado_analista": "2016-02-01T16:47:56.051Z", "fecha_radicado": "2016-02-01T16:47:34.137Z", "analista": ["prueba"], "fecha_confirmacion": "2016-02-01T16:47:34.136Z", "recepcionista": ["prueba"], "comentario": "", "observaciones_analista": "", "motivo_rechazo_analista": [], "motivo_rechazo": [], "programa": 1, "fecha_recepcion": "2016-02-01T16:46:04Z", "observaciones": null, "estado_analista": "A", "estado": "A", "confirmada": true}, "pk": 112, "model": "trazabilidad.recepcion"}, {"fields": {"fecha_estado_analista": "2016-02-02T15:06:39.279Z", "fecha_radicado": "2016-02-02T15:06:07.402Z", "analista": ["prueba"], "fecha_confirmacion": "2016-02-02T15:06:07.401Z", "recepcionista": ["prueba"], "comentario": "", "observaciones_analista": "", "motivo_rechazo_analista": [], "motivo_rechazo": [], "programa": 1, "fecha_recepcion": "2016-02-02T15:04:14Z", "observaciones": null, "estado_analista": "A", "estado": "A", "confirmada": true}, "pk": 113, "model": "trazabilidad.recepcion"}, {"fields": {"fecha_estado_analista": "2016-02-02T16:44:24.070Z", "fecha_radicado": "2016-02-02T16:43:21.139Z", "analista": ["prueba"], "fecha_confirmacion": "2016-02-02T16:43:21.139Z", "recepcionista": ["prueba"], "comentario": "", "observaciones_analista": "", "motivo_rechazo_analista": [], "motivo_rechazo": [], "programa": 1, "fecha_recepcion": "2016-02-02T16:42:08Z", "observaciones": null, "estado_analista": "A", "estado": "A", "confirmada": true}, "pk": 114, "model": "trazabilidad.recepcion"}, {"fields": {"fecha_estado_analista": null, "fecha_radicado": "2016-02-04T14:48:45.741Z", "analista": null, "fecha_confirmacion": "2016-02-04T14:48:45.740Z", "recepcionista": ["prueba"], "comentario": "", "observaciones_analista": "", "motivo_rechazo_analista": [], "motivo_rechazo": [1], "programa": 1, "fecha_recepcion": "2016-02-04T14:45:43Z", "observaciones": "muestra lcr", "estado_analista": "", "estado": "R", "confirmada": true}, "pk": 115, "model": "trazabilidad.recepcion"}, {"fields": {"fecha_estado_analista": "2016-02-04T15:03:13.332Z", "fecha_radicado": "2016-02-04T15:02:25.444Z", "analista": ["prueba"], "fecha_confirmacion": "2016-02-04T15:02:25.444Z", "recepcionista": ["prueba"], "comentario": "", "observaciones_analista": "", "motivo_rechazo_analista": [], "motivo_rechazo": [], "programa": 1, "fecha_recepcion": "2016-02-04T15:00:27Z", "observaciones": "ingresa muestra de suero ", "estado_analista": "A", "estado": "A", "confirmada": true}, "pk": 116, "model": "trazabilidad.recepcion"}, {"fields": {"fecha_estado_analista": "2016-02-05T14:20:30.056Z", "fecha_radicado": "2016-02-05T14:20:08.560Z", "analista": ["prueba"], "fecha_confirmacion": "2016-02-05T14:20:08.559Z", "recepcionista": ["prueba"], "comentario": "", "observaciones_analista": "", "motivo_rechazo_analista": [], "motivo_rechazo": [], "programa": 1, "fecha_recepcion": "2016-02-05T14:18:19Z", "observaciones": null, "estado_analista": "A", "estado": "A", "confirmada": true}, "pk": 117, "model": "trazabilidad.recepcion"}, {"fields": {"fecha_estado_analista": "2016-02-05T19:55:37.932Z", "fecha_radicado": "2016-02-05T19:55:12.930Z", "analista": ["prueba"], "fecha_confirmacion": "2016-02-05T19:55:12.929Z", "recepcionista": ["prueba"], "comentario": "", "observaciones_analista": "", "motivo_rechazo_analista": [], "motivo_rechazo": [], "programa": 1, "fecha_recepcion": "2016-02-05T19:53:26Z", "observaciones": null, "estado_analista": "A", "estado": "A", "confirmada": true}, "pk": 118, "model": "trazabilidad.recepcion"}, {"fields": {"fecha_estado_analista": "2016-02-12T13:43:16.699Z", "fecha_radicado": "2016-02-12T13:28:12.424Z", "analista": ["prueba"], "fecha_confirmacion": "2016-02-12T13:28:12.423Z", "recepcionista": ["prueba"], "comentario": "", "observaciones_analista": "", "motivo_rechazo_analista": [], "motivo_rechazo": [], "programa": 1, "fecha_recepcion": "2016-02-12T13:25:02Z", "observaciones": null, "estado_analista": "A", "estado": "A", "confirmada": true}, "pk": 119, "model": "trazabilidad.recepcion"}, {"fields": {"fecha_estado_analista": "2016-02-12T15:39:52.651Z", "fecha_radicado": "2016-02-12T15:38:55.609Z", "analista": ["prueba"], "fecha_confirmacion": "2016-02-12T15:38:55.608Z", "recepcionista": ["prueba"], "comentario": "", "observaciones_analista": "", "motivo_rechazo_analista": [], "motivo_rechazo": [], "programa": 2, "fecha_recepcion": "2016-02-12T15:29:35Z", "observaciones": null, "estado_analista": "A", "estado": "A", "confirmada": true}, "pk": 120, "model": "trazabilidad.recepcion"}, {"fields": {"fecha_estado_analista": "2016-02-13T16:10:47.084Z", "fecha_radicado": "2016-02-13T16:10:24.493Z", "analista": ["prueba"], "fecha_confirmacion": "2016-02-13T16:10:24.492Z", "recepcionista": ["prueba"], "comentario": "", "observaciones_analista": "", "motivo_rechazo_analista": [], "motivo_rechazo": [], "programa": 2, "fecha_recepcion": "2016-02-13T16:09:26Z", "observaciones": null, "estado_analista": "A", "estado": "A", "confirmada": true}, "pk": 121, "model": "trazabilidad.recepcion"}, {"fields": {"fecha_estado_analista": "2016-02-16T20:34:33.781Z", "fecha_radicado": "2016-02-16T20:29:54.696Z", "analista": ["prueba"], "fecha_confirmacion": "2016-02-16T20:29:54.695Z", "recepcionista": ["prueba"], "comentario": "", "observaciones_analista": "", "motivo_rechazo_analista": [], "motivo_rechazo": [], "programa": 2, "fecha_recepcion": "2016-02-16T20:25:16Z", "observaciones": null, "estado_analista": "A", "estado": "A", "confirmada": true}, "pk": 122, "model": "trazabilidad.recepcion"}, {"fields": {"fecha_estado_analista": "2016-02-16T20:47:53.015Z", "fecha_radicado": "2016-02-16T20:43:34.608Z", "analista": ["prueba"], "fecha_confirmacion": "2016-02-16T20:47:33.488Z", "recepcionista": ["prueba"], "comentario": "", "observaciones_analista": "", "motivo_rechazo_analista": [], "motivo_rechazo": [], "programa": 2, "fecha_recepcion": "2016-02-16T20:42:36Z", "observaciones": "sdasdad", "estado_analista": "A", "estado": "A", "confirmada": true}, "pk": 123, "model": "trazabilidad.recepcion"}, {"fields": {"fecha_estado_analista": "2016-02-17T15:48:44.676Z", "fecha_radicado": "2016-02-17T15:46:36.686Z", "analista": ["prueba"], "fecha_confirmacion": "2016-02-17T15:46:36.685Z", "recepcionista": ["prueba"], "comentario": "", "observaciones_analista": "", "motivo_rechazo_analista": [], "motivo_rechazo": [], "programa": 1, "fecha_recepcion": "2016-02-17T15:44:31Z", "observaciones": null, "estado_analista": "A", "estado": "A", "confirmada": true}, "pk": 124, "model": "trazabilidad.recepcion"}, {"fields": {"fecha_estado_analista": "2016-02-18T20:40:03.100Z", "fecha_radicado": "2016-02-18T20:35:07.124Z", "analista": ["prueba"], "fecha_confirmacion": "2016-02-18T20:38:19.194Z", "recepcionista": ["prueba"], "comentario": "", "observaciones_analista": "", "motivo_rechazo_analista": [], "motivo_rechazo": [], "programa": 1, "fecha_recepcion": "2016-02-18T20:32:42Z", "observaciones": null, "estado_analista": "A", "estado": "A", "confirmada": true}, "pk": 125, "model": "trazabilidad.recepcion"}, {"fields": {"fecha_estado_analista": "2016-02-18T20:59:34.806Z", "fecha_radicado": "2016-02-18T20:58:24.165Z", "analista": ["prueba"], "fecha_confirmacion": "2016-02-18T20:58:24.165Z", "recepcionista": ["prueba"], "comentario": "", "observaciones_analista": "", "motivo_rechazo_analista": [], "motivo_rechazo": [], "programa": 1, "fecha_recepcion": "2016-02-18T20:58:24Z", "observaciones": null, "estado_analista": "A", "estado": "A", "confirmada": true}, "pk": 126, "model": "trazabilidad.recepcion"}, {"fields": {"fecha_estado_analista": "2016-02-18T21:25:24.857Z", "fecha_radicado": "2016-02-18T21:23:21.840Z", "analista": ["prueba"], "fecha_confirmacion": "2016-02-18T21:23:21.839Z", "recepcionista": ["prueba"], "comentario": "", "observaciones_analista": "", "motivo_rechazo_analista": [], "motivo_rechazo": [], "programa": 2, "fecha_recepcion": "2016-02-18T21:18:08Z", "observaciones": null, "estado_analista": "A", "estado": "A", "confirmada": true}, "pk": 127, "model": "trazabilidad.recepcion"}, {"fields": {"fecha_estado_analista": "2016-02-22T13:54:42.017Z", "fecha_radicado": "2016-02-22T13:53:20.543Z", "analista": ["prueba"], "fecha_confirmacion": "2016-02-22T13:53:20.542Z", "recepcionista": ["prueba"], "comentario": "", "observaciones_analista": "", "motivo_rechazo_analista": [], "motivo_rechazo": [], "programa": 1, "fecha_recepcion": "2016-02-22T13:49:09Z", "observaciones": null, "estado_analista": "A", "estado": "A", "confirmada": true}, "pk": 128, "model": "trazabilidad.recepcion"}, {"fields": {"fecha_estado_analista": null, "fecha_radicado": "2016-02-23T14:17:21.849Z", "analista": null, "fecha_confirmacion": "2016-02-23T14:17:21.848Z", "recepcionista": ["prueba"], "comentario": "", "observaciones_analista": "", "motivo_rechazo_analista": [], "motivo_rechazo": [3], "programa": 1, "fecha_recepcion": "2016-02-23T14:02:33Z", "observaciones": "muestra hemolizada", "estado_analista": "", "estado": "R", "confirmada": true}, "pk": 129, "model": "trazabilidad.recepcion"}, {"fields": {"fecha_estado_analista": "2016-02-23T14:26:36.502Z", "fecha_radicado": "2016-02-23T14:24:58.933Z", "analista": ["prueba"], "fecha_confirmacion": "2016-02-23T14:24:58.932Z", "recepcionista": ["prueba"], "comentario": "se recomienda recoger nueva muestra", "observaciones_analista": "muestra lipemica", "motivo_rechazo_analista": [3], "motivo_rechazo": [], "programa": 1, "fecha_recepcion": "2016-02-23T14:20:12Z", "observaciones": null, "estado_analista": "R", "estado": "A", "confirmada": true}, "pk": 130, "model": "trazabilidad.recepcion"}, {"fields": {"fecha_estado_analista": null, "fecha_radicado": "2016-02-24T15:15:18.729Z", "analista": null, "fecha_confirmacion": "2016-02-24T15:15:18.728Z", "recepcionista": ["prueba"], "comentario": "", "observaciones_analista": "", "motivo_rechazo_analista": [], "motivo_rechazo": [], "programa": 2, "fecha_recepcion": "2016-02-23T12:00:59Z", "observaciones": null, "estado_analista": "", "estado": "A", "confirmada": true}, "pk": 131, "model": "trazabilidad.recepcion"}, {"fields": {"fecha_estado_analista": "2016-02-29T16:21:10.411Z", "fecha_radicado": "2016-02-29T16:20:06.421Z", "analista": ["prueba"], "fecha_confirmacion": "2016-02-29T16:20:06.420Z", "recepcionista": ["prueba"], "comentario": "", "observaciones_analista": "", "motivo_rechazo_analista": [], "motivo_rechazo": [], "programa": 5, "fecha_recepcion": "2016-02-29T16:18:59Z", "observaciones": "cn", "estado_analista": "A", "estado": "A", "confirmada": true}, "pk": 132, "model": "trazabilidad.recepcion"}, {"fields": {"fecha_estado_analista": "2016-03-02T15:04:02.347Z", "fecha_radicado": "2016-03-02T15:03:11.989Z", "analista": ["prueba"], "fecha_confirmacion": "2016-03-02T15:03:11.988Z", "recepcionista": ["prueba"], "comentario": "", "observaciones_analista": "", "motivo_rechazo_analista": [], "motivo_rechazo": [], "programa": 5, "fecha_recepcion": "2016-03-02T15:00:05Z", "observaciones": null, "estado_analista": "A", "estado": "A", "confirmada": true}, "pk": 133, "model": "trazabilidad.recepcion"}, {"fields": {"fecha_estado_analista": "2016-03-08T14:04:56.929Z", "fecha_radicado": "2016-03-08T14:03:35.628Z", "analista": ["prueba"], "fecha_confirmacion": "2016-03-08T14:03:35.627Z", "recepcionista": ["prueba"], "comentario": "", "observaciones_analista": "", "motivo_rechazo_analista": [], "motivo_rechazo": [], "programa": 1, "fecha_recepcion": "2016-03-08T13:59:30Z", "observaciones": null, "estado_analista": "A", "estado": "A", "confirmada": true}, "pk": 134, "model": "trazabilidad.recepcion"}, {"fields": {"fecha_estado_analista": "2016-03-08T14:24:25.526Z", "fecha_radicado": "2016-03-08T14:23:12.682Z", "analista": ["prueba"], "fecha_confirmacion": "2016-03-08T14:23:12.681Z", "recepcionista": ["prueba"], "comentario": "", "observaciones_analista": "", "motivo_rechazo_analista": [], "motivo_rechazo": [], "programa": 1, "fecha_recepcion": "2016-03-08T14:21:47Z", "observaciones": null, "estado_analista": "A", "estado": "A", "confirmada": true}, "pk": 135, "model": "trazabilidad.recepcion"}, {"fields": {"fecha_estado_analista": null, "fecha_radicado": "2016-03-08T15:17:09.953Z", "analista": null, "fecha_confirmacion": "2016-03-08T15:17:09.952Z", "recepcionista": ["prueba"], "comentario": "", "observaciones_analista": "", "motivo_rechazo_analista": [], "motivo_rechazo": [], "programa": 2, "fecha_recepcion": "2016-03-08T15:08:41Z", "observaciones": null, "estado_analista": "", "estado": "A", "confirmada": true}, "pk": 136, "model": "trazabilidad.recepcion"}, {"fields": {"fecha_estado_analista": null, "fecha_radicado": "2016-03-08T16:15:16.692Z", "analista": null, "fecha_confirmacion": "2016-03-08T16:15:16.691Z", "recepcionista": ["prueba"], "comentario": "", "observaciones_analista": "", "motivo_rechazo_analista": [], "motivo_rechazo": [], "programa": 3, "fecha_recepcion": "2016-03-08T16:13:46Z", "observaciones": null, "estado_analista": "", "estado": "A", "confirmada": true}, "pk": 137, "model": "trazabilidad.recepcion"}, {"fields": {"fecha_estado_analista": "2016-03-09T14:43:06.082Z", "fecha_radicado": "2016-03-09T14:39:54.687Z", "analista": ["prueba"], "fecha_confirmacion": "2016-03-09T14:39:54.686Z", "recepcionista": ["prueba"], "comentario": "", "observaciones_analista": "", "motivo_rechazo_analista": [], "motivo_rechazo": [], "programa": 1, "fecha_recepcion": "2016-03-09T14:06:13Z", "observaciones": null, "estado_analista": "A", "estado": "A", "confirmada": true}, "pk": 138, "model": "trazabilidad.recepcion"}, {"fields": {"fecha_estado_analista": "2016-03-09T16:18:49.506Z", "fecha_radicado": "2016-03-09T16:18:11.623Z", "analista": ["prueba"], "fecha_confirmacion": "2016-03-09T16:18:11.622Z", "recepcionista": ["prueba"], "comentario": "", "observaciones_analista": "", "motivo_rechazo_analista": [], "motivo_rechazo": [], "programa": 1, "fecha_recepcion": "2016-03-09T16:15:46Z", "observaciones": null, "estado_analista": "A", "estado": "A", "confirmada": true}, "pk": 139, "model": "trazabilidad.recepcion"}, {"fields": {"observacion": " CN", "registro_recepcion": 1, "polymorphic_ctype": ["trazabilidad", "clinica"]}, "pk": 1, "model": "trazabilidad.muestra"}, {"fields": {"observacion": " ", "registro_recepcion": 2, "polymorphic_ctype": ["trazabilidad", "clinica"]}, "pk": 2, "model": "trazabilidad.muestra"}, {"fields": {"observacion": " ", "registro_recepcion": 3, "polymorphic_ctype": ["trazabilidad", "clinica"]}, "pk": 3, "model": "trazabilidad.muestra"}, {"fields": {"observacion": " ", "registro_recepcion": 4, "polymorphic_ctype": ["trazabilidad", "agua"]}, "pk": 4, "model": "trazabilidad.muestra"}, {"fields": {"observacion": " ", "registro_recepcion": 5, "polymorphic_ctype": ["trazabilidad", "agua"]}, "pk": 5, "model": "trazabilidad.muestra"}, {"fields": {"observacion": " ", "registro_recepcion": 6, "polymorphic_ctype": ["trazabilidad", "clinica"]}, "pk": 6, "model": "trazabilidad.muestra"}, {"fields": {"observacion": " ", "registro_recepcion": 7, "polymorphic_ctype": ["trazabilidad", "agua"]}, "pk": 7, "model": "trazabilidad.muestra"}, {"fields": {"observacion": " ", "registro_recepcion": 7, "polymorphic_ctype": ["trazabilidad", "agua"]}, "pk": 8, "model": "trazabilidad.muestra"}, {"fields": {"observacion": " ", "registro_recepcion": 8, "polymorphic_ctype": ["trazabilidad", "clinica"]}, "pk": 9, "model": "trazabilidad.muestra"}, {"fields": {"observacion": " ", "registro_recepcion": 9, "polymorphic_ctype": ["trazabilidad", "entomologia"]}, "pk": 10, "model": "trazabilidad.muestra"}, {"fields": {"observacion": " ", "registro_recepcion": 10, "polymorphic_ctype": ["trazabilidad", "citohistopatologia"]}, "pk": 11, "model": "trazabilidad.muestra"}, {"fields": {"observacion": " ", "registro_recepcion": 11, "polymorphic_ctype": ["trazabilidad", "citohistopatologia"]}, "pk": 12, "model": "trazabilidad.muestra"}, {"fields": {"observacion": " ", "registro_recepcion": 12, "polymorphic_ctype": ["trazabilidad", "citohistopatologia"]}, "pk": 13, "model": "trazabilidad.muestra"}, {"fields": {"observacion": " ", "registro_recepcion": 13, "polymorphic_ctype": ["trazabilidad", "entomologia"]}, "pk": 14, "model": "trazabilidad.muestra"}, {"fields": {"observacion": " ", "registro_recepcion": 14, "polymorphic_ctype": ["trazabilidad", "entomologia"]}, "pk": 15, "model": "trazabilidad.muestra"}, {"fields": {"observacion": " ", "registro_recepcion": 15, "polymorphic_ctype": ["trazabilidad", "clinica"]}, "pk": 16, "model": "trazabilidad.muestra"}, {"fields": {"observacion": " ", "registro_recepcion": 16, "polymorphic_ctype": ["trazabilidad", "bancosangre"]}, "pk": 17, "model": "trazabilidad.muestra"}, {"fields": {"observacion": " ", "registro_recepcion": 17, "polymorphic_ctype": ["trazabilidad", "bancosangre"]}, "pk": 18, "model": "trazabilidad.muestra"}, {"fields": {"observacion": " ", "registro_recepcion": 18, "polymorphic_ctype": ["trazabilidad", "clinica"]}, "pk": 19, "model": "trazabilidad.muestra"}, {"fields": {"observacion": " ", "registro_recepcion": 19, "polymorphic_ctype": ["trazabilidad", "entomologia"]}, "pk": 20, "model": "trazabilidad.muestra"}, {"fields": {"observacion": " ", "registro_recepcion": 20, "polymorphic_ctype": ["trazabilidad", "citohistopatologia"]}, "pk": 21, "model": "trazabilidad.muestra"}, {"fields": {"observacion": " ", "registro_recepcion": 21, "polymorphic_ctype": ["trazabilidad", "clinica"]}, "pk": 22, "model": "trazabilidad.muestra"}, {"fields": {"observacion": " ", "registro_recepcion": 22, "polymorphic_ctype": ["trazabilidad", "clinica"]}, "pk": 23, "model": "trazabilidad.muestra"}, {"fields": {"observacion": " ", "registro_recepcion": 23, "polymorphic_ctype": ["trazabilidad", "clinica"]}, "pk": 24, "model": "trazabilidad.muestra"}, {"fields": {"observacion": " ", "registro_recepcion": 24, "polymorphic_ctype": ["trazabilidad", "clinica"]}, "pk": 25, "model": "trazabilidad.muestra"}, {"fields": {"observacion": " ", "registro_recepcion": 25, "polymorphic_ctype": ["trazabilidad", "agua"]}, "pk": 26, "model": "trazabilidad.muestra"}, {"fields": {"observacion": " ", "registro_recepcion": 26, "polymorphic_ctype": ["trazabilidad", "clinica"]}, "pk": 27, "model": "trazabilidad.muestra"}, {"fields": {"observacion": " ", "registro_recepcion": 27, "polymorphic_ctype": ["trazabilidad", "entomologia"]}, "pk": 28, "model": "trazabilidad.muestra"}, {"fields": {"observacion": " ", "registro_recepcion": 28, "polymorphic_ctype": ["trazabilidad", "clinica"]}, "pk": 29, "model": "trazabilidad.muestra"}, {"fields": {"observacion": " ", "registro_recepcion": 29, "polymorphic_ctype": ["trazabilidad", "agua"]}, "pk": 30, "model": "trazabilidad.muestra"}, {"fields": {"observacion": " ", "registro_recepcion": 30, "polymorphic_ctype": ["trazabilidad", "agua"]}, "pk": 31, "model": "trazabilidad.muestra"}, {"fields": {"observacion": " ", "registro_recepcion": 30, "polymorphic_ctype": ["trazabilidad", "agua"]}, "pk": 32, "model": "trazabilidad.muestra"}, {"fields": {"observacion": " ", "registro_recepcion": 31, "polymorphic_ctype": ["trazabilidad", "clinica"]}, "pk": 33, "model": "trazabilidad.muestra"}, {"fields": {"observacion": " ", "registro_recepcion": 32, "polymorphic_ctype": ["trazabilidad", "eeid"]}, "pk": 34, "model": "trazabilidad.muestra"}, {"fields": {"observacion": " ", "registro_recepcion": 33, "polymorphic_ctype": ["trazabilidad", "eeid"]}, "pk": 35, "model": "trazabilidad.muestra"}, {"fields": {"observacion": " ", "registro_recepcion": 34, "polymorphic_ctype": ["trazabilidad", "clinica"]}, "pk": 36, "model": "trazabilidad.muestra"}, {"fields": {"observacion": " ", "registro_recepcion": 35, "polymorphic_ctype": ["trazabilidad", "clinica"]}, "pk": 37, "model": "trazabilidad.muestra"}, {"fields": {"observacion": " ", "registro_recepcion": 36, "polymorphic_ctype": ["trazabilidad", "clinica"]}, "pk": 38, "model": "trazabilidad.muestra"}, {"fields": {"observacion": " ", "registro_recepcion": 37, "polymorphic_ctype": ["trazabilidad", "clinica"]}, "pk": 39, "model": "trazabilidad.muestra"}, {"fields": {"observacion": " ", "registro_recepcion": 38, "polymorphic_ctype": ["trazabilidad", "clinica"]}, "pk": 40, "model": "trazabilidad.muestra"}, {"fields": {"observacion": " ", "registro_recepcion": 39, "polymorphic_ctype": ["trazabilidad", "bancosangre"]}, "pk": 41, "model": "trazabilidad.muestra"}, {"fields": {"observacion": " ", "registro_recepcion": 40, "polymorphic_ctype": ["trazabilidad", "clinica"]}, "pk": 42, "model": "trazabilidad.muestra"}, {"fields": {"observacion": " ", "registro_recepcion": 41, "polymorphic_ctype": ["trazabilidad", "entomologia"]}, "pk": 43, "model": "trazabilidad.muestra"}, {"fields": {"observacion": " ", "registro_recepcion": 42, "polymorphic_ctype": ["trazabilidad", "clinica"]}, "pk": 44, "model": "trazabilidad.muestra"}, {"fields": {"observacion": " ", "registro_recepcion": 43, "polymorphic_ctype": ["trazabilidad", "clinica"]}, "pk": 45, "model": "trazabilidad.muestra"}, {"fields": {"observacion": " ", "registro_recepcion": 44, "polymorphic_ctype": ["trazabilidad", "clinica"]}, "pk": 46, "model": "trazabilidad.muestra"}, {"fields": {"observacion": " ", "registro_recepcion": 45, "polymorphic_ctype": ["trazabilidad", "clinica"]}, "pk": 47, "model": "trazabilidad.muestra"}, {"fields": {"observacion": " ", "registro_recepcion": 46, "polymorphic_ctype": ["trazabilidad", "clinica"]}, "pk": 48, "model": "trazabilidad.muestra"}, {"fields": {"observacion": "ESTA PRUEBA FUE REALIZADA SIGUIENDO LOS ESTANDARES DE CALIDAD DE LA OMS", "registro_recepcion": 47, "polymorphic_ctype": ["trazabilidad", "entomologia"]}, "pk": 49, "model": "trazabilidad.muestra"}, {"fields": {"observacion": " ", "registro_recepcion": 48, "polymorphic_ctype": ["trazabilidad", "clinica"]}, "pk": 50, "model": "trazabilidad.muestra"}, {"fields": {"observacion": " ", "registro_recepcion": 49, "polymorphic_ctype": ["trazabilidad", "entomologia"]}, "pk": 51, "model": "trazabilidad.muestra"}, {"fields": {"observacion": " ", "registro_recepcion": 50, "polymorphic_ctype": ["trazabilidad", "entomologia"]}, "pk": 52, "model": "trazabilidad.muestra"}, {"fields": {"observacion": " ", "registro_recepcion": 51, "polymorphic_ctype": ["trazabilidad", "bancosangre"]}, "pk": 53, "model": "trazabilidad.muestra"}, {"fields": {"observacion": " ", "registro_recepcion": 52, "polymorphic_ctype": ["trazabilidad", "bancosangre"]}, "pk": 54, "model": "trazabilidad.muestra"}, {"fields": {"observacion": " ", "registro_recepcion": 53, "polymorphic_ctype": ["trazabilidad", "citohistopatologia"]}, "pk": 55, "model": "trazabilidad.muestra"}, {"fields": {"observacion": " jhv", "registro_recepcion": 54, "polymorphic_ctype": ["trazabilidad", "citohistopatologia"]}, "pk": 56, "model": "trazabilidad.muestra"}, {"fields": {"observacion": " ", "registro_recepcion": 55, "polymorphic_ctype": ["trazabilidad", "clinica"]}, "pk": 57, "model": "trazabilidad.muestra"}, {"fields": {"observacion": " ", "registro_recepcion": 56, "polymorphic_ctype": ["trazabilidad", "clinica"]}, "pk": 58, "model": "trazabilidad.muestra"}, {"fields": {"observacion": " ", "registro_recepcion": 57, "polymorphic_ctype": ["trazabilidad", "clinica"]}, "pk": 59, "model": "trazabilidad.muestra"}, {"fields": {"observacion": " CN", "registro_recepcion": 58, "polymorphic_ctype": ["trazabilidad", "clinica"]}, "pk": 60, "model": "trazabilidad.muestra"}, {"fields": {"observacion": " ", "registro_recepcion": 59, "polymorphic_ctype": ["trazabilidad", "clinica"]}, "pk": 61, "model": "trazabilidad.muestra"}, {"fields": {"observacion": " ", "registro_recepcion": 60, "polymorphic_ctype": ["trazabilidad", "clinica"]}, "pk": 62, "model": "trazabilidad.muestra"}, {"fields": {"observacion": " ", "registro_recepcion": 61, "polymorphic_ctype": ["trazabilidad", "clinica"]}, "pk": 63, "model": "trazabilidad.muestra"}, {"fields": {"observacion": " ", "registro_recepcion": 62, "polymorphic_ctype": ["trazabilidad", "clinica"]}, "pk": 64, "model": "trazabilidad.muestra"}, {"fields": {"observacion": " ", "registro_recepcion": 63, "polymorphic_ctype": ["trazabilidad", "clinica"]}, "pk": 65, "model": "trazabilidad.muestra"}, {"fields": {"observacion": " ", "registro_recepcion": 64, "polymorphic_ctype": ["trazabilidad", "entomologia"]}, "pk": 66, "model": "trazabilidad.muestra"}, {"fields": {"observacion": " ", "registro_recepcion": 65, "polymorphic_ctype": ["trazabilidad", "clinica"]}, "pk": 67, "model": "trazabilidad.muestra"}, {"fields": {"observacion": " ", "registro_recepcion": 66, "polymorphic_ctype": ["trazabilidad", "agua"]}, "pk": 68, "model": "trazabilidad.muestra"}, {"fields": {"observacion": " ", "registro_recepcion": 67, "polymorphic_ctype": ["trazabilidad", "agua"]}, "pk": 69, "model": "trazabilidad.muestra"}, {"fields": {"observacion": " ", "registro_recepcion": 68, "polymorphic_ctype": ["trazabilidad", "agua"]}, "pk": 70, "model": "trazabilidad.muestra"}, {"fields": {"observacion": " ", "registro_recepcion": 67, "polymorphic_ctype": ["trazabilidad", "agua"]}, "pk": 71, "model": "trazabilidad.muestra"}, {"fields": {"observacion": " ", "registro_recepcion": 69, "polymorphic_ctype": ["trazabilidad", "clinica"]}, "pk": 72, "model": "trazabilidad.muestra"}, {"fields": {"observacion": " ", "registro_recepcion": 70, "polymorphic_ctype": ["trazabilidad", "clinica"]}, "pk": 73, "model": "trazabilidad.muestra"}, {"fields": {"observacion": " ", "registro_recepcion": 71, "polymorphic_ctype": ["trazabilidad", "bancosangre"]}, "pk": 74, "model": "trazabilidad.muestra"}, {"fields": {"observacion": " ", "registro_recepcion": 72, "polymorphic_ctype": ["trazabilidad", "clinica"]}, "pk": 75, "model": "trazabilidad.muestra"}, {"fields": {"observacion": " ", "registro_recepcion": 73, "polymorphic_ctype": ["trazabilidad", "clinica"]}, "pk": 76, "model": "trazabilidad.muestra"}, {"fields": {"observacion": " ", "registro_recepcion": 74, "polymorphic_ctype": ["trazabilidad", "clinica"]}, "pk": 77, "model": "trazabilidad.muestra"}, {"fields": {"observacion": " ", "registro_recepcion": 75, "polymorphic_ctype": ["trazabilidad", "clinica"]}, "pk": 78, "model": "trazabilidad.muestra"}, {"fields": {"observacion": " ", "registro_recepcion": 76, "polymorphic_ctype": ["trazabilidad", "agua"]}, "pk": 79, "model": "trazabilidad.muestra"}, {"fields": {"observacion": " ", "registro_recepcion": 77, "polymorphic_ctype": ["trazabilidad", "clinica"]}, "pk": 80, "model": "trazabilidad.muestra"}, {"fields": {"observacion": " ", "registro_recepcion": 78, "polymorphic_ctype": ["trazabilidad", "entomologia"]}, "pk": 81, "model": "trazabilidad.muestra"}, {"fields": {"observacion": " ", "registro_recepcion": 79, "polymorphic_ctype": ["trazabilidad", "entomologia"]}, "pk": 82, "model": "trazabilidad.muestra"}, {"fields": {"observacion": " ", "registro_recepcion": 80, "polymorphic_ctype": ["trazabilidad", "clinica"]}, "pk": 83, "model": "trazabilidad.muestra"}, {"fields": {"observacion": " ", "registro_recepcion": 81, "polymorphic_ctype": ["trazabilidad", "agua"]}, "pk": 84, "model": "trazabilidad.muestra"}, {"fields": {"observacion": " ", "registro_recepcion": 82, "polymorphic_ctype": ["trazabilidad", "agua"]}, "pk": 85, "model": "trazabilidad.muestra"}, {"fields": {"observacion": " ", "registro_recepcion": 83, "polymorphic_ctype": ["trazabilidad", "clinica"]}, "pk": 86, "model": "trazabilidad.muestra"}, {"fields": {"observacion": " ", "registro_recepcion": 84, "polymorphic_ctype": ["trazabilidad", "clinica"]}, "pk": 87, "model": "trazabilidad.muestra"}, {"fields": {"observacion": " ", "registro_recepcion": 85, "polymorphic_ctype": ["trazabilidad", "clinica"]}, "pk": 88, "model": "trazabilidad.muestra"}, {"fields": {"observacion": " ", "registro_recepcion": 86, "polymorphic_ctype": ["trazabilidad", "clinica"]}, "pk": 89, "model": "trazabilidad.muestra"}, {"fields": {"observacion": " ", "registro_recepcion": 87, "polymorphic_ctype": ["trazabilidad", "clinica"]}, "pk": 90, "model": "trazabilidad.muestra"}, {"fields": {"observacion": " ", "registro_recepcion": 88, "polymorphic_ctype": ["trazabilidad", "clinica"]}, "pk": 91, "model": "trazabilidad.muestra"}, {"fields": {"observacion": " ", "registro_recepcion": 89, "polymorphic_ctype": ["trazabilidad", "clinica"]}, "pk": 92, "model": "trazabilidad.muestra"}, {"fields": {"observacion": " ", "registro_recepcion": 90, "polymorphic_ctype": ["trazabilidad", "clinica"]}, "pk": 93, "model": "trazabilidad.muestra"}, {"fields": {"observacion": " ", "registro_recepcion": 91, "polymorphic_ctype": ["trazabilidad", "clinica"]}, "pk": 94, "model": "trazabilidad.muestra"}, {"fields": {"observacion": " ", "registro_recepcion": 92, "polymorphic_ctype": ["trazabilidad", "clinica"]}, "pk": 95, "model": "trazabilidad.muestra"}, {"fields": {"observacion": " ", "registro_recepcion": 93, "polymorphic_ctype": ["trazabilidad", "clinica"]}, "pk": 96, "model": "trazabilidad.muestra"}, {"fields": {"observacion": " ", "registro_recepcion": 94, "polymorphic_ctype": ["trazabilidad", "agua"]}, "pk": 97, "model": "trazabilidad.muestra"}, {"fields": {"observacion": "CN", "registro_recepcion": 95, "polymorphic_ctype": ["trazabilidad", "clinica"]}, "pk": 98, "model": "trazabilidad.muestra"}, {"fields": {"observacion": " CN", "registro_recepcion": 96, "polymorphic_ctype": ["trazabilidad", "clinica"]}, "pk": 99, "model": "trazabilidad.muestra"}, {"fields": {"observacion": " ", "registro_recepcion": 97, "polymorphic_ctype": ["trazabilidad", "entomologia"]}, "pk": 100, "model": "trazabilidad.muestra"}, {"fields": {"observacion": " ", "registro_recepcion": 98, "polymorphic_ctype": ["trazabilidad", "clinica"]}, "pk": 101, "model": "trazabilidad.muestra"}, {"fields": {"observacion": " ", "registro_recepcion": 99, "polymorphic_ctype": ["trazabilidad", "clinica"]}, "pk": 102, "model": "trazabilidad.muestra"}, {"fields": {"observacion": " ", "registro_recepcion": 100, "polymorphic_ctype": ["trazabilidad", "clinica"]}, "pk": 103, "model": "trazabilidad.muestra"}, {"fields": {"observacion": " ", "registro_recepcion": 101, "polymorphic_ctype": ["trazabilidad", "clinica"]}, "pk": 104, "model": "trazabilidad.muestra"}, {"fields": {"observacion": " ", "registro_recepcion": 102, "polymorphic_ctype": ["trazabilidad", "clinica"]}, "pk": 105, "model": "trazabilidad.muestra"}, {"fields": {"observacion": " ", "registro_recepcion": 103, "polymorphic_ctype": ["trazabilidad", "clinica"]}, "pk": 106, "model": "trazabilidad.muestra"}, {"fields": {"observacion": " ", "registro_recepcion": 104, "polymorphic_ctype": ["trazabilidad", "clinica"]}, "pk": 107, "model": "trazabilidad.muestra"}, {"fields": {"observacion": " ", "registro_recepcion": 105, "polymorphic_ctype": ["trazabilidad", "clinica"]}, "pk": 108, "model": "trazabilidad.muestra"}, {"fields": {"observacion": " ", "registro_recepcion": 106, "polymorphic_ctype": ["trazabilidad", "agua"]}, "pk": 109, "model": "trazabilidad.muestra"}, {"fields": {"observacion": " ", "registro_recepcion": 107, "polymorphic_ctype": ["trazabilidad", "clinica"]}, "pk": 110, "model": "trazabilidad.muestra"}, {"fields": {"observacion": " ", "registro_recepcion": 108, "polymorphic_ctype": ["trazabilidad", "clinica"]}, "pk": 111, "model": "trazabilidad.muestra"}, {"fields": {"observacion": " ", "registro_recepcion": 109, "polymorphic_ctype": ["trazabilidad", "agua"]}, "pk": 112, "model": "trazabilidad.muestra"}, {"fields": {"observacion": " ", "registro_recepcion": 110, "polymorphic_ctype": ["trazabilidad", "agua"]}, "pk": 113, "model": "trazabilidad.muestra"}, {"fields": {"observacion": " ", "registro_recepcion": 111, "polymorphic_ctype": ["trazabilidad", "clinica"]}, "pk": 114, "model": "trazabilidad.muestra"}, {"fields": {"observacion": " ", "registro_recepcion": 112, "polymorphic_ctype": ["trazabilidad", "clinica"]}, "pk": 115, "model": "trazabilidad.muestra"}, {"fields": {"observacion": " ", "registro_recepcion": 113, "polymorphic_ctype": ["trazabilidad", "clinica"]}, "pk": 116, "model": "trazabilidad.muestra"}, {"fields": {"observacion": " ", "registro_recepcion": 114, "polymorphic_ctype": ["trazabilidad", "clinica"]}, "pk": 117, "model": "trazabilidad.muestra"}, {"fields": {"observacion": " ", "registro_recepcion": 115, "polymorphic_ctype": ["trazabilidad", "clinica"]}, "pk": 118, "model": "trazabilidad.muestra"}, {"fields": {"observacion": " ", "registro_recepcion": 116, "polymorphic_ctype": ["trazabilidad", "clinica"]}, "pk": 119, "model": "trazabilidad.muestra"}, {"fields": {"observacion": " ELISA", "registro_recepcion": 117, "polymorphic_ctype": ["trazabilidad", "clinica"]}, "pk": 120, "model": "trazabilidad.muestra"}, {"fields": {"observacion": " ", "registro_recepcion": 118, "polymorphic_ctype": ["trazabilidad", "clinica"]}, "pk": 121, "model": "trazabilidad.muestra"}, {"fields": {"observacion": "TBC", "registro_recepcion": 119, "polymorphic_ctype": ["trazabilidad", "clinica"]}, "pk": 122, "model": "trazabilidad.muestra"}, {"fields": {"observacion": "Riesgo Bajo", "registro_recepcion": 120, "polymorphic_ctype": ["trazabilidad", "agua"]}, "pk": 123, "model": "trazabilidad.muestra"}, {"fields": {"observacion": "Lo que sea", "registro_recepcion": 120, "polymorphic_ctype": ["trazabilidad", "agua"]}, "pk": 124, "model": "trazabilidad.muestra"}, {"fields": {"observacion": "Agua con full bichos", "registro_recepcion": 120, "polymorphic_ctype": ["trazabilidad", "agua"]}, "pk": 125, "model": "trazabilidad.muestra"}, {"fields": {"observacion": "ZXSC", "registro_recepcion": 121, "polymorphic_ctype": ["trazabilidad", "agua"]}, "pk": 126, "model": "trazabilidad.muestra"}, {"fields": {"observacion": "XSC", "registro_recepcion": 121, "polymorphic_ctype": ["trazabilidad", "agua"]}, "pk": 127, "model": "trazabilidad.muestra"}, {"fields": {"observacion": "", "registro_recepcion": 122, "polymorphic_ctype": ["trazabilidad", "agua"]}, "pk": 128, "model": "trazabilidad.muestra"}, {"fields": {"observacion": "", "registro_recepcion": 122, "polymorphic_ctype": ["trazabilidad", "agua"]}, "pk": 129, "model": "trazabilidad.muestra"}, {"fields": {"observacion": "APTA PARA EL CONSUMO HUMANO", "registro_recepcion": 123, "polymorphic_ctype": ["trazabilidad", "agua"]}, "pk": 130, "model": "trazabilidad.muestra"}, {"fields": {"observacion": "APTA PARA EL CONSUMO HUMANO", "registro_recepcion": 123, "polymorphic_ctype": ["trazabilidad", "agua"]}, "pk": 131, "model": "trazabilidad.muestra"}, {"fields": {"observacion": "DC", "registro_recepcion": 124, "polymorphic_ctype": ["trazabilidad", "clinica"]}, "pk": 132, "model": "trazabilidad.muestra"}, {"fields": {"observacion": "HFFH", "registro_recepcion": 125, "polymorphic_ctype": ["trazabilidad", "clinica"]}, "pk": 133, "model": "trazabilidad.muestra"}, {"fields": {"observacion": "SE RECOMIENDA TOMAR UNA SEGUNDA MUESTRA A LOS 15 D\u00cdAS DESPU\u00c9S DE TOMADA LA PRIMERA.", "registro_recepcion": 126, "polymorphic_ctype": ["trazabilidad", "clinica"]}, "pk": 134, "model": "trazabilidad.muestra"}, {"fields": {"observacion": "SNOSE", "registro_recepcion": 127, "polymorphic_ctype": ["trazabilidad", "agua"]}, "pk": 135, "model": "trazabilidad.muestra"}, {"fields": {"observacion": "CONFIRMA DX CHIKUNGUNYA", "registro_recepcion": 128, "polymorphic_ctype": ["trazabilidad", "clinica"]}, "pk": 136, "model": "trazabilidad.muestra"}, {"fields": {"observacion": "", "registro_recepcion": 129, "polymorphic_ctype": ["trazabilidad", "clinica"]}, "pk": 137, "model": "trazabilidad.muestra"}, {"fields": {"observacion": "", "registro_recepcion": 130, "polymorphic_ctype": ["trazabilidad", "clinica"]}, "pk": 138, "model": "trazabilidad.muestra"}, {"fields": {"observacion": "", "registro_recepcion": 131, "polymorphic_ctype": ["trazabilidad", "agua"]}, "pk": 139, "model": "trazabilidad.muestra"}, {"fields": {"observacion": "", "registro_recepcion": 131, "polymorphic_ctype": ["trazabilidad", "agua"]}, "pk": 140, "model": "trazabilidad.muestra"}, {"fields": {"observacion": "CN", "registro_recepcion": 132, "polymorphic_ctype": ["trazabilidad", "entomologia"]}, "pk": 141, "model": "trazabilidad.muestra"}, {"fields": {"observacion": "CN", "registro_recepcion": 133, "polymorphic_ctype": ["trazabilidad", "entomologia"]}, "pk": 142, "model": "trazabilidad.muestra"}, {"fields": {"observacion": "TBC", "registro_recepcion": 134, "polymorphic_ctype": ["trazabilidad", "clinica"]}, "pk": 143, "model": "trazabilidad.muestra"}, {"fields": {"observacion": "CN", "registro_recepcion": 135, "polymorphic_ctype": ["trazabilidad", "clinica"]}, "pk": 144, "model": "trazabilidad.muestra"}, {"fields": {"observacion": "", "registro_recepcion": 136, "polymorphic_ctype": ["trazabilidad", "agua"]}, "pk": 145, "model": "trazabilidad.muestra"}, {"fields": {"observacion": "", "registro_recepcion": 137, "polymorphic_ctype": ["trazabilidad", "citohistopatologia"]}, "pk": 146, "model": "trazabilidad.muestra"}, {"fields": {"observacion": "NG", "registro_recepcion": 138, "polymorphic_ctype": ["trazabilidad", "clinica"]}, "pk": 147, "model": "trazabilidad.muestra"}, {"fields": {"observacion": "", "registro_recepcion": 139, "polymorphic_ctype": ["trazabilidad", "clinica"]}, "pk": 148, "model": "trazabilidad.muestra"}, {"fields": {"observacion_semaforo": "", "muestra": 1, "prueba": 1, "fecha_pre_analisis": "2015-11-24T20:23:43Z", "resultado_numerico": null, "ultima_modificacion": "2016-01-19T16:36:56.970Z", "estado": "R", "resultado": 2, "metodo": 1}, "pk": 2, "model": "trazabilidad.pruebasrealizadas"}, {"fields": {"observacion_semaforo": "falta de Reactivo", "muestra": 3, "prueba": 7, "fecha_pre_analisis": "2015-12-02T23:34:21Z", "resultado_numerico": null, "ultima_modificacion": "2016-02-02T15:21:21.559Z", "estado": "R", "resultado": 54, "metodo": 33}, "pk": 5, "model": "trazabilidad.pruebasrealizadas"}, {"fields": {"observacion_semaforo": "", "muestra": 4, "prueba": 3, "fecha_pre_analisis": "2015-12-02T23:34:08.617Z", "resultado_numerico": null, "ultima_modificacion": "2016-01-19T16:36:57.016Z", "estado": "R", "resultado": null, "metodo": 1}, "pk": 6, "model": "trazabilidad.pruebasrealizadas"}, {"fields": {"observacion_semaforo": "falta de reactivo", "muestra": 5, "prueba": 3, "fecha_pre_analisis": "2015-12-09T16:33:43Z", "resultado_numerico": "7.20", "ultima_modificacion": "2016-02-10T16:03:28.158Z", "estado": "R", "resultado": null, "metodo": 8}, "pk": 7, "model": "trazabilidad.pruebasrealizadas"}, {"fields": {"observacion_semaforo": "falta de reactivo", "muestra": 5, "prueba": 2, "fecha_pre_analisis": "2015-12-09T16:33:46Z", "resultado_numerico": "0.00", "ultima_modificacion": "2016-02-10T16:03:45.290Z", "estado": "R", "resultado": null, "metodo": 11}, "pk": 8, "model": "trazabilidad.pruebasrealizadas"}, {"fields": {"observacion_semaforo": "", "muestra": 6, "prueba": 8, "fecha_pre_analisis": null, "resultado_numerico": null, "ultima_modificacion": "2016-01-19T16:36:57.038Z", "estado": "C", "resultado": null, "metodo": 1}, "pk": 10, "model": "trazabilidad.pruebasrealizadas"}, {"fields": {"observacion_semaforo": "", "muestra": 7, "prueba": 3, "fecha_pre_analisis": "2015-11-27T19:59:41.986Z", "resultado_numerico": null, "ultima_modificacion": "2016-01-19T16:36:57.020Z", "estado": "R", "resultado": null, "metodo": 1}, "pk": 11, "model": "trazabilidad.pruebasrealizadas"}, {"fields": {"observacion_semaforo": "", "muestra": 7, "prueba": 12, "fecha_pre_analisis": "2015-11-27T20:00:05.443Z", "resultado_numerico": null, "ultima_modificacion": "2016-01-19T16:36:56.956Z", "estado": "R", "resultado": null, "metodo": 1}, "pk": 12, "model": "trazabilidad.pruebasrealizadas"}, {"fields": {"observacion_semaforo": "", "muestra": 7, "prueba": 2, "fecha_pre_analisis": "2015-11-27T20:31:25.809Z", "resultado_numerico": null, "ultima_modificacion": "2016-01-19T16:36:56.985Z", "estado": "R", "resultado": null, "metodo": 1}, "pk": 13, "model": "trazabilidad.pruebasrealizadas"}, {"fields": {"observacion_semaforo": "", "muestra": 8, "prueba": 3, "fecha_pre_analisis": null, "resultado_numerico": null, "ultima_modificacion": "2016-01-19T16:36:57.018Z", "estado": "C", "resultado": null, "metodo": 1}, "pk": 14, "model": "trazabilidad.pruebasrealizadas"}, {"fields": {"observacion_semaforo": "", "muestra": 8, "prueba": 12, "fecha_pre_analisis": null, "resultado_numerico": null, "ultima_modificacion": "2016-01-19T16:36:56.954Z", "estado": "C", "resultado": null, "metodo": 1}, "pk": 15, "model": "trazabilidad.pruebasrealizadas"}, {"fields": {"observacion_semaforo": "", "muestra": 8, "prueba": 2, "fecha_pre_analisis": null, "resultado_numerico": null, "ultima_modificacion": "2016-01-19T16:36:56.986Z", "estado": "C", "resultado": null, "metodo": 1}, "pk": 16, "model": "trazabilidad.pruebasrealizadas"}, {"fields": {"observacion_semaforo": "", "muestra": 2, "prueba": 4, "fecha_pre_analisis": "2015-12-07T23:15:28Z", "resultado_numerico": null, "ultima_modificacion": "2016-01-19T16:36:56.953Z", "estado": "A", "resultado": null, "metodo": 1}, "pk": 18, "model": "trazabilidad.pruebasrealizadas"}, {"fields": {"observacion_semaforo": "", "muestra": 9, "prueba": 1, "fecha_pre_analisis": "2015-11-25T19:30:35.799Z", "resultado_numerico": null, "ultima_modificacion": "2016-01-19T16:36:56.975Z", "estado": "R", "resultado": null, "metodo": 1}, "pk": 22, "model": "trazabilidad.pruebasrealizadas"}, {"fields": {"observacion_semaforo": "", "muestra": 9, "prueba": 8, "fecha_pre_analisis": "2015-11-25T19:33:42.268Z", "resultado_numerico": null, "ultima_modificacion": "2016-01-19T16:36:57.037Z", "estado": "R", "resultado": null, "metodo": 1}, "pk": 23, "model": "trazabilidad.pruebasrealizadas"}, {"fields": {"observacion_semaforo": "", "muestra": 9, "prueba": 11, "fecha_pre_analisis": "2015-11-27T19:51:51.052Z", "resultado_numerico": null, "ultima_modificacion": "2016-01-19T16:36:56.948Z", "estado": "R", "resultado": null, "metodo": 1}, "pk": 24, "model": "trazabilidad.pruebasrealizadas"}, {"fields": {"observacion_semaforo": "", "muestra": 10, "prueba": 16, "fecha_pre_analisis": "2015-12-02T15:32:13.875Z", "resultado_numerico": null, "ultima_modificacion": "2016-01-19T16:36:57.013Z", "estado": "R", "resultado": null, "metodo": 1}, "pk": 26, "model": "trazabilidad.pruebasrealizadas"}, {"fields": {"observacion_semaforo": "falta de reactivo", "muestra": 11, "prueba": 15, "fecha_pre_analisis": "2015-12-02T23:28:12Z", "resultado_numerico": null, "ultima_modificacion": "2016-02-10T16:01:00.101Z", "estado": "R", "resultado": 1, "metodo": 36}, "pk": 27, "model": "trazabilidad.pruebasrealizadas"}, {"fields": {"observacion_semaforo": "", "muestra": 12, "prueba": 15, "fecha_pre_analisis": null, "resultado_numerico": null, "ultima_modificacion": "2016-01-19T16:36:56.995Z", "estado": "C", "resultado": null, "metodo": 1}, "pk": 28, "model": "trazabilidad.pruebasrealizadas"}, {"fields": {"observacion_semaforo": "", "muestra": 13, "prueba": 15, "fecha_pre_analisis": "2015-12-02T23:33:52Z", "resultado_numerico": null, "ultima_modificacion": "2016-01-19T16:36:56.994Z", "estado": "A", "resultado": null, "metodo": 1}, "pk": 29, "model": "trazabilidad.pruebasrealizadas"}, {"fields": {"observacion_semaforo": "ESPECIMEN PERTENECIENTE AL GENER O AEDES AEGYPTI", "muestra": 14, "prueba": 18, "fecha_pre_analisis": "2015-12-02T23:29:00Z", "resultado_numerico": null, "ultima_modificacion": "2016-01-19T16:36:56.984Z", "estado": "R", "resultado": 9, "metodo": 1}, "pk": 30, "model": "trazabilidad.pruebasrealizadas"}, {"fields": {"observacion_semaforo": "EL ESPECIMEN ESTUDUADO ES SUCEPTIBLE", "muestra": 14, "prueba": 19, "fecha_pre_analisis": "2015-12-17T20:52:09Z", "resultado_numerico": null, "ultima_modificacion": "2016-01-19T16:36:57.021Z", "estado": "R", "resultado": 4, "metodo": 1}, "pk": 31, "model": "trazabilidad.pruebasrealizadas"}, {"fields": {"observacion_semaforo": "", "muestra": 15, "prueba": 18, "fecha_pre_analisis": "2015-12-16T15:39:31Z", "resultado_numerico": null, "ultima_modificacion": "2016-01-19T16:36:56.981Z", "estado": "A", "resultado": null, "metodo": 1}, "pk": 32, "model": "trazabilidad.pruebasrealizadas"}, {"fields": {"observacion_semaforo": "NO HABIAN REACTIVOS", "muestra": 16, "prueba": 6, "fecha_pre_analisis": "2015-12-02T23:39:38.083Z", "resultado_numerico": null, "ultima_modificacion": "2016-01-19T16:36:56.939Z", "estado": "R", "resultado": null, "metodo": 1}, "pk": 33, "model": "trazabilidad.pruebasrealizadas"}, {"fields": {"observacion_semaforo": "", "muestra": 16, "prueba": 45, "fecha_pre_analisis": "2015-12-02T23:39:53.619Z", "resultado_numerico": null, "ultima_modificacion": "2016-01-19T16:36:56.963Z", "estado": "R", "resultado": null, "metodo": 1}, "pk": 34, "model": "trazabilidad.pruebasrealizadas"}, {"fields": {"observacion_semaforo": "", "muestra": 16, "prueba": 46, "fecha_pre_analisis": "2015-12-11T15:44:16.216Z", "resultado_numerico": null, "ultima_modificacion": "2016-01-19T16:36:57.027Z", "estado": "R", "resultado": 19, "metodo": 1}, "pk": 35, "model": "trazabilidad.pruebasrealizadas"}, {"fields": {"observacion_semaforo": "ok", "muestra": 17, "prueba": 13, "fecha_pre_analisis": "2015-12-02T23:48:18.187Z", "resultado_numerico": null, "ultima_modificacion": "2016-01-19T16:36:56.944Z", "estado": "R", "resultado": null, "metodo": 1}, "pk": 36, "model": "trazabilidad.pruebasrealizadas"}, {"fields": {"observacion_semaforo": "ok", "muestra": 17, "prueba": 14, "fecha_pre_analisis": "2015-12-02T23:48:14.625Z", "resultado_numerico": null, "ultima_modificacion": "2016-01-19T16:36:57.031Z", "estado": "R", "resultado": null, "metodo": 1}, "pk": 37, "model": "trazabilidad.pruebasrealizadas"}, {"fields": {"observacion_semaforo": "dificultades tecnicas", "muestra": 17, "prueba": 24, "fecha_pre_analisis": "2015-12-02T23:48:08.854Z", "resultado_numerico": null, "ultima_modificacion": "2016-01-19T16:36:57.036Z", "estado": "R", "resultado": null, "metodo": 1}, "pk": 38, "model": "trazabilidad.pruebasrealizadas"}, {"fields": {"observacion_semaforo": "dificultades tecnicas", "muestra": 17, "prueba": 25, "fecha_pre_analisis": "2015-12-02T23:48:02.834Z", "resultado_numerico": null, "ultima_modificacion": "2016-01-19T16:36:56.996Z", "estado": "R", "resultado": null, "metodo": 1}, "pk": 39, "model": "trazabilidad.pruebasrealizadas"}, {"fields": {"observacion_semaforo": "dificultades tecnicas", "muestra": 17, "prueba": 26, "fecha_pre_analisis": "2015-12-02T23:47:59.013Z", "resultado_numerico": null, "ultima_modificacion": "2016-01-19T16:36:57.000Z", "estado": "R", "resultado": null, "metodo": 1}, "pk": 40, "model": "trazabilidad.pruebasrealizadas"}, {"fields": {"observacion_semaforo": "", "muestra": 17, "prueba": 27, "fecha_pre_analisis": "2015-12-02T23:47:50.162Z", "resultado_numerico": null, "ultima_modificacion": "2016-01-19T16:36:56.961Z", "estado": "R", "resultado": null, "metodo": 1}, "pk": 41, "model": "trazabilidad.pruebasrealizadas"}, {"fields": {"observacion_semaforo": "ok", "muestra": 17, "prueba": 28, "fecha_pre_analisis": "2015-12-02T23:47:54.222Z", "resultado_numerico": null, "ultima_modificacion": "2016-01-19T16:36:57.002Z", "estado": "R", "resultado": null, "metodo": 1}, "pk": 42, "model": "trazabilidad.pruebasrealizadas"}, {"fields": {"observacion_semaforo": "", "muestra": 18, "prueba": 13, "fecha_pre_analisis": null, "resultado_numerico": null, "ultima_modificacion": "2016-01-19T16:36:56.944Z", "estado": "C", "resultado": null, "metodo": 1}, "pk": 43, "model": "trazabilidad.pruebasrealizadas"}, {"fields": {"observacion_semaforo": "", "muestra": 18, "prueba": 14, "fecha_pre_analisis": null, "resultado_numerico": null, "ultima_modificacion": "2016-01-19T16:36:57.032Z", "estado": "C", "resultado": null, "metodo": 1}, "pk": 44, "model": "trazabilidad.pruebasrealizadas"}, {"fields": {"observacion_semaforo": "", "muestra": 18, "prueba": 24, "fecha_pre_analisis": null, "resultado_numerico": null, "ultima_modificacion": "2016-01-19T16:36:57.035Z", "estado": "C", "resultado": null, "metodo": 1}, "pk": 45, "model": "trazabilidad.pruebasrealizadas"}, {"fields": {"observacion_semaforo": "", "muestra": 18, "prueba": 25, "fecha_pre_analisis": null, "resultado_numerico": null, "ultima_modificacion": "2016-01-19T16:36:56.999Z", "estado": "C", "resultado": null, "metodo": 1}, "pk": 46, "model": "trazabilidad.pruebasrealizadas"}, {"fields": {"observacion_semaforo": "", "muestra": 18, "prueba": 26, "fecha_pre_analisis": null, "resultado_numerico": null, "ultima_modificacion": "2016-01-19T16:36:57.001Z", "estado": "C", "resultado": null, "metodo": 1}, "pk": 47, "model": "trazabilidad.pruebasrealizadas"}, {"fields": {"observacion_semaforo": "", "muestra": 18, "prueba": 27, "fecha_pre_analisis": null, "resultado_numerico": null, "ultima_modificacion": "2016-01-19T16:36:56.959Z", "estado": "C", "resultado": null, "metodo": 1}, "pk": 48, "model": "trazabilidad.pruebasrealizadas"}, {"fields": {"observacion_semaforo": "", "muestra": 18, "prueba": 28, "fecha_pre_analisis": null, "resultado_numerico": null, "ultima_modificacion": "2016-01-19T16:36:57.002Z", "estado": "C", "resultado": null, "metodo": 1}, "pk": 49, "model": "trazabilidad.pruebasrealizadas"}, {"fields": {"observacion_semaforo": "", "muestra": 19, "prueba": 1, "fecha_pre_analisis": "2015-12-03T20:09:14.139Z", "resultado_numerico": null, "ultima_modificacion": "2016-01-19T16:36:56.967Z", "estado": "R", "resultado": null, "metodo": 1}, "pk": 54, "model": "trazabilidad.pruebasrealizadas"}, {"fields": {"observacion_semaforo": "", "muestra": 19, "prueba": 11, "fecha_pre_analisis": null, "resultado_numerico": null, "ultima_modificacion": "2016-01-19T16:36:56.951Z", "estado": "C", "resultado": null, "metodo": 1}, "pk": 55, "model": "trazabilidad.pruebasrealizadas"}, {"fields": {"observacion_semaforo": "", "muestra": 19, "prueba": 35, "fecha_pre_analisis": null, "resultado_numerico": null, "ultima_modificacion": "2016-01-19T16:36:57.039Z", "estado": "C", "resultado": null, "metodo": 1}, "pk": 56, "model": "trazabilidad.pruebasrealizadas"}, {"fields": {"observacion_semaforo": "", "muestra": 19, "prueba": 37, "fecha_pre_analisis": null, "resultado_numerico": null, "ultima_modificacion": "2016-01-19T16:36:57.029Z", "estado": "C", "resultado": null, "metodo": 1}, "pk": 57, "model": "trazabilidad.pruebasrealizadas"}, {"fields": {"observacion_semaforo": "", "muestra": 20, "prueba": 16, "fecha_pre_analisis": null, "resultado_numerico": null, "ultima_modificacion": "2016-01-19T16:36:57.014Z", "estado": "C", "resultado": null, "metodo": 1}, "pk": 58, "model": "trazabilidad.pruebasrealizadas"}, {"fields": {"observacion_semaforo": "", "muestra": 20, "prueba": 23, "fecha_pre_analisis": null, "resultado_numerico": null, "ultima_modificacion": "2016-01-19T16:36:56.984Z", "estado": "C", "resultado": null, "metodo": 1}, "pk": 59, "model": "trazabilidad.pruebasrealizadas"}, {"fields": {"observacion_semaforo": "", "muestra": 21, "prueba": 15, "fecha_pre_analisis": "2015-12-07T23:14:41.458Z", "resultado_numerico": null, "ultima_modificacion": "2016-01-19T16:36:56.993Z", "estado": "R", "resultado": null, "metodo": 1}, "pk": 61, "model": "trazabilidad.pruebasrealizadas"}, {"fields": {"observacion_semaforo": "", "muestra": 24, "prueba": 11, "fecha_pre_analisis": "2015-12-09T15:32:25.964Z", "resultado_numerico": null, "ultima_modificacion": "2016-01-19T16:36:56.949Z", "estado": "R", "resultado": null, "metodo": 1}, "pk": 65, "model": "trazabilidad.pruebasrealizadas"}, {"fields": {"observacion_semaforo": "", "muestra": 25, "prueba": 6, "fecha_pre_analisis": "2015-12-10T15:54:57.029Z", "resultado_numerico": null, "ultima_modificacion": "2016-01-19T16:36:56.938Z", "estado": "R", "resultado": null, "metodo": 1}, "pk": 66, "model": "trazabilidad.pruebasrealizadas"}, {"fields": {"observacion_semaforo": "", "muestra": 26, "prueba": 3, "fecha_pre_analisis": "2015-12-10T16:13:24.418Z", "resultado_numerico": null, "ultima_modificacion": "2016-01-19T16:36:57.015Z", "estado": "R", "resultado": null, "metodo": 1}, "pk": 67, "model": "trazabilidad.pruebasrealizadas"}, {"fields": {"observacion_semaforo": "", "muestra": 26, "prueba": 12, "fecha_pre_analisis": "2015-12-10T16:13:47.526Z", "resultado_numerico": null, "ultima_modificacion": "2016-01-19T16:36:56.955Z", "estado": "R", "resultado": null, "metodo": 1}, "pk": 68, "model": "trazabilidad.pruebasrealizadas"}, {"fields": {"observacion_semaforo": "", "muestra": 26, "prueba": 2, "fecha_pre_analisis": "2015-12-10T16:13:48.332Z", "resultado_numerico": null, "ultima_modificacion": "2016-01-19T16:36:56.988Z", "estado": "R", "resultado": null, "metodo": 1}, "pk": 69, "model": "trazabilidad.pruebasrealizadas"}, {"fields": {"observacion_semaforo": "", "muestra": 27, "prueba": 1, "fecha_pre_analisis": "2015-12-10T20:04:46.570Z", "resultado_numerico": null, "ultima_modificacion": "2016-01-19T16:36:56.971Z", "estado": "R", "resultado": 1, "metodo": 1}, "pk": 70, "model": "trazabilidad.pruebasrealizadas"}, {"fields": {"observacion_semaforo": "", "muestra": 28, "prueba": 18, "fecha_pre_analisis": "2015-12-10T20:24:40.379Z", "resultado_numerico": null, "ultima_modificacion": "2015-12-21T20:39:06.971Z", "estado": "R", "resultado": null, "metodo": null}, "pk": 71, "model": "trazabilidad.pruebasrealizadas"}, {"fields": {"observacion_semaforo": "", "muestra": 29, "prueba": 60, "fecha_pre_analisis": "2015-12-10T20:33:37.025Z", "resultado_numerico": null, "ultima_modificacion": "2016-01-19T16:36:57.012Z", "estado": "R", "resultado": 32, "metodo": 1}, "pk": 72, "model": "trazabilidad.pruebasrealizadas"}, {"fields": {"observacion_semaforo": "", "muestra": 30, "prueba": 3, "fecha_pre_analisis": "2015-12-11T15:46:48Z", "resultado_numerico": null, "ultima_modificacion": "2016-01-19T16:36:57.019Z", "estado": "A", "resultado": null, "metodo": 1}, "pk": 73, "model": "trazabilidad.pruebasrealizadas"}, {"fields": {"observacion_semaforo": "", "muestra": 30, "prueba": 12, "fecha_pre_analisis": "2015-12-11T15:46:50Z", "resultado_numerico": null, "ultima_modificacion": "2016-01-19T16:36:56.957Z", "estado": "A", "resultado": null, "metodo": 1}, "pk": 74, "model": "trazabilidad.pruebasrealizadas"}, {"fields": {"observacion_semaforo": "", "muestra": 30, "prueba": 2, "fecha_pre_analisis": "2015-12-11T15:46:53.461Z", "resultado_numerico": null, "ultima_modificacion": "2016-01-19T16:36:56.988Z", "estado": "R", "resultado": 7, "metodo": 1}, "pk": 75, "model": "trazabilidad.pruebasrealizadas"}, {"fields": {"observacion_semaforo": "", "muestra": 31, "prueba": 3, "fecha_pre_analisis": "2015-12-10T20:59:15.541Z", "resultado_numerico": null, "ultima_modificacion": "2015-12-21T20:39:06.974Z", "estado": "R", "resultado": null, "metodo": null}, "pk": 76, "model": "trazabilidad.pruebasrealizadas"}, {"fields": {"observacion_semaforo": "", "muestra": 31, "prueba": 12, "fecha_pre_analisis": "2015-12-10T20:59:21.047Z", "resultado_numerico": null, "ultima_modificacion": "2015-12-21T20:39:06.975Z", "estado": "R", "resultado": null, "metodo": null}, "pk": 77, "model": "trazabilidad.pruebasrealizadas"}, {"fields": {"observacion_semaforo": "", "muestra": 31, "prueba": 2, "fecha_pre_analisis": "2015-12-10T20:59:18.773Z", "resultado_numerico": null, "ultima_modificacion": "2015-12-21T20:39:06.976Z", "estado": "R", "resultado": null, "metodo": null}, "pk": 78, "model": "trazabilidad.pruebasrealizadas"}, {"fields": {"observacion_semaforo": "", "muestra": 32, "prueba": 3, "fecha_pre_analisis": "2015-12-10T20:58:22.315Z", "resultado_numerico": null, "ultima_modificacion": "2015-12-21T20:39:06.977Z", "estado": "R", "resultado": null, "metodo": null}, "pk": 79, "model": "trazabilidad.pruebasrealizadas"}, {"fields": {"observacion_semaforo": "", "muestra": 32, "prueba": 12, "fecha_pre_analisis": "2015-12-10T20:58:30.527Z", "resultado_numerico": null, "ultima_modificacion": "2015-12-21T20:39:06.979Z", "estado": "R", "resultado": null, "metodo": null}, "pk": 80, "model": "trazabilidad.pruebasrealizadas"}, {"fields": {"observacion_semaforo": "", "muestra": 32, "prueba": 2, "fecha_pre_analisis": "2015-12-10T20:58:27.531Z", "resultado_numerico": null, "ultima_modificacion": "2015-12-21T20:39:06.980Z", "estado": "R", "resultado": null, "metodo": null}, "pk": 81, "model": "trazabilidad.pruebasrealizadas"}, {"fields": {"observacion_semaforo": "SE DEMORO LA PRUEBA PORQUE EL REACTIVO LLEGO TARDE.", "muestra": 33, "prueba": 1, "fecha_pre_analisis": "2015-12-11T15:55:00.261Z", "resultado_numerico": null, "ultima_modificacion": "2016-01-19T16:36:56.972Z", "estado": "R", "resultado": 2, "metodo": 1}, "pk": 82, "model": "trazabilidad.pruebasrealizadas"}, {"fields": {"observacion_semaforo": "falta de reactivos", "muestra": 33, "prueba": 11, "fecha_pre_analisis": "2015-12-11T15:55:17.626Z", "resultado_numerico": null, "ultima_modificacion": "2015-12-14T19:56:18.680Z", "estado": "R", "resultado": null, "metodo": null}, "pk": 83, "model": "trazabilidad.pruebasrealizadas"}, {"fields": {"observacion_semaforo": "SE DEMORO LA PRUEBA PORQUE EL REACTIVO LLEGO TARDE.", "muestra": 33, "prueba": 31, "fecha_pre_analisis": "2015-12-11T15:55:12.839Z", "resultado_numerico": null, "ultima_modificacion": "2016-01-19T16:36:56.997Z", "estado": "R", "resultado": 2, "metodo": 1}, "pk": 84, "model": "trazabilidad.pruebasrealizadas"}, {"fields": {"observacion_semaforo": "falta de reactivos", "muestra": 33, "prueba": 37, "fecha_pre_analisis": "2015-12-11T15:55:23.840Z", "resultado_numerico": null, "ultima_modificacion": "2016-01-19T16:36:57.030Z", "estado": "R", "resultado": 2, "metodo": 1}, "pk": 85, "model": "trazabilidad.pruebasrealizadas"}, {"fields": {"observacion_semaforo": "", "muestra": 34, "prueba": 69, "fecha_pre_analisis": "2015-12-11T18:22:37.165Z", "resultado_numerico": null, "ultima_modificacion": "2016-01-19T16:36:57.013Z", "estado": "R", "resultado": 2, "metodo": 1}, "pk": 87, "model": "trazabilidad.pruebasrealizadas"}, {"fields": {"observacion_semaforo": "", "muestra": 35, "prueba": 69, "fecha_pre_analisis": null, "resultado_numerico": null, "ultima_modificacion": "2015-12-21T20:39:06.982Z", "estado": "C", "resultado": null, "metodo": null}, "pk": 88, "model": "trazabilidad.pruebasrealizadas"}, {"fields": {"observacion_semaforo": "", "muestra": 37, "prueba": 1, "fecha_pre_analisis": "2015-12-11T19:44:57.638Z", "resultado_numerico": null, "ultima_modificacion": "2016-01-19T16:36:56.974Z", "estado": "R", "resultado": 2, "metodo": 1}, "pk": 91, "model": "trazabilidad.pruebasrealizadas"}, {"fields": {"observacion_semaforo": "", "muestra": 37, "prueba": 11, "fecha_pre_analisis": "2015-12-11T19:49:47.988Z", "resultado_numerico": null, "ultima_modificacion": "2016-01-19T16:36:56.947Z", "estado": "R", "resultado": 1, "metodo": 1}, "pk": 92, "model": "trazabilidad.pruebasrealizadas"}, {"fields": {"observacion_semaforo": "", "muestra": 40, "prueba": 9, "fecha_pre_analisis": "2015-12-15T17:18:38.715Z", "resultado_numerico": null, "ultima_modificacion": "2016-01-19T16:36:56.879Z", "estado": "R", "resultado": 16, "metodo": 1}, "pk": 96, "model": "trazabilidad.pruebasrealizadas"}, {"fields": {"observacion_semaforo": "", "muestra": 40, "prueba": 6, "fecha_pre_analisis": "2015-12-15T17:18:46.812Z", "resultado_numerico": null, "ultima_modificacion": "2016-01-19T16:36:56.941Z", "estado": "R", "resultado": 14, "metodo": 1}, "pk": 97, "model": "trazabilidad.pruebasrealizadas"}, {"fields": {"observacion_semaforo": "", "muestra": 40, "prueba": 46, "fecha_pre_analisis": "2015-12-15T17:18:51.747Z", "resultado_numerico": null, "ultima_modificacion": "2016-01-19T16:36:57.028Z", "estado": "R", "resultado": 18, "metodo": 1}, "pk": 98, "model": "trazabilidad.pruebasrealizadas"}, {"fields": {"observacion_semaforo": "falta de reactivos", "muestra": 42, "prueba": 1, "fecha_pre_analisis": "2015-12-17T14:23:41Z", "resultado_numerico": null, "ultima_modificacion": "2016-01-19T16:36:56.978Z", "estado": "R", "resultado": 1, "metodo": 1}, "pk": 107, "model": "trazabilidad.pruebasrealizadas"}, {"fields": {"observacion_semaforo": "SE REALIZO LA PRUEBA SATISFACTORIAMENTE.", "muestra": 43, "prueba": 18, "fecha_pre_analisis": "2015-12-17T14:22:38.281Z", "resultado_numerico": null, "ultima_modificacion": "2016-01-19T16:36:56.980Z", "estado": "R", "resultado": 10, "metodo": 1}, "pk": 109, "model": "trazabilidad.pruebasrealizadas"}, {"fields": {"observacion_semaforo": "", "muestra": 45, "prueba": 60, "fecha_pre_analisis": null, "resultado_numerico": null, "ultima_modificacion": "2015-12-21T20:39:07.002Z", "estado": "C", "resultado": null, "metodo": null}, "pk": 119, "model": "trazabilidad.pruebasrealizadas"}, {"fields": {"observacion_semaforo": "", "muestra": 44, "prueba": 58, "fecha_pre_analisis": null, "resultado_numerico": null, "ultima_modificacion": "2015-12-21T20:39:07.003Z", "estado": "C", "resultado": null, "metodo": null}, "pk": 121, "model": "trazabilidad.pruebasrealizadas"}, {"fields": {"observacion_semaforo": "Falta de reavtivos", "muestra": 47, "prueba": 31, "fecha_pre_analisis": "2016-01-05T14:12:30.503Z", "resultado_numerico": null, "ultima_modificacion": "2016-01-19T16:36:56.998Z", "estado": "R", "resultado": 1, "metodo": 1}, "pk": 124, "model": "trazabilidad.pruebasrealizadas"}, {"fields": {"observacion_semaforo": "", "muestra": 48, "prueba": 7, "fecha_pre_analisis": "2015-12-31T14:39:07.683Z", "resultado_numerico": null, "ultima_modificacion": "2016-01-19T16:36:57.003Z", "estado": "R", "resultado": 1, "metodo": 1}, "pk": 127, "model": "trazabilidad.pruebasrealizadas"}, {"fields": {"observacion_semaforo": "", "muestra": 48, "prueba": 46, "fecha_pre_analisis": "2015-12-31T14:39:11.433Z", "resultado_numerico": null, "ultima_modificacion": "2016-01-19T16:36:57.022Z", "estado": "R", "resultado": 18, "metodo": 1}, "pk": 128, "model": "trazabilidad.pruebasrealizadas"}, {"fields": {"observacion_semaforo": "", "muestra": 50, "prueba": 5, "fecha_pre_analisis": null, "resultado_numerico": null, "ultima_modificacion": "2015-12-23T16:44:01.863Z", "estado": "C", "resultado": null, "metodo": null}, "pk": 131, "model": "trazabilidad.pruebasrealizadas"}, {"fields": {"observacion_semaforo": "", "muestra": 51, "prueba": 18, "fecha_pre_analisis": null, "resultado_numerico": null, "ultima_modificacion": "2016-01-04T21:36:51.137Z", "estado": "C", "resultado": null, "metodo": null}, "pk": 132, "model": "trazabilidad.pruebasrealizadas"}, {"fields": {"observacion_semaforo": "", "muestra": 52, "prueba": 18, "fecha_pre_analisis": null, "resultado_numerico": null, "ultima_modificacion": "2016-01-04T21:41:02.319Z", "estado": "C", "resultado": null, "metodo": null}, "pk": 134, "model": "trazabilidad.pruebasrealizadas"}, {"fields": {"observacion_semaforo": "", "muestra": 53, "prueba": 13, "fecha_pre_analisis": null, "resultado_numerico": null, "ultima_modificacion": "2016-01-04T21:44:35.069Z", "estado": "C", "resultado": null, "metodo": null}, "pk": 135, "model": "trazabilidad.pruebasrealizadas"}, {"fields": {"observacion_semaforo": "", "muestra": 53, "prueba": 27, "fecha_pre_analisis": null, "resultado_numerico": null, "ultima_modificacion": "2016-01-04T21:44:35.070Z", "estado": "C", "resultado": null, "metodo": null}, "pk": 136, "model": "trazabilidad.pruebasrealizadas"}, {"fields": {"observacion_semaforo": "", "muestra": 53, "prueba": 25, "fecha_pre_analisis": null, "resultado_numerico": null, "ultima_modificacion": "2016-01-04T21:44:35.070Z", "estado": "C", "resultado": null, "metodo": null}, "pk": 137, "model": "trazabilidad.pruebasrealizadas"}, {"fields": {"observacion_semaforo": "", "muestra": 53, "prueba": 26, "fecha_pre_analisis": null, "resultado_numerico": null, "ultima_modificacion": "2016-01-04T21:44:35.071Z", "estado": "C", "resultado": null, "metodo": null}, "pk": 138, "model": "trazabilidad.pruebasrealizadas"}, {"fields": {"observacion_semaforo": "", "muestra": 53, "prueba": 28, "fecha_pre_analisis": null, "resultado_numerico": null, "ultima_modificacion": "2016-01-04T21:44:35.071Z", "estado": "C", "resultado": null, "metodo": null}, "pk": 139, "model": "trazabilidad.pruebasrealizadas"}, {"fields": {"observacion_semaforo": "", "muestra": 53, "prueba": 14, "fecha_pre_analisis": null, "resultado_numerico": null, "ultima_modificacion": "2016-01-04T21:44:35.072Z", "estado": "C", "resultado": null, "metodo": null}, "pk": 140, "model": "trazabilidad.pruebasrealizadas"}, {"fields": {"observacion_semaforo": "", "muestra": 53, "prueba": 24, "fecha_pre_analisis": null, "resultado_numerico": null, "ultima_modificacion": "2016-01-04T21:44:35.072Z", "estado": "C", "resultado": null, "metodo": null}, "pk": 141, "model": "trazabilidad.pruebasrealizadas"}, {"fields": {"observacion_semaforo": "", "muestra": 54, "prueba": 13, "fecha_pre_analisis": "2016-02-29T14:49:33.967Z", "resultado_numerico": null, "ultima_modificacion": "2016-02-29T14:50:29.752Z", "estado": "R", "resultado": 2, "metodo": 1}, "pk": 142, "model": "trazabilidad.pruebasrealizadas"}, {"fields": {"observacion_semaforo": "", "muestra": 54, "prueba": 27, "fecha_pre_analisis": "2016-02-29T14:49:43.173Z", "resultado_numerico": null, "ultima_modificacion": "2016-02-29T14:50:46.154Z", "estado": "R", "resultado": 2, "metodo": 1}, "pk": 143, "model": "trazabilidad.pruebasrealizadas"}, {"fields": {"observacion_semaforo": "", "muestra": 54, "prueba": 25, "fecha_pre_analisis": "2016-02-29T14:49:45.360Z", "resultado_numerico": null, "ultima_modificacion": "2016-02-29T14:51:02.543Z", "estado": "R", "resultado": 2, "metodo": 1}, "pk": 144, "model": "trazabilidad.pruebasrealizadas"}, {"fields": {"observacion_semaforo": "", "muestra": 54, "prueba": 26, "fecha_pre_analisis": "2016-02-29T14:49:47.530Z", "resultado_numerico": null, "ultima_modificacion": "2016-02-29T14:51:24.972Z", "estado": "R", "resultado": 2, "metodo": 1}, "pk": 145, "model": "trazabilidad.pruebasrealizadas"}, {"fields": {"observacion_semaforo": "", "muestra": 54, "prueba": 28, "fecha_pre_analisis": "2016-02-29T14:49:47.548Z", "resultado_numerico": null, "ultima_modificacion": "2016-02-29T14:51:41.654Z", "estado": "R", "resultado": 2, "metodo": 1}, "pk": 146, "model": "trazabilidad.pruebasrealizadas"}, {"fields": {"observacion_semaforo": "", "muestra": 54, "prueba": 14, "fecha_pre_analisis": "2016-02-29T14:49:49.652Z", "resultado_numerico": null, "ultima_modificacion": "2016-02-29T14:52:03.881Z", "estado": "R", "resultado": 2, "metodo": 1}, "pk": 147, "model": "trazabilidad.pruebasrealizadas"}, {"fields": {"observacion_semaforo": "", "muestra": 54, "prueba": 24, "fecha_pre_analisis": "2016-02-29T14:49:49.677Z", "resultado_numerico": null, "ultima_modificacion": "2016-02-29T14:52:17.187Z", "estado": "R", "resultado": 2, "metodo": 1}, "pk": 148, "model": "trazabilidad.pruebasrealizadas"}, {"fields": {"observacion_semaforo": "", "muestra": 55, "prueba": 15, "fecha_pre_analisis": null, "resultado_numerico": null, "ultima_modificacion": "2016-01-04T21:51:32.141Z", "estado": "C", "resultado": null, "metodo": null}, "pk": 150, "model": "trazabilidad.pruebasrealizadas"}, {"fields": {"observacion_semaforo": "", "muestra": 56, "prueba": 15, "fecha_pre_analisis": "2016-02-12T15:41:38.094Z", "resultado_numerico": null, "ultima_modificacion": "2016-02-12T15:41:59.733Z", "estado": "R", "resultado": 1, "metodo": 36}, "pk": 152, "model": "trazabilidad.pruebasrealizadas"}, {"fields": {"observacion_semaforo": "", "muestra": 57, "prueba": 11, "fecha_pre_analisis": "2016-01-18T20:08:10.449Z", "resultado_numerico": null, "ultima_modificacion": "2016-01-19T16:36:56.950Z", "estado": "R", "resultado": 1, "metodo": 1}, "pk": 153, "model": "trazabilidad.pruebasrealizadas"}, {"fields": {"observacion_semaforo": "", "muestra": 58, "prueba": 31, "fecha_pre_analisis": "2016-01-18T20:09:41.047Z", "resultado_numerico": null, "ultima_modificacion": "2016-01-19T16:36:56.997Z", "estado": "R", "resultado": 2, "metodo": 1}, "pk": 154, "model": "trazabilidad.pruebasrealizadas"}, {"fields": {"observacion_semaforo": "", "muestra": 59, "prueba": 5, "fecha_pre_analisis": null, "resultado_numerico": null, "ultima_modificacion": "2016-01-05T13:45:50.762Z", "estado": "C", "resultado": null, "metodo": null}, "pk": 155, "model": "trazabilidad.pruebasrealizadas"}, {"fields": {"observacion_semaforo": "", "muestra": 60, "prueba": 6, "fecha_pre_analisis": "2016-02-29T14:10:19.582Z", "resultado_numerico": null, "ultima_modificacion": "2016-02-29T14:10:50.441Z", "estado": "R", "resultado": 13, "metodo": 3}, "pk": 156, "model": "trazabilidad.pruebasrealizadas"}, {"fields": {"observacion_semaforo": "", "muestra": 60, "prueba": 7, "fecha_pre_analisis": "2016-02-29T14:10:21.650Z", "resultado_numerico": null, "ultima_modificacion": "2016-02-29T14:11:04.725Z", "estado": "R", "resultado": 54, "metodo": 34}, "pk": 157, "model": "trazabilidad.pruebasrealizadas"}, {"fields": {"observacion_semaforo": "", "muestra": 61, "prueba": 7, "fecha_pre_analisis": "2016-02-10T14:52:08.940Z", "resultado_numerico": null, "ultima_modificacion": "2016-02-10T14:52:17.432Z", "estado": "A", "resultado": null, "metodo": null}, "pk": 158, "model": "trazabilidad.pruebasrealizadas"}, {"fields": {"observacion_semaforo": "", "muestra": 61, "prueba": 46, "fecha_pre_analisis": "2016-02-10T14:52:10.189Z", "resultado_numerico": null, "ultima_modificacion": "2016-02-10T14:52:18.710Z", "estado": "A", "resultado": null, "metodo": null}, "pk": 159, "model": "trazabilidad.pruebasrealizadas"}, {"fields": {"observacion_semaforo": "", "muestra": 62, "prueba": 31, "fecha_pre_analisis": "2016-01-05T14:06:57.179Z", "resultado_numerico": null, "ultima_modificacion": "2016-01-19T16:36:56.995Z", "estado": "R", "resultado": 1, "metodo": 1}, "pk": 160, "model": "trazabilidad.pruebasrealizadas"}, {"fields": {"observacion_semaforo": "", "muestra": 46, "prueba": 7, "fecha_pre_analisis": null, "resultado_numerico": null, "ultima_modificacion": "2016-01-05T14:13:34.936Z", "estado": "C", "resultado": null, "metodo": null}, "pk": 161, "model": "trazabilidad.pruebasrealizadas"}, {"fields": {"observacion_semaforo": "", "muestra": 41, "prueba": 13, "fecha_pre_analisis": null, "resultado_numerico": null, "ultima_modificacion": "2016-01-05T14:15:08.157Z", "estado": "C", "resultado": null, "metodo": null}, "pk": 162, "model": "trazabilidad.pruebasrealizadas"}, {"fields": {"observacion_semaforo": "", "muestra": 41, "prueba": 27, "fecha_pre_analisis": null, "resultado_numerico": null, "ultima_modificacion": "2016-01-05T14:15:08.158Z", "estado": "C", "resultado": null, "metodo": null}, "pk": 163, "model": "trazabilidad.pruebasrealizadas"}, {"fields": {"observacion_semaforo": "", "muestra": 41, "prueba": 25, "fecha_pre_analisis": null, "resultado_numerico": null, "ultima_modificacion": "2016-01-05T14:15:08.158Z", "estado": "C", "resultado": null, "metodo": null}, "pk": 164, "model": "trazabilidad.pruebasrealizadas"}, {"fields": {"observacion_semaforo": "", "muestra": 41, "prueba": 26, "fecha_pre_analisis": null, "resultado_numerico": null, "ultima_modificacion": "2016-01-05T14:15:08.159Z", "estado": "C", "resultado": null, "metodo": null}, "pk": 165, "model": "trazabilidad.pruebasrealizadas"}, {"fields": {"observacion_semaforo": "", "muestra": 41, "prueba": 28, "fecha_pre_analisis": null, "resultado_numerico": null, "ultima_modificacion": "2016-01-05T14:15:08.159Z", "estado": "C", "resultado": null, "metodo": null}, "pk": 166, "model": "trazabilidad.pruebasrealizadas"}, {"fields": {"observacion_semaforo": "", "muestra": 41, "prueba": 14, "fecha_pre_analisis": null, "resultado_numerico": null, "ultima_modificacion": "2016-01-05T14:15:08.160Z", "estado": "C", "resultado": null, "metodo": null}, "pk": 167, "model": "trazabilidad.pruebasrealizadas"}, {"fields": {"observacion_semaforo": "", "muestra": 41, "prueba": 24, "fecha_pre_analisis": null, "resultado_numerico": null, "ultima_modificacion": "2016-01-05T14:15:08.160Z", "estado": "C", "resultado": null, "metodo": null}, "pk": 168, "model": "trazabilidad.pruebasrealizadas"}, {"fields": {"observacion_semaforo": "", "muestra": 63, "prueba": 1, "fecha_pre_analisis": "2016-01-05T14:31:34.413Z", "resultado_numerico": null, "ultima_modificacion": "2016-01-19T16:36:56.977Z", "estado": "R", "resultado": 1, "metodo": 1}, "pk": 169, "model": "trazabilidad.pruebasrealizadas"}, {"fields": {"observacion_semaforo": "", "muestra": 64, "prueba": 1, "fecha_pre_analisis": "2016-01-05T14:33:32.354Z", "resultado_numerico": null, "ultima_modificacion": "2016-01-19T16:36:56.977Z", "estado": "R", "resultado": 1, "metodo": 1}, "pk": 170, "model": "trazabilidad.pruebasrealizadas"}, {"fields": {"observacion_semaforo": "", "muestra": 65, "prueba": 1, "fecha_pre_analisis": "2016-01-05T14:48:16.068Z", "resultado_numerico": null, "ultima_modificacion": "2016-01-19T16:36:56.976Z", "estado": "R", "resultado": 1, "metodo": 1}, "pk": 172, "model": "trazabilidad.pruebasrealizadas"}, {"fields": {"observacion_semaforo": "", "muestra": 66, "prueba": 18, "fecha_pre_analisis": "2016-01-05T14:57:05.716Z", "resultado_numerico": null, "ultima_modificacion": "2016-01-19T16:36:56.979Z", "estado": "R", "resultado": 9, "metodo": 1}, "pk": 174, "model": "trazabilidad.pruebasrealizadas"}, {"fields": {"observacion_semaforo": "", "muestra": 67, "prueba": 1, "fecha_pre_analisis": "2016-01-05T15:05:56.621Z", "resultado_numerico": null, "ultima_modificacion": "2016-01-19T16:36:56.973Z", "estado": "R", "resultado": 1, "metodo": 1}, "pk": 176, "model": "trazabilidad.pruebasrealizadas"}, {"fields": {"observacion_semaforo": "falta de Reactivo", "muestra": 68, "prueba": 12, "fecha_pre_analisis": "2016-01-07T20:09:35.502Z", "resultado_numerico": "0.01", "ultima_modificacion": "2016-02-04T15:08:54.064Z", "estado": "R", "resultado": null, "metodo": 6}, "pk": 177, "model": "trazabilidad.pruebasrealizadas"}, {"fields": {"observacion_semaforo": "", "muestra": 68, "prueba": 3, "fecha_pre_analisis": "2016-02-04T15:08:57.807Z", "resultado_numerico": "0.01", "ultima_modificacion": "2016-02-04T15:09:20.020Z", "estado": "R", "resultado": null, "metodo": 8}, "pk": 178, "model": "trazabilidad.pruebasrealizadas"}, {"fields": {"observacion_semaforo": "", "muestra": 68, "prueba": 2, "fecha_pre_analisis": "2016-02-04T15:09:25.058Z", "resultado_numerico": "0.02", "ultima_modificacion": "2016-02-04T15:09:43.505Z", "estado": "R", "resultado": null, "metodo": 11}, "pk": 179, "model": "trazabilidad.pruebasrealizadas"}, {"fields": {"observacion_semaforo": "", "muestra": 70, "prueba": 12, "fecha_pre_analisis": null, "resultado_numerico": null, "ultima_modificacion": "2016-01-08T14:03:14.432Z", "estado": "C", "resultado": null, "metodo": null}, "pk": 189, "model": "trazabilidad.pruebasrealizadas"}, {"fields": {"observacion_semaforo": "", "muestra": 70, "prueba": 3, "fecha_pre_analisis": null, "resultado_numerico": null, "ultima_modificacion": "2016-01-08T14:03:14.433Z", "estado": "C", "resultado": null, "metodo": null}, "pk": 190, "model": "trazabilidad.pruebasrealizadas"}, {"fields": {"observacion_semaforo": "", "muestra": 70, "prueba": 2, "fecha_pre_analisis": null, "resultado_numerico": null, "ultima_modificacion": "2016-01-08T14:03:14.434Z", "estado": "C", "resultado": null, "metodo": null}, "pk": 191, "model": "trazabilidad.pruebasrealizadas"}, {"fields": {"observacion_semaforo": "", "muestra": 72, "prueba": 11, "fecha_pre_analisis": "2016-01-08T15:32:02.306Z", "resultado_numerico": null, "ultima_modificacion": "2016-01-19T16:36:56.946Z", "estado": "R", "resultado": 2, "metodo": 1}, "pk": 197, "model": "trazabilidad.pruebasrealizadas"}, {"fields": {"observacion_semaforo": "", "muestra": 72, "prueba": 1, "fecha_pre_analisis": "2016-01-08T15:35:44.495Z", "resultado_numerico": null, "ultima_modificacion": "2016-01-19T16:36:56.974Z", "estado": "R", "resultado": 1, "metodo": 1}, "pk": 198, "model": "trazabilidad.pruebasrealizadas"}, {"fields": {"observacion_semaforo": "", "muestra": 49, "prueba": 18, "fecha_pre_analisis": "2016-02-12T14:27:43.750Z", "resultado_numerico": null, "ultima_modificacion": "2016-02-12T14:28:02.795Z", "estado": "R", "resultado": 9, "metodo": 37}, "pk": 199, "model": "trazabilidad.pruebasrealizadas"}, {"fields": {"observacion_semaforo": "", "muestra": 36, "prueba": 11, "fecha_pre_analisis": null, "resultado_numerico": null, "ultima_modificacion": "2016-01-08T15:05:18.139Z", "estado": "C", "resultado": null, "metodo": null}, "pk": 200, "model": "trazabilidad.pruebasrealizadas"}, {"fields": {"observacion_semaforo": "", "muestra": 36, "prueba": 1, "fecha_pre_analisis": null, "resultado_numerico": null, "ultima_modificacion": "2016-01-08T15:05:18.140Z", "estado": "C", "resultado": null, "metodo": null}, "pk": 201, "model": "trazabilidad.pruebasrealizadas"}, {"fields": {"observacion_semaforo": "", "muestra": 73, "prueba": 11, "fecha_pre_analisis": null, "resultado_numerico": null, "ultima_modificacion": "2016-01-08T15:11:06.352Z", "estado": "C", "resultado": null, "metodo": null}, "pk": 205, "model": "trazabilidad.pruebasrealizadas"}, {"fields": {"observacion_semaforo": "", "muestra": 73, "prueba": 1, "fecha_pre_analisis": null, "resultado_numerico": null, "ultima_modificacion": "2016-01-08T15:11:06.353Z", "estado": "C", "resultado": null, "metodo": null}, "pk": 206, "model": "trazabilidad.pruebasrealizadas"}, {"fields": {"observacion_semaforo": "", "muestra": 73, "prueba": 31, "fecha_pre_analisis": null, "resultado_numerico": null, "ultima_modificacion": "2016-01-08T15:11:06.353Z", "estado": "C", "resultado": null, "metodo": null}, "pk": 207, "model": "trazabilidad.pruebasrealizadas"}, {"fields": {"observacion_semaforo": "", "muestra": 74, "prueba": 13, "fecha_pre_analisis": null, "resultado_numerico": null, "ultima_modificacion": "2016-01-08T16:37:16.340Z", "estado": "C", "resultado": null, "metodo": null}, "pk": 211, "model": "trazabilidad.pruebasrealizadas"}, {"fields": {"observacion_semaforo": "", "muestra": 74, "prueba": 27, "fecha_pre_analisis": null, "resultado_numerico": null, "ultima_modificacion": "2016-01-08T16:37:16.341Z", "estado": "C", "resultado": null, "metodo": null}, "pk": 212, "model": "trazabilidad.pruebasrealizadas"}, {"fields": {"observacion_semaforo": "", "muestra": 74, "prueba": 25, "fecha_pre_analisis": null, "resultado_numerico": null, "ultima_modificacion": "2016-01-08T16:37:16.342Z", "estado": "C", "resultado": null, "metodo": null}, "pk": 213, "model": "trazabilidad.pruebasrealizadas"}, {"fields": {"observacion_semaforo": "", "muestra": 74, "prueba": 26, "fecha_pre_analisis": null, "resultado_numerico": null, "ultima_modificacion": "2016-01-08T16:37:16.342Z", "estado": "C", "resultado": null, "metodo": null}, "pk": 214, "model": "trazabilidad.pruebasrealizadas"}, {"fields": {"observacion_semaforo": "", "muestra": 74, "prueba": 28, "fecha_pre_analisis": null, "resultado_numerico": null, "ultima_modificacion": "2016-01-08T16:37:16.343Z", "estado": "C", "resultado": null, "metodo": null}, "pk": 215, "model": "trazabilidad.pruebasrealizadas"}, {"fields": {"observacion_semaforo": "", "muestra": 74, "prueba": 14, "fecha_pre_analisis": null, "resultado_numerico": null, "ultima_modificacion": "2016-01-08T16:37:16.343Z", "estado": "C", "resultado": null, "metodo": null}, "pk": 216, "model": "trazabilidad.pruebasrealizadas"}, {"fields": {"observacion_semaforo": "", "muestra": 74, "prueba": 24, "fecha_pre_analisis": null, "resultado_numerico": null, "ultima_modificacion": "2016-01-08T16:37:16.344Z", "estado": "C", "resultado": null, "metodo": null}, "pk": 217, "model": "trazabilidad.pruebasrealizadas"}, {"fields": {"observacion_semaforo": "", "muestra": 75, "prueba": 55, "fecha_pre_analisis": "2016-01-08T17:07:39.086Z", "resultado_numerico": null, "ultima_modificacion": "2016-01-19T16:36:57.034Z", "estado": "R", "resultado": 6, "metodo": 1}, "pk": 218, "model": "trazabilidad.pruebasrealizadas"}, {"fields": {"observacion_semaforo": "", "muestra": 76, "prueba": 70, "fecha_pre_analisis": "2016-01-08T17:13:42.738Z", "resultado_numerico": null, "ultima_modificacion": "2016-01-19T16:36:56.990Z", "estado": "R", "resultado": 41, "metodo": 1}, "pk": 219, "model": "trazabilidad.pruebasrealizadas"}, {"fields": {"observacion_semaforo": "", "muestra": 69, "prueba": 12, "fecha_pre_analisis": null, "resultado_numerico": null, "ultima_modificacion": "2016-01-08T22:31:54.512Z", "estado": "C", "resultado": null, "metodo": null}, "pk": 220, "model": "trazabilidad.pruebasrealizadas"}, {"fields": {"observacion_semaforo": "", "muestra": 69, "prueba": 3, "fecha_pre_analisis": null, "resultado_numerico": null, "ultima_modificacion": "2016-01-08T22:31:54.588Z", "estado": "C", "resultado": null, "metodo": null}, "pk": 221, "model": "trazabilidad.pruebasrealizadas"}, {"fields": {"observacion_semaforo": "", "muestra": 71, "prueba": 2, "fecha_pre_analisis": null, "resultado_numerico": null, "ultima_modificacion": "2016-01-08T22:31:54.592Z", "estado": "C", "resultado": null, "metodo": null}, "pk": 222, "model": "trazabilidad.pruebasrealizadas"}, {"fields": {"observacion_semaforo": "", "muestra": 39, "prueba": 11, "fecha_pre_analisis": null, "resultado_numerico": null, "ultima_modificacion": "2016-01-09T17:47:20.582Z", "estado": "C", "resultado": null, "metodo": null}, "pk": 223, "model": "trazabilidad.pruebasrealizadas"}, {"fields": {"observacion_semaforo": "", "muestra": 39, "prueba": 1, "fecha_pre_analisis": null, "resultado_numerico": null, "ultima_modificacion": "2016-01-09T17:47:20.639Z", "estado": "C", "resultado": null, "metodo": null}, "pk": 224, "model": "trazabilidad.pruebasrealizadas"}, {"fields": {"observacion_semaforo": "", "muestra": 77, "prueba": 9, "fecha_pre_analisis": "2016-01-18T20:19:11.797Z", "resultado_numerico": null, "ultima_modificacion": "2016-01-19T16:36:56.918Z", "estado": "R", "resultado": 16, "metodo": 1}, "pk": 225, "model": "trazabilidad.pruebasrealizadas"}, {"fields": {"observacion_semaforo": "", "muestra": 77, "prueba": 6, "fecha_pre_analisis": "2016-01-18T20:19:14.120Z", "resultado_numerico": null, "ultima_modificacion": "2016-01-19T16:36:56.936Z", "estado": "R", "resultado": 13, "metodo": 1}, "pk": 226, "model": "trazabilidad.pruebasrealizadas"}, {"fields": {"observacion_semaforo": "", "muestra": 38, "prueba": 59, "fecha_pre_analisis": null, "resultado_numerico": null, "ultima_modificacion": "2016-01-09T18:45:08.407Z", "estado": "C", "resultado": null, "metodo": null}, "pk": 227, "model": "trazabilidad.pruebasrealizadas"}, {"fields": {"observacion_semaforo": "", "muestra": 38, "prueba": 58, "fecha_pre_analisis": null, "resultado_numerico": null, "ultima_modificacion": "2016-01-09T18:45:08.408Z", "estado": "C", "resultado": null, "metodo": null}, "pk": 228, "model": "trazabilidad.pruebasrealizadas"}, {"fields": {"observacion_semaforo": "", "muestra": 38, "prueba": 60, "fecha_pre_analisis": null, "resultado_numerico": null, "ultima_modificacion": "2016-01-09T18:45:08.408Z", "estado": "C", "resultado": null, "metodo": null}, "pk": 229, "model": "trazabilidad.pruebasrealizadas"}, {"fields": {"observacion_semaforo": "", "muestra": 38, "prueba": 61, "fecha_pre_analisis": null, "resultado_numerico": null, "ultima_modificacion": "2016-01-09T18:45:08.409Z", "estado": "C", "resultado": null, "metodo": null}, "pk": 230, "model": "trazabilidad.pruebasrealizadas"}, {"fields": {"observacion_semaforo": "", "muestra": 23, "prueba": 47, "fecha_pre_analisis": "2016-02-25T15:07:05.235Z", "resultado_numerico": null, "ultima_modificacion": "2016-03-05T21:34:45.060Z", "estado": "A", "resultado": null, "metodo": null}, "pk": 231, "model": "trazabilidad.pruebasrealizadas"}, {"fields": {"observacion_semaforo": "", "muestra": 23, "prueba": 52, "fecha_pre_analisis": "2016-02-25T15:08:31.660Z", "resultado_numerico": null, "ultima_modificacion": "2016-02-25T15:08:31.660Z", "estado": "P", "resultado": null, "metodo": null}, "pk": 232, "model": "trazabilidad.pruebasrealizadas"}, {"fields": {"observacion_semaforo": "", "muestra": 22, "prueba": 1, "fecha_pre_analisis": "2016-01-18T20:13:35.529Z", "resultado_numerico": null, "ultima_modificacion": "2016-01-19T16:36:56.968Z", "estado": "R", "resultado": 1, "metodo": 1}, "pk": 233, "model": "trazabilidad.pruebasrealizadas"}, {"fields": {"observacion_semaforo": "", "muestra": 78, "prueba": 9, "fecha_pre_analisis": "2016-02-24T15:18:18.765Z", "resultado_numerico": null, "ultima_modificacion": "2016-02-24T15:18:20.173Z", "estado": "R", "resultado": null, "metodo": null}, "pk": 237, "model": "trazabilidad.pruebasrealizadas"}, {"fields": {"observacion_semaforo": "", "muestra": 79, "prueba": 12, "fecha_pre_analisis": "2016-01-12T16:43:26.912Z", "resultado_numerico": "0.00", "ultima_modificacion": "2016-01-19T16:36:56.958Z", "estado": "R", "resultado": null, "metodo": 1}, "pk": 241, "model": "trazabilidad.pruebasrealizadas"}, {"fields": {"observacion_semaforo": "", "muestra": 79, "prueba": 3, "fecha_pre_analisis": "2016-01-12T16:43:38.400Z", "resultado_numerico": "7.77", "ultima_modificacion": "2016-01-19T16:36:57.017Z", "estado": "R", "resultado": null, "metodo": 1}, "pk": 242, "model": "trazabilidad.pruebasrealizadas"}, {"fields": {"observacion_semaforo": "", "muestra": 79, "prueba": 2, "fecha_pre_analisis": "2016-01-12T16:43:34.074Z", "resultado_numerico": "0.00", "ultima_modificacion": "2016-01-19T16:36:56.989Z", "estado": "R", "resultado": null, "metodo": 1}, "pk": 243, "model": "trazabilidad.pruebasrealizadas"}, {"fields": {"observacion_semaforo": "", "muestra": 80, "prueba": 11, "fecha_pre_analisis": "2016-01-18T20:05:26.489Z", "resultado_numerico": null, "ultima_modificacion": "2016-01-19T16:36:56.952Z", "estado": "R", "resultado": 1, "metodo": 1}, "pk": 246, "model": "trazabilidad.pruebasrealizadas"}, {"fields": {"observacion_semaforo": "", "muestra": 80, "prueba": 1, "fecha_pre_analisis": "2016-01-18T20:05:27.929Z", "resultado_numerico": null, "ultima_modificacion": "2016-01-19T16:36:56.969Z", "estado": "R", "resultado": 2, "metodo": 1}, "pk": 247, "model": "trazabilidad.pruebasrealizadas"}, {"fields": {"observacion_semaforo": "", "muestra": 81, "prueba": 18, "fecha_pre_analisis": "2016-01-12T14:40:22.308Z", "resultado_numerico": null, "ultima_modificacion": "2016-01-19T16:36:56.982Z", "estado": "R", "resultado": 9, "metodo": 1}, "pk": 249, "model": "trazabilidad.pruebasrealizadas"}, {"fields": {"observacion_semaforo": "", "muestra": 82, "prueba": 18, "fecha_pre_analisis": "2016-01-18T20:15:40.893Z", "resultado_numerico": null, "ultima_modificacion": "2016-01-19T16:36:56.979Z", "estado": "R", "resultado": 9, "metodo": 1}, "pk": 250, "model": "trazabilidad.pruebasrealizadas"}, {"fields": {"observacion_semaforo": "", "muestra": 82, "prueba": 16, "fecha_pre_analisis": "2016-01-18T20:15:43.044Z", "resultado_numerico": null, "ultima_modificacion": "2016-01-18T20:15:49.996Z", "estado": "A", "resultado": null, "metodo": null}, "pk": 251, "model": "trazabilidad.pruebasrealizadas"}, {"fields": {"observacion_semaforo": "", "muestra": 83, "prueba": 7, "fecha_pre_analisis": "2016-01-12T14:50:18.367Z", "resultado_numerico": null, "ultima_modificacion": "2016-01-19T16:36:57.005Z", "estado": "R", "resultado": 1, "metodo": 1}, "pk": 254, "model": "trazabilidad.pruebasrealizadas"}, {"fields": {"observacion_semaforo": "", "muestra": 83, "prueba": 46, "fecha_pre_analisis": "2016-01-12T14:50:22.468Z", "resultado_numerico": null, "ultima_modificacion": "2016-01-19T16:36:57.023Z", "estado": "R", "resultado": 20, "metodo": 1}, "pk": 255, "model": "trazabilidad.pruebasrealizadas"}, {"fields": {"observacion_semaforo": "", "muestra": 84, "prueba": 12, "fecha_pre_analisis": null, "resultado_numerico": null, "ultima_modificacion": "2016-01-13T19:41:01.634Z", "estado": "C", "resultado": null, "metodo": null}, "pk": 256, "model": "trazabilidad.pruebasrealizadas"}, {"fields": {"observacion_semaforo": "", "muestra": 84, "prueba": 3, "fecha_pre_analisis": null, "resultado_numerico": null, "ultima_modificacion": "2016-01-13T19:41:01.674Z", "estado": "C", "resultado": null, "metodo": null}, "pk": 257, "model": "trazabilidad.pruebasrealizadas"}, {"fields": {"observacion_semaforo": "", "muestra": 84, "prueba": 2, "fecha_pre_analisis": null, "resultado_numerico": null, "ultima_modificacion": "2016-01-13T19:41:01.677Z", "estado": "C", "resultado": null, "metodo": null}, "pk": 258, "model": "trazabilidad.pruebasrealizadas"}, {"fields": {"observacion_semaforo": "", "muestra": 85, "prueba": 12, "fecha_pre_analisis": null, "resultado_numerico": null, "ultima_modificacion": "2016-01-13T19:48:18.072Z", "estado": "C", "resultado": null, "metodo": null}, "pk": 262, "model": "trazabilidad.pruebasrealizadas"}, {"fields": {"observacion_semaforo": "", "muestra": 85, "prueba": 3, "fecha_pre_analisis": null, "resultado_numerico": null, "ultima_modificacion": "2016-01-13T19:48:18.076Z", "estado": "C", "resultado": null, "metodo": null}, "pk": 263, "model": "trazabilidad.pruebasrealizadas"}, {"fields": {"observacion_semaforo": "", "muestra": 85, "prueba": 2, "fecha_pre_analisis": null, "resultado_numerico": null, "ultima_modificacion": "2016-01-13T19:48:18.077Z", "estado": "C", "resultado": null, "metodo": null}, "pk": 264, "model": "trazabilidad.pruebasrealizadas"}, {"fields": {"observacion_semaforo": "", "muestra": 86, "prueba": 6, "fecha_pre_analisis": "2016-01-14T13:35:19.700Z", "resultado_numerico": null, "ultima_modificacion": "2016-01-19T16:36:56.941Z", "estado": "R", "resultado": 14, "metodo": 1}, "pk": 265, "model": "trazabilidad.pruebasrealizadas"}, {"fields": {"observacion_semaforo": "", "muestra": 87, "prueba": 7, "fecha_pre_analisis": "2016-01-14T13:42:07.407Z", "resultado_numerico": null, "ultima_modificacion": "2016-01-19T16:36:57.007Z", "estado": "R", "resultado": 1, "metodo": 1}, "pk": 266, "model": "trazabilidad.pruebasrealizadas"}, {"fields": {"observacion_semaforo": "", "muestra": 87, "prueba": 46, "fecha_pre_analisis": "2016-01-14T13:42:12.175Z", "resultado_numerico": null, "ultima_modificacion": "2016-01-19T16:36:57.026Z", "estado": "R", "resultado": 18, "metodo": 1}, "pk": 267, "model": "trazabilidad.pruebasrealizadas"}, {"fields": {"observacion_semaforo": "", "muestra": 88, "prueba": 7, "fecha_pre_analisis": "2016-01-14T13:50:46.308Z", "resultado_numerico": null, "ultima_modificacion": "2016-01-19T16:36:57.009Z", "estado": "R", "resultado": 54, "metodo": 1}, "pk": 270, "model": "trazabilidad.pruebasrealizadas"}, {"fields": {"observacion_semaforo": "", "muestra": 88, "prueba": 70, "fecha_pre_analisis": "2016-01-14T13:50:52.236Z", "resultado_numerico": null, "ultima_modificacion": "2016-01-19T16:36:56.992Z", "estado": "R", "resultado": 20, "metodo": 1}, "pk": 271, "model": "trazabilidad.pruebasrealizadas"}, {"fields": {"observacion_semaforo": "", "muestra": 89, "prueba": 6, "fecha_pre_analisis": "2016-01-18T20:02:49.851Z", "resultado_numerico": null, "ultima_modificacion": "2016-01-19T16:36:56.943Z", "estado": "R", "resultado": 14, "metodo": 1}, "pk": 272, "model": "trazabilidad.pruebasrealizadas"}, {"fields": {"observacion_semaforo": "", "muestra": 89, "prueba": 45, "fecha_pre_analisis": "2016-01-18T20:02:52.402Z", "resultado_numerico": null, "ultima_modificacion": "2016-01-19T16:36:56.964Z", "estado": "R", "resultado": 14, "metodo": 1}, "pk": 273, "model": "trazabilidad.pruebasrealizadas"}, {"fields": {"observacion_semaforo": "", "muestra": 90, "prueba": 7, "fecha_pre_analisis": "2016-01-14T15:30:40.634Z", "resultado_numerico": null, "ultima_modificacion": "2016-01-19T16:36:57.008Z", "estado": "R", "resultado": 54, "metodo": 1}, "pk": 274, "model": "trazabilidad.pruebasrealizadas"}, {"fields": {"observacion_semaforo": "", "muestra": 90, "prueba": 70, "fecha_pre_analisis": "2016-01-14T15:30:47.829Z", "resultado_numerico": null, "ultima_modificacion": "2016-01-19T16:36:56.991Z", "estado": "R", "resultado": 50, "metodo": 1}, "pk": 275, "model": "trazabilidad.pruebasrealizadas"}, {"fields": {"observacion_semaforo": "", "muestra": 91, "prueba": 6, "fecha_pre_analisis": "2016-01-14T16:27:29.639Z", "resultado_numerico": null, "ultima_modificacion": "2016-01-19T16:36:56.942Z", "estado": "R", "resultado": 14, "metodo": 1}, "pk": 276, "model": "trazabilidad.pruebasrealizadas"}, {"fields": {"observacion_semaforo": "", "muestra": 91, "prueba": 45, "fecha_pre_analisis": "2016-01-14T16:27:35.353Z", "resultado_numerico": null, "ultima_modificacion": "2016-01-19T16:36:56.962Z", "estado": "R", "resultado": 14, "metodo": 1}, "pk": 277, "model": "trazabilidad.pruebasrealizadas"}, {"fields": {"observacion_semaforo": "", "muestra": 92, "prueba": 7, "fecha_pre_analisis": "2016-01-14T16:45:40.524Z", "resultado_numerico": null, "ultima_modificacion": "2016-01-19T16:36:57.011Z", "estado": "R", "resultado": 54, "metodo": 1}, "pk": 278, "model": "trazabilidad.pruebasrealizadas"}, {"fields": {"observacion_semaforo": "", "muestra": 92, "prueba": 46, "fecha_pre_analisis": "2016-01-14T16:48:06.164Z", "resultado_numerico": null, "ultima_modificacion": "2016-01-19T16:36:57.025Z", "estado": "R", "resultado": 18, "metodo": 1}, "pk": 279, "model": "trazabilidad.pruebasrealizadas"}, {"fields": {"observacion_semaforo": "Se el equipo en mantenimiento.", "muestra": 94, "prueba": 1, "fecha_pre_analisis": "2016-01-18T15:49:01.233Z", "resultado_numerico": null, "ultima_modificacion": "2016-01-22T20:50:58.589Z", "estado": "R", "resultado": 2, "metodo": 1}, "pk": 281, "model": "trazabilidad.pruebasrealizadas"}, {"fields": {"observacion_semaforo": "", "muestra": 95, "prueba": 11, "fecha_pre_analisis": "2016-01-18T15:55:26.967Z", "resultado_numerico": null, "ultima_modificacion": "2016-01-20T20:40:23.809Z", "estado": "R", "resultado": 1, "metodo": 1}, "pk": 284, "model": "trazabilidad.pruebasrealizadas"}, {"fields": {"observacion_semaforo": "Resultado positivo", "muestra": 95, "prueba": 1, "fecha_pre_analisis": "2016-01-18T15:55:35.867Z", "resultado_numerico": null, "ultima_modificacion": "2016-01-20T20:41:00.803Z", "estado": "R", "resultado": 1, "metodo": 1}, "pk": 285, "model": "trazabilidad.pruebasrealizadas"}, {"fields": {"observacion_semaforo": "", "muestra": 96, "prueba": 45, "fecha_pre_analisis": "2016-01-18T16:00:00.794Z", "resultado_numerico": null, "ultima_modificacion": "2016-01-19T16:36:56.961Z", "estado": "R", "resultado": 14, "metodo": 1}, "pk": 289, "model": "trazabilidad.pruebasrealizadas"}, {"fields": {"observacion_semaforo": "", "muestra": 96, "prueba": 7, "fecha_pre_analisis": "2016-01-18T15:59:54.228Z", "resultado_numerico": null, "ultima_modificacion": "2016-01-19T16:36:57.011Z", "estado": "R", "resultado": 54, "metodo": 1}, "pk": 290, "model": "trazabilidad.pruebasrealizadas"}, {"fields": {"observacion_semaforo": "", "muestra": 96, "prueba": 46, "fecha_pre_analisis": "2016-01-18T16:00:10.098Z", "resultado_numerico": null, "ultima_modificacion": "2016-01-19T16:36:57.024Z", "estado": "R", "resultado": 18, "metodo": 1}, "pk": 291, "model": "trazabilidad.pruebasrealizadas"}, {"fields": {"observacion_semaforo": "", "muestra": 97, "prueba": 75, "fecha_pre_analisis": "2016-01-18T20:00:49.850Z", "resultado_numerico": null, "ultima_modificacion": "2016-01-26T14:11:46.519Z", "estado": "A", "resultado": null, "metodo": null}, "pk": 315, "model": "trazabilidad.pruebasrealizadas"}, {"fields": {"observacion_semaforo": "", "muestra": 97, "prueba": 88, "fecha_pre_analisis": "2016-01-18T20:00:51.685Z", "resultado_numerico": null, "ultima_modificacion": "2016-01-26T14:11:48.626Z", "estado": "A", "resultado": null, "metodo": null}, "pk": 316, "model": "trazabilidad.pruebasrealizadas"}, {"fields": {"observacion_semaforo": "", "muestra": 97, "prueba": 76, "fecha_pre_analisis": "2016-01-18T20:00:53.503Z", "resultado_numerico": null, "ultima_modificacion": "2016-01-26T14:11:48.647Z", "estado": "A", "resultado": null, "metodo": null}, "pk": 317, "model": "trazabilidad.pruebasrealizadas"}, {"fields": {"observacion_semaforo": "", "muestra": 97, "prueba": 74, "fecha_pre_analisis": "2016-01-18T20:01:00.640Z", "resultado_numerico": null, "ultima_modificacion": "2016-01-26T14:11:49.114Z", "estado": "A", "resultado": null, "metodo": null}, "pk": 318, "model": "trazabilidad.pruebasrealizadas"}, {"fields": {"observacion_semaforo": "", "muestra": 97, "prueba": 85, "fecha_pre_analisis": "2016-01-18T20:01:04.098Z", "resultado_numerico": null, "ultima_modificacion": "2016-01-26T14:11:51.176Z", "estado": "A", "resultado": null, "metodo": null}, "pk": 319, "model": "trazabilidad.pruebasrealizadas"}, {"fields": {"observacion_semaforo": "", "muestra": 97, "prueba": 12, "fecha_pre_analisis": "2016-01-18T20:01:04.137Z", "resultado_numerico": null, "ultima_modificacion": "2016-01-26T14:11:51.201Z", "estado": "A", "resultado": null, "metodo": null}, "pk": 320, "model": "trazabilidad.pruebasrealizadas"}, {"fields": {"observacion_semaforo": "", "muestra": 97, "prueba": 82, "fecha_pre_analisis": "2016-01-18T20:01:23.399Z", "resultado_numerico": null, "ultima_modificacion": "2016-01-26T14:11:51.377Z", "estado": "A", "resultado": null, "metodo": null}, "pk": 321, "model": "trazabilidad.pruebasrealizadas"}, {"fields": {"observacion_semaforo": "", "muestra": 97, "prueba": 89, "fecha_pre_analisis": "2016-01-18T20:01:07.804Z", "resultado_numerico": null, "ultima_modificacion": "2016-01-26T14:11:53.540Z", "estado": "A", "resultado": null, "metodo": null}, "pk": 322, "model": "trazabilidad.pruebasrealizadas"}, {"fields": {"observacion_semaforo": "", "muestra": 97, "prueba": 77, "fecha_pre_analisis": "2016-01-18T20:01:25.878Z", "resultado_numerico": null, "ultima_modificacion": "2016-01-26T14:11:53.560Z", "estado": "A", "resultado": null, "metodo": null}, "pk": 323, "model": "trazabilidad.pruebasrealizadas"}, {"fields": {"observacion_semaforo": "", "muestra": 97, "prueba": 84, "fecha_pre_analisis": "2016-01-18T20:01:11.494Z", "resultado_numerico": null, "ultima_modificacion": "2016-01-26T14:11:53.628Z", "estado": "A", "resultado": null, "metodo": null}, "pk": 324, "model": "trazabilidad.pruebasrealizadas"}, {"fields": {"observacion_semaforo": "", "muestra": 97, "prueba": 80, "fecha_pre_analisis": "2016-01-18T20:01:09.682Z", "resultado_numerico": null, "ultima_modificacion": "2016-01-26T14:11:56.532Z", "estado": "A", "resultado": null, "metodo": null}, "pk": 325, "model": "trazabilidad.pruebasrealizadas"}, {"fields": {"observacion_semaforo": "", "muestra": 97, "prueba": 78, "fecha_pre_analisis": "2016-01-18T20:01:27.385Z", "resultado_numerico": null, "ultima_modificacion": "2016-01-26T14:11:56.838Z", "estado": "A", "resultado": null, "metodo": null}, "pk": 326, "model": "trazabilidad.pruebasrealizadas"}, {"fields": {"observacion_semaforo": "", "muestra": 97, "prueba": 79, "fecha_pre_analisis": "2016-01-18T20:01:13.246Z", "resultado_numerico": null, "ultima_modificacion": "2016-01-26T14:11:57.109Z", "estado": "A", "resultado": null, "metodo": null}, "pk": 327, "model": "trazabilidad.pruebasrealizadas"}, {"fields": {"observacion_semaforo": "", "muestra": 97, "prueba": 86, "fecha_pre_analisis": "2016-01-18T20:01:28.984Z", "resultado_numerico": null, "ultima_modificacion": "2016-01-26T14:11:57.385Z", "estado": "A", "resultado": null, "metodo": null}, "pk": 328, "model": "trazabilidad.pruebasrealizadas"}, {"fields": {"observacion_semaforo": "", "muestra": 97, "prueba": 87, "fecha_pre_analisis": "2016-01-18T20:01:31.168Z", "resultado_numerico": null, "ultima_modificacion": "2016-01-26T14:11:57.949Z", "estado": "A", "resultado": null, "metodo": null}, "pk": 329, "model": "trazabilidad.pruebasrealizadas"}, {"fields": {"observacion_semaforo": "", "muestra": 97, "prueba": 3, "fecha_pre_analisis": "2016-01-18T20:01:32.899Z", "resultado_numerico": null, "ultima_modificacion": "2016-01-26T14:11:58.646Z", "estado": "A", "resultado": null, "metodo": null}, "pk": 330, "model": "trazabilidad.pruebasrealizadas"}, {"fields": {"observacion_semaforo": "", "muestra": 97, "prueba": 83, "fecha_pre_analisis": "2016-01-18T20:01:34.627Z", "resultado_numerico": null, "ultima_modificacion": "2016-01-26T14:11:59.421Z", "estado": "A", "resultado": null, "metodo": null}, "pk": 331, "model": "trazabilidad.pruebasrealizadas"}, {"fields": {"observacion_semaforo": "", "muestra": 97, "prueba": 73, "fecha_pre_analisis": "2016-01-18T20:01:43.707Z", "resultado_numerico": null, "ultima_modificacion": "2016-01-26T14:12:00.376Z", "estado": "A", "resultado": null, "metodo": null}, "pk": 332, "model": "trazabilidad.pruebasrealizadas"}, {"fields": {"observacion_semaforo": "", "muestra": 97, "prueba": 81, "fecha_pre_analisis": "2016-01-18T20:01:47.386Z", "resultado_numerico": null, "ultima_modificacion": "2016-01-26T14:12:01.603Z", "estado": "A", "resultado": null, "metodo": null}, "pk": 333, "model": "trazabilidad.pruebasrealizadas"}, {"fields": {"observacion_semaforo": "", "muestra": 97, "prueba": 90, "fecha_pre_analisis": "2016-01-18T20:01:04.118Z", "resultado_numerico": null, "ultima_modificacion": "2016-01-26T14:12:37.645Z", "estado": "A", "resultado": null, "metodo": null}, "pk": 334, "model": "trazabilidad.pruebasrealizadas"}, {"fields": {"observacion_semaforo": "", "muestra": 97, "prueba": 2, "fecha_pre_analisis": "2016-01-18T20:01:05.832Z", "resultado_numerico": null, "ultima_modificacion": "2016-01-26T14:12:40.844Z", "estado": "A", "resultado": null, "metodo": null}, "pk": 335, "model": "trazabilidad.pruebasrealizadas"}, {"fields": {"observacion_semaforo": "", "muestra": 97, "prueba": 91, "fecha_pre_analisis": "2016-01-18T20:01:14.830Z", "resultado_numerico": null, "ultima_modificacion": "2016-01-26T14:12:40.905Z", "estado": "A", "resultado": null, "metodo": null}, "pk": 336, "model": "trazabilidad.pruebasrealizadas"}, {"fields": {"observacion_semaforo": "", "muestra": 97, "prueba": 92, "fecha_pre_analisis": "2016-01-18T20:01:45.683Z", "resultado_numerico": null, "ultima_modificacion": "2016-01-26T14:12:40.960Z", "estado": "A", "resultado": null, "metodo": null}, "pk": 337, "model": "trazabilidad.pruebasrealizadas"}, {"fields": {"observacion_semaforo": "", "muestra": 98, "prueba": 1, "fecha_pre_analisis": "2016-01-19T02:16:05.933Z", "resultado_numerico": null, "ultima_modificacion": "2016-01-19T16:36:56.966Z", "estado": "R", "resultado": 1, "metodo": 1}, "pk": 339, "model": "trazabilidad.pruebasrealizadas"}, {"fields": {"observacion_semaforo": "", "muestra": 99, "prueba": 11, "fecha_pre_analisis": "2016-01-19T13:50:24.912Z", "resultado_numerico": null, "ultima_modificacion": "2016-01-19T16:36:56.945Z", "estado": "R", "resultado": 2, "metodo": 1}, "pk": 341, "model": "trazabilidad.pruebasrealizadas"}, {"fields": {"observacion_semaforo": "", "muestra": 100, "prueba": 18, "fecha_pre_analisis": "2016-01-19T14:26:54.834Z", "resultado_numerico": null, "ultima_modificacion": "2016-01-19T16:36:56.983Z", "estado": "R", "resultado": 9, "metodo": 1}, "pk": 342, "model": "trazabilidad.pruebasrealizadas"}, {"fields": {"observacion_semaforo": "", "muestra": 101, "prueba": 1, "fecha_pre_analisis": null, "resultado_numerico": null, "ultima_modificacion": "2016-01-19T16:44:04.114Z", "estado": "C", "resultado": null, "metodo": null}, "pk": 343, "model": "trazabilidad.pruebasrealizadas"}, {"fields": {"observacion_semaforo": "", "muestra": 103, "prueba": 1, "fecha_pre_analisis": "2016-01-21T14:34:22.899Z", "resultado_numerico": null, "ultima_modificacion": "2016-01-21T14:34:54.981Z", "estado": "R", "resultado": 2, "metodo": 1}, "pk": 344, "model": "trazabilidad.pruebasrealizadas"}, {"fields": {"observacion_semaforo": "falta de Reactivo", "muestra": 104, "prueba": 72, "fecha_pre_analisis": "2016-01-22T14:33:35.712Z", "resultado_numerico": null, "ultima_modificacion": "2016-01-27T22:26:36.204Z", "estado": "R", "resultado": 2, "metodo": 1}, "pk": 345, "model": "trazabilidad.pruebasrealizadas"}, {"fields": {"observacion_semaforo": "", "muestra": 105, "prueba": 1, "fecha_pre_analisis": "2016-01-27T22:25:25.136Z", "resultado_numerico": null, "ultima_modificacion": "2016-01-29T13:43:53.204Z", "estado": "R", "resultado": 1, "metodo": 14}, "pk": 346, "model": "trazabilidad.pruebasrealizadas"}, {"fields": {"observacion_semaforo": "", "muestra": 106, "prueba": 11, "fecha_pre_analisis": "2016-01-22T20:46:21.154Z", "resultado_numerico": null, "ultima_modificacion": "2016-01-22T20:57:41.630Z", "estado": "R", "resultado": 1, "metodo": 1}, "pk": 349, "model": "trazabilidad.pruebasrealizadas"}, {"fields": {"observacion_semaforo": "", "muestra": 106, "prueba": 1, "fecha_pre_analisis": "2016-01-22T20:56:45.766Z", "resultado_numerico": null, "ultima_modificacion": "2016-01-22T20:59:21.765Z", "estado": "R", "resultado": 2, "metodo": 1}, "pk": 350, "model": "trazabilidad.pruebasrealizadas"}, {"fields": {"observacion_semaforo": "", "muestra": 107, "prueba": 1, "fecha_pre_analisis": "2016-01-25T13:47:45.241Z", "resultado_numerico": null, "ultima_modificacion": "2016-01-25T13:48:05.040Z", "estado": "R", "resultado": 1, "metodo": 1}, "pk": 351, "model": "trazabilidad.pruebasrealizadas"}, {"fields": {"observacion_semaforo": "", "muestra": 108, "prueba": 11, "fecha_pre_analisis": "2016-01-26T14:09:52.637Z", "resultado_numerico": null, "ultima_modificacion": "2016-01-26T14:10:15.933Z", "estado": "R", "resultado": 1, "metodo": 1}, "pk": 353, "model": "trazabilidad.pruebasrealizadas"}, {"fields": {"observacion_semaforo": "", "muestra": 109, "prueba": 90, "fecha_pre_analisis": "2016-01-27T22:41:07.153Z", "resultado_numerico": "0.00", "ultima_modificacion": "2016-01-27T22:41:45.928Z", "estado": "R", "resultado": null, "metodo": 10}, "pk": 354, "model": "trazabilidad.pruebasrealizadas"}, {"fields": {"observacion_semaforo": "", "muestra": 109, "prueba": 2, "fecha_pre_analisis": "2016-01-27T22:41:14.727Z", "resultado_numerico": "0.00", "ultima_modificacion": "2016-01-27T22:42:01.039Z", "estado": "R", "resultado": null, "metodo": 11}, "pk": 355, "model": "trazabilidad.pruebasrealizadas"}, {"fields": {"observacion_semaforo": "", "muestra": 109, "prueba": 91, "fecha_pre_analisis": "2016-01-27T22:42:42.665Z", "resultado_numerico": "0.00", "ultima_modificacion": "2016-01-27T22:43:28.519Z", "estado": "R", "resultado": null, "metodo": 1}, "pk": 356, "model": "trazabilidad.pruebasrealizadas"}, {"fields": {"observacion_semaforo": "", "muestra": 109, "prueba": 92, "fecha_pre_analisis": "2016-01-27T22:42:44.345Z", "resultado_numerico": "0.00", "ultima_modificacion": "2016-01-27T22:43:45.882Z", "estado": "R", "resultado": null, "metodo": 1}, "pk": 357, "model": "trazabilidad.pruebasrealizadas"}, {"fields": {"observacion_semaforo": "", "muestra": 110, "prueba": 11, "fecha_pre_analisis": "2016-01-28T15:26:52.175Z", "resultado_numerico": null, "ultima_modificacion": "2016-01-28T15:27:50.277Z", "estado": "R", "resultado": 1, "metodo": 13}, "pk": 358, "model": "trazabilidad.pruebasrealizadas"}, {"fields": {"observacion_semaforo": "", "muestra": 111, "prueba": 1, "fecha_pre_analisis": "2016-01-28T15:43:24.711Z", "resultado_numerico": null, "ultima_modificacion": "2016-01-28T15:43:53.184Z", "estado": "R", "resultado": 1, "metodo": 14}, "pk": 359, "model": "trazabilidad.pruebasrealizadas"}, {"fields": {"observacion_semaforo": "", "muestra": 112, "prueba": 90, "fecha_pre_analisis": null, "resultado_numerico": null, "ultima_modificacion": "2016-01-28T20:16:10.239Z", "estado": "C", "resultado": null, "metodo": null}, "pk": 360, "model": "trazabilidad.pruebasrealizadas"}, {"fields": {"observacion_semaforo": "", "muestra": 112, "prueba": 2, "fecha_pre_analisis": null, "resultado_numerico": null, "ultima_modificacion": "2016-01-28T20:16:10.287Z", "estado": "C", "resultado": null, "metodo": null}, "pk": 361, "model": "trazabilidad.pruebasrealizadas"}, {"fields": {"observacion_semaforo": "", "muestra": 112, "prueba": 91, "fecha_pre_analisis": null, "resultado_numerico": null, "ultima_modificacion": "2016-01-28T20:16:10.288Z", "estado": "C", "resultado": null, "metodo": null}, "pk": 362, "model": "trazabilidad.pruebasrealizadas"}, {"fields": {"observacion_semaforo": "", "muestra": 112, "prueba": 92, "fecha_pre_analisis": null, "resultado_numerico": null, "ultima_modificacion": "2016-01-28T20:16:10.289Z", "estado": "C", "resultado": null, "metodo": null}, "pk": 363, "model": "trazabilidad.pruebasrealizadas"}, {"fields": {"observacion_semaforo": "", "muestra": 113, "prueba": 75, "fecha_pre_analisis": "2016-01-28T20:28:20.681Z", "resultado_numerico": "175.00", "ultima_modificacion": "2016-01-28T20:29:07.283Z", "estado": "R", "resultado": null, "metodo": 16}, "pk": 364, "model": "trazabilidad.pruebasrealizadas"}, {"fields": {"observacion_semaforo": "", "muestra": 113, "prueba": 88, "fecha_pre_analisis": "2016-01-28T20:27:59.082Z", "resultado_numerico": "0.10", "ultima_modificacion": "2016-01-28T20:29:24.823Z", "estado": "R", "resultado": null, "metodo": 1}, "pk": 365, "model": "trazabilidad.pruebasrealizadas"}, {"fields": {"observacion_semaforo": "", "muestra": 113, "prueba": 76, "fecha_pre_analisis": "2016-01-28T20:27:59.787Z", "resultado_numerico": "35.00", "ultima_modificacion": "2016-01-28T20:29:45.767Z", "estado": "R", "resultado": null, "metodo": 17}, "pk": 366, "model": "trazabilidad.pruebasrealizadas"}, {"fields": {"observacion_semaforo": "", "muestra": 113, "prueba": 74, "fecha_pre_analisis": "2016-01-28T20:28:00.367Z", "resultado_numerico": "1.00", "ultima_modificacion": "2016-01-28T20:30:16.329Z", "estado": "R", "resultado": null, "metodo": 9}, "pk": 367, "model": "trazabilidad.pruebasrealizadas"}, {"fields": {"observacion_semaforo": "", "muestra": 113, "prueba": 85, "fecha_pre_analisis": "2016-01-28T20:28:00.868Z", "resultado_numerico": "160.00", "ultima_modificacion": "2016-01-28T20:30:45.544Z", "estado": "R", "resultado": null, "metodo": 22}, "pk": 368, "model": "trazabilidad.pruebasrealizadas"}, {"fields": {"observacion_semaforo": "", "muestra": 113, "prueba": 12, "fecha_pre_analisis": "2016-01-28T20:28:04.917Z", "resultado_numerico": "3.00", "ultima_modificacion": "2016-01-28T20:31:10.632Z", "estado": "R", "resultado": null, "metodo": 6}, "pk": 369, "model": "trazabilidad.pruebasrealizadas"}, {"fields": {"observacion_semaforo": "", "muestra": 113, "prueba": 89, "fecha_pre_analisis": "2016-01-28T20:28:04.939Z", "resultado_numerico": "0.10", "ultima_modificacion": "2016-01-28T20:34:44.243Z", "estado": "R", "resultado": null, "metodo": 1}, "pk": 371, "model": "trazabilidad.pruebasrealizadas"}, {"fields": {"observacion_semaforo": "", "muestra": 113, "prueba": 77, "fecha_pre_analisis": "2016-01-28T20:28:04.958Z", "resultado_numerico": "0.20", "ultima_modificacion": "2016-01-28T20:35:25.369Z", "estado": "R", "resultado": null, "metodo": 18}, "pk": 372, "model": "trazabilidad.pruebasrealizadas"}, {"fields": {"observacion_semaforo": "", "muestra": 113, "prueba": 84, "fecha_pre_analisis": "2016-01-28T20:28:04.976Z", "resultado_numerico": "0.10", "ultima_modificacion": "2016-01-28T20:35:40.256Z", "estado": "R", "resultado": null, "metodo": 21}, "pk": 373, "model": "trazabilidad.pruebasrealizadas"}, {"fields": {"observacion_semaforo": "", "muestra": 113, "prueba": 80, "fecha_pre_analisis": "2016-01-28T20:28:05.323Z", "resultado_numerico": "20.00", "ultima_modificacion": "2016-01-28T20:36:05.935Z", "estado": "R", "resultado": null, "metodo": 1}, "pk": 374, "model": "trazabilidad.pruebasrealizadas"}, {"fields": {"observacion_semaforo": "", "muestra": 113, "prueba": 78, "fecha_pre_analisis": "2016-01-28T20:28:07.346Z", "resultado_numerico": "0.02", "ultima_modificacion": "2016-01-28T20:36:58.675Z", "estado": "R", "resultado": null, "metodo": 1}, "pk": 375, "model": "trazabilidad.pruebasrealizadas"}, {"fields": {"observacion_semaforo": "", "muestra": 113, "prueba": 79, "fecha_pre_analisis": "2016-01-28T20:28:07.365Z", "resultado_numerico": "0.01", "ultima_modificacion": "2016-01-28T20:37:21.224Z", "estado": "R", "resultado": null, "metodo": 1}, "pk": 376, "model": "trazabilidad.pruebasrealizadas"}, {"fields": {"observacion_semaforo": "", "muestra": 113, "prueba": 86, "fecha_pre_analisis": "2016-01-28T20:28:07.384Z", "resultado_numerico": "1.00", "ultima_modificacion": "2016-01-28T20:37:41.660Z", "estado": "R", "resultado": null, "metodo": 1}, "pk": 377, "model": "trazabilidad.pruebasrealizadas"}, {"fields": {"observacion_semaforo": "", "muestra": 113, "prueba": 87, "fecha_pre_analisis": "2016-01-28T20:28:09.242Z", "resultado_numerico": "0.00", "ultima_modificacion": "2016-01-28T20:37:59.226Z", "estado": "R", "resultado": null, "metodo": 23}, "pk": 378, "model": "trazabilidad.pruebasrealizadas"}, {"fields": {"observacion_semaforo": "", "muestra": 113, "prueba": 3, "fecha_pre_analisis": "2016-01-28T20:28:09.261Z", "resultado_numerico": "7.02", "ultima_modificacion": "2016-01-28T20:38:36.747Z", "estado": "R", "resultado": null, "metodo": 8}, "pk": 379, "model": "trazabilidad.pruebasrealizadas"}, {"fields": {"observacion_semaforo": "", "muestra": 113, "prueba": 83, "fecha_pre_analisis": "2016-01-28T20:28:09.568Z", "resultado_numerico": "140.00", "ultima_modificacion": "2016-01-28T20:39:01.402Z", "estado": "R", "resultado": null, "metodo": 20}, "pk": 380, "model": "trazabilidad.pruebasrealizadas"}, {"fields": {"observacion_semaforo": "", "muestra": 113, "prueba": 73, "fecha_pre_analisis": "2016-01-28T20:28:11.621Z", "resultado_numerico": "0.00", "ultima_modificacion": "2016-01-28T20:39:22.836Z", "estado": "R", "resultado": null, "metodo": 7}, "pk": 381, "model": "trazabilidad.pruebasrealizadas"}, {"fields": {"observacion_semaforo": "", "muestra": 113, "prueba": 81, "fecha_pre_analisis": "2016-01-28T20:28:13.543Z", "resultado_numerico": "1.00", "ultima_modificacion": "2016-01-28T20:39:42.516Z", "estado": "R", "resultado": null, "metodo": 1}, "pk": 382, "model": "trazabilidad.pruebasrealizadas"}, {"fields": {"observacion_semaforo": "", "muestra": 113, "prueba": 90, "fecha_pre_analisis": "2016-01-28T20:39:47.581Z", "resultado_numerico": "0.00", "ultima_modificacion": "2016-01-28T20:40:15.215Z", "estado": "R", "resultado": null, "metodo": 10}, "pk": 383, "model": "trazabilidad.pruebasrealizadas"}, {"fields": {"observacion_semaforo": "", "muestra": 113, "prueba": 2, "fecha_pre_analisis": "2016-01-28T20:39:50.190Z", "resultado_numerico": "0.00", "ultima_modificacion": "2016-01-28T20:40:26.389Z", "estado": "R", "resultado": null, "metodo": 11}, "pk": 384, "model": "trazabilidad.pruebasrealizadas"}, {"fields": {"observacion_semaforo": "", "muestra": 113, "prueba": 91, "fecha_pre_analisis": "2016-01-28T20:39:50.219Z", "resultado_numerico": "0.00", "ultima_modificacion": "2016-01-28T20:40:51.068Z", "estado": "R", "resultado": null, "metodo": 24}, "pk": 385, "model": "trazabilidad.pruebasrealizadas"}, {"fields": {"observacion_semaforo": "", "muestra": 113, "prueba": 92, "fecha_pre_analisis": "2016-01-28T20:39:50.646Z", "resultado_numerico": "0.00", "ultima_modificacion": "2016-01-28T20:41:02.345Z", "estado": "R", "resultado": null, "metodo": 25}, "pk": 386, "model": "trazabilidad.pruebasrealizadas"}, {"fields": {"observacion_semaforo": "", "muestra": 114, "prueba": 6, "fecha_pre_analisis": "2016-02-01T16:22:29.526Z", "resultado_numerico": null, "ultima_modificacion": "2016-02-01T16:22:57.760Z", "estado": "R", "resultado": 14, "metodo": 3}, "pk": 387, "model": "trazabilidad.pruebasrealizadas"}, {"fields": {"observacion_semaforo": "", "muestra": 114, "prueba": 7, "fecha_pre_analisis": "2016-02-01T16:22:31.459Z", "resultado_numerico": null, "ultima_modificacion": "2016-02-01T16:23:33.470Z", "estado": "R", "resultado": 54, "metodo": 1}, "pk": 388, "model": "trazabilidad.pruebasrealizadas"}, {"fields": {"observacion_semaforo": "", "muestra": 114, "prueba": 46, "fecha_pre_analisis": "2016-02-01T16:22:31.478Z", "resultado_numerico": null, "ultima_modificacion": "2016-02-01T16:23:50.765Z", "estado": "R", "resultado": 18, "metodo": 4}, "pk": 389, "model": "trazabilidad.pruebasrealizadas"}, {"fields": {"observacion_semaforo": "", "muestra": 115, "prueba": 6, "fecha_pre_analisis": "2016-02-01T16:48:27.055Z", "resultado_numerico": null, "ultima_modificacion": "2016-02-01T16:49:00.923Z", "estado": "R", "resultado": 14, "metodo": 3}, "pk": 390, "model": "trazabilidad.pruebasrealizadas"}, {"fields": {"observacion_semaforo": "", "muestra": 115, "prueba": 45, "fecha_pre_analisis": "2016-02-01T16:48:28.883Z", "resultado_numerico": null, "ultima_modificacion": "2016-02-01T16:49:29.743Z", "estado": "R", "resultado": 14, "metodo": 2}, "pk": 391, "model": "trazabilidad.pruebasrealizadas"}, {"fields": {"observacion_semaforo": "", "muestra": 115, "prueba": 7, "fecha_pre_analisis": "2016-02-01T16:48:28.903Z", "resultado_numerico": null, "ultima_modificacion": "2016-02-01T16:49:57.066Z", "estado": "R", "resultado": 54, "metodo": 33}, "pk": 392, "model": "trazabilidad.pruebasrealizadas"}, {"fields": {"observacion_semaforo": "", "muestra": 115, "prueba": 46, "fecha_pre_analisis": "2016-02-01T16:48:30.830Z", "resultado_numerico": null, "ultima_modificacion": "2016-02-01T16:50:35.120Z", "estado": "R", "resultado": 20, "metodo": 4}, "pk": 393, "model": "trazabilidad.pruebasrealizadas"}, {"fields": {"observacion_semaforo": "", "muestra": 116, "prueba": 6, "fecha_pre_analisis": "2016-02-02T15:06:47.067Z", "resultado_numerico": null, "ultima_modificacion": "2016-02-02T15:07:20.479Z", "estado": "R", "resultado": 14, "metodo": 3}, "pk": 394, "model": "trazabilidad.pruebasrealizadas"}, {"fields": {"observacion_semaforo": "", "muestra": 116, "prueba": 45, "fecha_pre_analisis": "2016-02-02T15:06:48.890Z", "resultado_numerico": null, "ultima_modificacion": "2016-02-02T15:07:46.924Z", "estado": "R", "resultado": 14, "metodo": 2}, "pk": 395, "model": "trazabilidad.pruebasrealizadas"}, {"fields": {"observacion_semaforo": "", "muestra": 116, "prueba": 70, "fecha_pre_analisis": "2016-02-02T15:06:48.907Z", "resultado_numerico": null, "ultima_modificacion": "2016-02-02T15:08:30.851Z", "estado": "R", "resultado": 65, "metodo": 5}, "pk": 396, "model": "trazabilidad.pruebasrealizadas"}, {"fields": {"observacion_semaforo": "", "muestra": 116, "prueba": 7, "fecha_pre_analisis": "2016-02-02T15:06:48.955Z", "resultado_numerico": null, "ultima_modificacion": "2016-02-02T15:08:10.361Z", "estado": "R", "resultado": 54, "metodo": 33}, "pk": 397, "model": "trazabilidad.pruebasrealizadas"}, {"fields": {"observacion_semaforo": "", "muestra": 116, "prueba": 46, "fecha_pre_analisis": "2016-02-02T15:06:50.805Z", "resultado_numerico": null, "ultima_modificacion": "2016-02-02T15:08:53.110Z", "estado": "R", "resultado": 62, "metodo": 4}, "pk": 398, "model": "trazabilidad.pruebasrealizadas"}, {"fields": {"observacion_semaforo": "", "muestra": 117, "prueba": 1, "fecha_pre_analisis": "2016-02-02T16:44:33.159Z", "resultado_numerico": null, "ultima_modificacion": "2016-02-02T16:45:01.833Z", "estado": "R", "resultado": 3, "metodo": 14}, "pk": 399, "model": "trazabilidad.pruebasrealizadas"}, {"fields": {"observacion_semaforo": "", "muestra": 118, "prueba": 49, "fecha_pre_analisis": null, "resultado_numerico": null, "ultima_modificacion": "2016-02-04T14:48:45.937Z", "estado": "C", "resultado": null, "metodo": null}, "pk": 400, "model": "trazabilidad.pruebasrealizadas"}, {"fields": {"observacion_semaforo": "", "muestra": 119, "prueba": 31, "fecha_pre_analisis": "2016-02-04T15:03:41.632Z", "resultado_numerico": null, "ultima_modificacion": "2016-02-04T15:04:36.675Z", "estado": "R", "resultado": 2, "metodo": 29}, "pk": 401, "model": "trazabilidad.pruebasrealizadas"}, {"fields": {"observacion_semaforo": "", "muestra": 119, "prueba": 36, "fecha_pre_analisis": "2016-02-04T15:03:45.280Z", "resultado_numerico": null, "ultima_modificacion": "2016-02-04T15:05:11.475Z", "estado": "R", "resultado": 37, "metodo": 26}, "pk": 402, "model": "trazabilidad.pruebasrealizadas"}, {"fields": {"observacion_semaforo": "12", "muestra": 120, "prueba": 5, "fecha_pre_analisis": "2016-02-05T14:20:36.287Z", "resultado_numerico": null, "ultima_modificacion": "2016-02-29T21:13:33.238Z", "estado": "R", "resultado": 12, "metodo": 1}, "pk": 403, "model": "trazabilidad.pruebasrealizadas"}, {"fields": {"observacion_semaforo": "", "muestra": 121, "prueba": 48, "fecha_pre_analisis": "2016-02-05T19:55:43.864Z", "resultado_numerico": null, "ultima_modificacion": "2016-02-05T19:57:19.966Z", "estado": "R", "resultado": 23, "metodo": 35}, "pk": 404, "model": "trazabilidad.pruebasrealizadas"}, {"fields": {"observacion_semaforo": "", "muestra": 122, "prueba": 6, "fecha_pre_analisis": "2016-02-12T13:43:32.306Z", "resultado_numerico": null, "ultima_modificacion": "2016-02-12T13:44:28.002Z", "estado": "R", "resultado": 57, "metodo": 3}, "pk": 405, "model": "trazabilidad.pruebasrealizadas"}, {"fields": {"observacion_semaforo": "", "muestra": 122, "prueba": 45, "fecha_pre_analisis": "2016-02-12T13:43:48.442Z", "resultado_numerico": null, "ultima_modificacion": "2016-02-12T13:44:44.204Z", "estado": "R", "resultado": 13, "metodo": 2}, "pk": 406, "model": "trazabilidad.pruebasrealizadas"}, {"fields": {"observacion_semaforo": "", "muestra": 122, "prueba": 70, "fecha_pre_analisis": "2016-02-12T13:43:42.364Z", "resultado_numerico": null, "ultima_modificacion": "2016-02-12T13:45:04.802Z", "estado": "R", "resultado": 64, "metodo": 5}, "pk": 407, "model": "trazabilidad.pruebasrealizadas"}, {"fields": {"observacion_semaforo": "", "muestra": 122, "prueba": 7, "fecha_pre_analisis": "2016-02-12T13:43:43.496Z", "resultado_numerico": null, "ultima_modificacion": "2016-02-12T13:45:23.585Z", "estado": "R", "resultado": 54, "metodo": 34}, "pk": 408, "model": "trazabilidad.pruebasrealizadas"}, {"fields": {"observacion_semaforo": "", "muestra": 122, "prueba": 46, "fecha_pre_analisis": "2016-02-12T13:43:35.907Z", "resultado_numerico": null, "ultima_modificacion": "2016-02-12T13:45:44.365Z", "estado": "R", "resultado": 60, "metodo": 4}, "pk": 409, "model": "trazabilidad.pruebasrealizadas"}, {"fields": {"observacion_semaforo": "", "muestra": 123, "prueba": 75, "fecha_pre_analisis": "2016-02-12T15:48:18.009Z", "resultado_numerico": "34.00", "ultima_modificacion": "2016-02-12T15:49:40.504Z", "estado": "R", "resultado": null, "metodo": 16}, "pk": 410, "model": "trazabilidad.pruebasrealizadas"}, {"fields": {"observacion_semaforo": "", "muestra": 123, "prueba": 88, "fecha_pre_analisis": "2016-02-12T15:48:30.750Z", "resultado_numerico": "34.90", "ultima_modificacion": "2016-02-12T15:50:10.886Z", "estado": "R", "resultado": null, "metodo": 1}, "pk": 411, "model": "trazabilidad.pruebasrealizadas"}, {"fields": {"observacion_semaforo": "", "muestra": 123, "prueba": 76, "fecha_pre_analisis": "2016-02-12T15:48:32.165Z", "resultado_numerico": "31.00", "ultima_modificacion": "2016-02-12T15:50:25.302Z", "estado": "R", "resultado": null, "metodo": 17}, "pk": 412, "model": "trazabilidad.pruebasrealizadas"}, {"fields": {"observacion_semaforo": "", "muestra": 123, "prueba": 74, "fecha_pre_analisis": "2016-02-12T15:48:24.241Z", "resultado_numerico": "12.00", "ultima_modificacion": "2016-02-12T15:50:42.979Z", "estado": "R", "resultado": null, "metodo": 9}, "pk": 413, "model": "trazabilidad.pruebasrealizadas"}, {"fields": {"observacion_semaforo": "", "muestra": 123, "prueba": 85, "fecha_pre_analisis": "2016-02-12T15:48:25.434Z", "resultado_numerico": "0.56", "ultima_modificacion": "2016-02-12T15:51:01.860Z", "estado": "R", "resultado": null, "metodo": 22}, "pk": 414, "model": "trazabilidad.pruebasrealizadas"}, {"fields": {"observacion_semaforo": "", "muestra": 123, "prueba": 12, "fecha_pre_analisis": "2016-02-12T15:48:26.607Z", "resultado_numerico": "0.00", "ultima_modificacion": "2016-02-12T15:51:15.446Z", "estado": "R", "resultado": null, "metodo": 6}, "pk": 415, "model": "trazabilidad.pruebasrealizadas"}, {"fields": {"observacion_semaforo": "", "muestra": 123, "prueba": 82, "fecha_pre_analisis": "2016-02-12T15:48:37.496Z", "resultado_numerico": "12.70", "ultima_modificacion": "2016-02-12T15:51:41.869Z", "estado": "R", "resultado": null, "metodo": 17}, "pk": 416, "model": "trazabilidad.pruebasrealizadas"}, {"fields": {"observacion_semaforo": "", "muestra": 123, "prueba": 89, "fecha_pre_analisis": "2016-02-12T15:48:38.843Z", "resultado_numerico": "33.00", "ultima_modificacion": "2016-02-12T15:52:03.467Z", "estado": "R", "resultado": null, "metodo": 1}, "pk": 417, "model": "trazabilidad.pruebasrealizadas"}, {"fields": {"observacion_semaforo": "", "muestra": 123, "prueba": 77, "fecha_pre_analisis": "2016-02-12T15:48:40.041Z", "resultado_numerico": "5.00", "ultima_modificacion": "2016-02-12T15:52:19.239Z", "estado": "R", "resultado": null, "metodo": 18}, "pk": 418, "model": "trazabilidad.pruebasrealizadas"}, {"fields": {"observacion_semaforo": "", "muestra": 123, "prueba": 84, "fecha_pre_analisis": "2016-02-12T15:49:02.245Z", "resultado_numerico": "12.00", "ultima_modificacion": "2016-02-12T15:53:12.802Z", "estado": "R", "resultado": null, "metodo": 21}, "pk": 419, "model": "trazabilidad.pruebasrealizadas"}, {"fields": {"observacion_semaforo": "", "muestra": 123, "prueba": 80, "fecha_pre_analisis": "2016-02-12T15:49:03.456Z", "resultado_numerico": "0.00", "ultima_modificacion": "2016-02-12T15:52:55.505Z", "estado": "R", "resultado": null, "metodo": 1}, "pk": 420, "model": "trazabilidad.pruebasrealizadas"}, {"fields": {"observacion_semaforo": "", "muestra": 123, "prueba": 78, "fecha_pre_analisis": "2016-02-12T15:49:04.638Z", "resultado_numerico": "0.30", "ultima_modificacion": "2016-02-12T15:53:31.321Z", "estado": "R", "resultado": null, "metodo": 1}, "pk": 421, "model": "trazabilidad.pruebasrealizadas"}, {"fields": {"observacion_semaforo": "", "muestra": 123, "prueba": 79, "fecha_pre_analisis": "2016-02-12T15:49:05.848Z", "resultado_numerico": "11.00", "ultima_modificacion": "2016-02-12T15:53:46.360Z", "estado": "R", "resultado": null, "metodo": 1}, "pk": 422, "model": "trazabilidad.pruebasrealizadas"}, {"fields": {"observacion_semaforo": "", "muestra": 123, "prueba": 86, "fecha_pre_analisis": "2016-02-12T15:49:07.056Z", "resultado_numerico": "1.00", "ultima_modificacion": "2016-02-12T15:54:22.711Z", "estado": "R", "resultado": null, "metodo": 1}, "pk": 423, "model": "trazabilidad.pruebasrealizadas"}, {"fields": {"observacion_semaforo": "", "muestra": 123, "prueba": 87, "fecha_pre_analisis": "2016-02-12T15:49:08.288Z", "resultado_numerico": "0.70", "ultima_modificacion": "2016-02-12T15:54:46.921Z", "estado": "R", "resultado": null, "metodo": 23}, "pk": 424, "model": "trazabilidad.pruebasrealizadas"}, {"fields": {"observacion_semaforo": "", "muestra": 123, "prueba": 3, "fecha_pre_analisis": "2016-02-12T15:49:16.379Z", "resultado_numerico": "7.00", "ultima_modificacion": "2016-02-12T15:55:14.516Z", "estado": "R", "resultado": null, "metodo": 8}, "pk": 425, "model": "trazabilidad.pruebasrealizadas"}, {"fields": {"observacion_semaforo": "", "muestra": 123, "prueba": 83, "fecha_pre_analisis": "2016-02-12T15:49:17.574Z", "resultado_numerico": "2.00", "ultima_modificacion": "2016-02-12T15:55:29.259Z", "estado": "R", "resultado": null, "metodo": 20}, "pk": 426, "model": "trazabilidad.pruebasrealizadas"}, {"fields": {"observacion_semaforo": "", "muestra": 123, "prueba": 73, "fecha_pre_analisis": "2016-02-12T15:49:18.762Z", "resultado_numerico": "32.00", "ultima_modificacion": "2016-02-12T15:55:51.190Z", "estado": "R", "resultado": null, "metodo": 7}, "pk": 427, "model": "trazabilidad.pruebasrealizadas"}, {"fields": {"observacion_semaforo": "", "muestra": 123, "prueba": 81, "fecha_pre_analisis": "2016-02-12T15:49:19.989Z", "resultado_numerico": "23.00", "ultima_modificacion": "2016-02-12T15:56:05.112Z", "estado": "R", "resultado": null, "metodo": 1}, "pk": 428, "model": "trazabilidad.pruebasrealizadas"}, {"fields": {"observacion_semaforo": "", "muestra": 123, "prueba": 90, "fecha_pre_analisis": "2016-02-12T15:56:43.084Z", "resultado_numerico": "0.00", "ultima_modificacion": "2016-02-12T15:59:29.115Z", "estado": "R", "resultado": null, "metodo": 10}, "pk": 429, "model": "trazabilidad.pruebasrealizadas"}, {"fields": {"observacion_semaforo": "", "muestra": 123, "prueba": 2, "fecha_pre_analisis": "2016-02-12T15:56:33.663Z", "resultado_numerico": "0.00", "ultima_modificacion": "2016-02-12T15:59:44.417Z", "estado": "R", "resultado": null, "metodo": 11}, "pk": 430, "model": "trazabilidad.pruebasrealizadas"}, {"fields": {"observacion_semaforo": "", "muestra": 123, "prueba": 91, "fecha_pre_analisis": "2016-02-12T15:56:34.866Z", "resultado_numerico": "0.00", "ultima_modificacion": "2016-02-12T16:00:03.970Z", "estado": "R", "resultado": null, "metodo": 24}, "pk": 431, "model": "trazabilidad.pruebasrealizadas"}, {"fields": {"observacion_semaforo": "", "muestra": 123, "prueba": 92, "fecha_pre_analisis": "2016-02-12T15:56:36.105Z", "resultado_numerico": "0.00", "ultima_modificacion": "2016-02-12T16:00:17.090Z", "estado": "R", "resultado": null, "metodo": 25}, "pk": 432, "model": "trazabilidad.pruebasrealizadas"}, {"fields": {"observacion_semaforo": "", "muestra": 124, "prueba": 75, "fecha_pre_analisis": "2016-02-12T15:58:16.363Z", "resultado_numerico": "6.00", "ultima_modificacion": "2016-02-12T16:00:42.286Z", "estado": "R", "resultado": null, "metodo": 16}, "pk": 433, "model": "trazabilidad.pruebasrealizadas"}, {"fields": {"observacion_semaforo": "", "muestra": 124, "prueba": 88, "fecha_pre_analisis": "2016-02-12T15:56:49.856Z", "resultado_numerico": "23.00", "ultima_modificacion": "2016-02-12T16:01:04.408Z", "estado": "R", "resultado": null, "metodo": 1}, "pk": 434, "model": "trazabilidad.pruebasrealizadas"}, {"fields": {"observacion_semaforo": "", "muestra": 124, "prueba": 76, "fecha_pre_analisis": "2016-02-12T15:57:08.459Z", "resultado_numerico": "1.00", "ultima_modificacion": "2016-02-13T15:09:11.023Z", "estado": "R", "resultado": null, "metodo": 17}, "pk": 435, "model": "trazabilidad.pruebasrealizadas"}, {"fields": {"observacion_semaforo": "", "muestra": 124, "prueba": 74, "fecha_pre_analisis": "2016-02-12T15:57:00.182Z", "resultado_numerico": "1.00", "ultima_modificacion": "2016-02-13T15:09:33.511Z", "estado": "R", "resultado": null, "metodo": 9}, "pk": 436, "model": "trazabilidad.pruebasrealizadas"}, {"fields": {"observacion_semaforo": "", "muestra": 124, "prueba": 85, "fecha_pre_analisis": "2016-02-12T15:57:09.731Z", "resultado_numerico": "1.00", "ultima_modificacion": "2016-02-13T15:09:51.512Z", "estado": "R", "resultado": null, "metodo": 22}, "pk": 437, "model": "trazabilidad.pruebasrealizadas"}, {"fields": {"observacion_semaforo": "", "muestra": 124, "prueba": 12, "fecha_pre_analisis": "2016-02-12T15:57:29.073Z", "resultado_numerico": "1.00", "ultima_modificacion": "2016-02-13T15:10:15.611Z", "estado": "R", "resultado": null, "metodo": 6}, "pk": 438, "model": "trazabilidad.pruebasrealizadas"}, {"fields": {"observacion_semaforo": "", "muestra": 124, "prueba": 82, "fecha_pre_analisis": "2016-02-12T15:57:19.248Z", "resultado_numerico": "1.00", "ultima_modificacion": "2016-02-13T15:10:24.845Z", "estado": "R", "resultado": null, "metodo": 17}, "pk": 439, "model": "trazabilidad.pruebasrealizadas"}, {"fields": {"observacion_semaforo": "", "muestra": 124, "prueba": 89, "fecha_pre_analisis": "2016-02-12T15:57:37.310Z", "resultado_numerico": "1.00", "ultima_modificacion": "2016-02-13T15:10:34.604Z", "estado": "R", "resultado": null, "metodo": 1}, "pk": 440, "model": "trazabilidad.pruebasrealizadas"}, {"fields": {"observacion_semaforo": "", "muestra": 124, "prueba": 77, "fecha_pre_analisis": "2016-02-12T15:57:38.515Z", "resultado_numerico": "1.00", "ultima_modificacion": "2016-02-13T15:10:44.446Z", "estado": "R", "resultado": null, "metodo": 18}, "pk": 441, "model": "trazabilidad.pruebasrealizadas"}, {"fields": {"observacion_semaforo": "", "muestra": 124, "prueba": 84, "fecha_pre_analisis": "2016-02-12T15:57:39.735Z", "resultado_numerico": "1.00", "ultima_modificacion": "2016-02-13T15:10:53.936Z", "estado": "R", "resultado": null, "metodo": 21}, "pk": 442, "model": "trazabilidad.pruebasrealizadas"}, {"fields": {"observacion_semaforo": "", "muestra": 124, "prueba": 80, "fecha_pre_analisis": "2016-02-12T15:57:40.921Z", "resultado_numerico": "1.00", "ultima_modificacion": "2016-02-13T15:11:03.273Z", "estado": "R", "resultado": null, "metodo": 1}, "pk": 443, "model": "trazabilidad.pruebasrealizadas"}, {"fields": {"observacion_semaforo": "", "muestra": 124, "prueba": 78, "fecha_pre_analisis": "2016-02-12T15:57:42.180Z", "resultado_numerico": "1.00", "ultima_modificacion": "2016-02-13T15:11:15.325Z", "estado": "R", "resultado": null, "metodo": 1}, "pk": 444, "model": "trazabilidad.pruebasrealizadas"}, {"fields": {"observacion_semaforo": "", "muestra": 124, "prueba": 79, "fecha_pre_analisis": "2016-02-12T15:57:49.110Z", "resultado_numerico": "1.00", "ultima_modificacion": "2016-02-13T15:11:49.573Z", "estado": "R", "resultado": null, "metodo": 1}, "pk": 445, "model": "trazabilidad.pruebasrealizadas"}, {"fields": {"observacion_semaforo": "", "muestra": 124, "prueba": 86, "fecha_pre_analisis": "2016-02-12T15:57:50.286Z", "resultado_numerico": "1.00", "ultima_modificacion": "2016-02-13T15:12:05.509Z", "estado": "R", "resultado": null, "metodo": 1}, "pk": 446, "model": "trazabilidad.pruebasrealizadas"}, {"fields": {"observacion_semaforo": "", "muestra": 124, "prueba": 87, "fecha_pre_analisis": "2016-02-12T15:57:51.479Z", "resultado_numerico": "1.00", "ultima_modificacion": "2016-02-13T15:12:14.196Z", "estado": "R", "resultado": null, "metodo": 23}, "pk": 447, "model": "trazabilidad.pruebasrealizadas"}, {"fields": {"observacion_semaforo": "", "muestra": 124, "prueba": 3, "fecha_pre_analisis": "2016-02-12T15:57:52.718Z", "resultado_numerico": "0.00", "ultima_modificacion": "2016-02-13T15:12:24.260Z", "estado": "R", "resultado": null, "metodo": 8}, "pk": 448, "model": "trazabilidad.pruebasrealizadas"}, {"fields": {"observacion_semaforo": "", "muestra": 124, "prueba": 83, "fecha_pre_analisis": "2016-02-12T15:57:53.879Z", "resultado_numerico": "1.00", "ultima_modificacion": "2016-02-13T15:12:34.885Z", "estado": "R", "resultado": null, "metodo": 20}, "pk": 449, "model": "trazabilidad.pruebasrealizadas"}, {"fields": {"observacion_semaforo": "", "muestra": 124, "prueba": 73, "fecha_pre_analisis": "2016-02-12T15:57:55.073Z", "resultado_numerico": "1.00", "ultima_modificacion": "2016-02-13T15:12:47.272Z", "estado": "R", "resultado": null, "metodo": 7}, "pk": 450, "model": "trazabilidad.pruebasrealizadas"}, {"fields": {"observacion_semaforo": "", "muestra": 124, "prueba": 81, "fecha_pre_analisis": "2016-02-12T15:57:56.250Z", "resultado_numerico": "1.00", "ultima_modificacion": "2016-02-13T15:12:56.305Z", "estado": "R", "resultado": null, "metodo": 1}, "pk": 451, "model": "trazabilidad.pruebasrealizadas"}, {"fields": {"observacion_semaforo": "", "muestra": 124, "prueba": 90, "fecha_pre_analisis": "2016-02-12T19:23:46.550Z", "resultado_numerico": "0.01", "ultima_modificacion": "2016-02-13T15:14:58.489Z", "estado": "R", "resultado": null, "metodo": 10}, "pk": 452, "model": "trazabilidad.pruebasrealizadas"}, {"fields": {"observacion_semaforo": "", "muestra": 124, "prueba": 2, "fecha_pre_analisis": "2016-02-13T15:14:01.114Z", "resultado_numerico": "1.00", "ultima_modificacion": "2016-02-13T15:15:09.366Z", "estado": "R", "resultado": null, "metodo": 11}, "pk": 453, "model": "trazabilidad.pruebasrealizadas"}, {"fields": {"observacion_semaforo": "", "muestra": 124, "prueba": 91, "fecha_pre_analisis": "2016-02-13T15:14:06.593Z", "resultado_numerico": "1.00", "ultima_modificacion": "2016-02-13T15:15:19.529Z", "estado": "R", "resultado": null, "metodo": 24}, "pk": 454, "model": "trazabilidad.pruebasrealizadas"}, {"fields": {"observacion_semaforo": "", "muestra": 124, "prueba": 92, "fecha_pre_analisis": "2016-02-13T15:14:11.804Z", "resultado_numerico": "1.00", "ultima_modificacion": "2016-02-13T15:15:29.626Z", "estado": "R", "resultado": null, "metodo": 25}, "pk": 455, "model": "trazabilidad.pruebasrealizadas"}, {"fields": {"observacion_semaforo": "", "muestra": 125, "prueba": 75, "fecha_pre_analisis": "2016-02-12T16:01:18.239Z", "resultado_numerico": "1.00", "ultima_modificacion": "2016-02-13T15:15:38.967Z", "estado": "R", "resultado": null, "metodo": 16}, "pk": 456, "model": "trazabilidad.pruebasrealizadas"}, {"fields": {"observacion_semaforo": "", "muestra": 125, "prueba": 88, "fecha_pre_analisis": "2016-02-12T16:01:59.929Z", "resultado_numerico": "1.00", "ultima_modificacion": "2016-02-13T15:15:47.531Z", "estado": "R", "resultado": null, "metodo": 1}, "pk": 457, "model": "trazabilidad.pruebasrealizadas"}, {"fields": {"observacion_semaforo": "", "muestra": 125, "prueba": 76, "fecha_pre_analisis": "2016-02-13T15:14:43.667Z", "resultado_numerico": "1.00", "ultima_modificacion": "2016-02-13T15:18:12.782Z", "estado": "R", "resultado": null, "metodo": 17}, "pk": 458, "model": "trazabilidad.pruebasrealizadas"}, {"fields": {"observacion_semaforo": "", "muestra": 125, "prueba": 74, "fecha_pre_analisis": "2016-02-13T15:16:36.258Z", "resultado_numerico": "1.00", "ultima_modificacion": "2016-02-13T15:18:22.365Z", "estado": "R", "resultado": null, "metodo": 9}, "pk": 459, "model": "trazabilidad.pruebasrealizadas"}, {"fields": {"observacion_semaforo": "", "muestra": 125, "prueba": 85, "fecha_pre_analisis": "2016-02-13T15:16:42.205Z", "resultado_numerico": "1.00", "ultima_modificacion": "2016-02-13T15:19:07.301Z", "estado": "R", "resultado": null, "metodo": 22}, "pk": 460, "model": "trazabilidad.pruebasrealizadas"}, {"fields": {"observacion_semaforo": "", "muestra": 125, "prueba": 12, "fecha_pre_analisis": "2016-02-12T16:01:49.711Z", "resultado_numerico": "0.01", "ultima_modificacion": "2016-02-13T15:19:28.035Z", "estado": "R", "resultado": null, "metodo": 6}, "pk": 461, "model": "trazabilidad.pruebasrealizadas"}, {"fields": {"observacion_semaforo": "", "muestra": 125, "prueba": 82, "fecha_pre_analisis": "2016-02-13T15:16:50.311Z", "resultado_numerico": "1.00", "ultima_modificacion": "2016-02-13T15:19:40.870Z", "estado": "R", "resultado": null, "metodo": 17}, "pk": 462, "model": "trazabilidad.pruebasrealizadas"}, {"fields": {"observacion_semaforo": "", "muestra": 125, "prueba": 89, "fecha_pre_analisis": "2016-02-13T15:16:56.899Z", "resultado_numerico": "1.00", "ultima_modificacion": "2016-02-13T15:19:50.201Z", "estado": "R", "resultado": null, "metodo": 1}, "pk": 463, "model": "trazabilidad.pruebasrealizadas"}, {"fields": {"observacion_semaforo": "", "muestra": 125, "prueba": 77, "fecha_pre_analisis": "2016-02-13T15:17:02.335Z", "resultado_numerico": "1.00", "ultima_modificacion": "2016-02-13T15:20:04.710Z", "estado": "R", "resultado": null, "metodo": 18}, "pk": 464, "model": "trazabilidad.pruebasrealizadas"}, {"fields": {"observacion_semaforo": "", "muestra": 125, "prueba": 84, "fecha_pre_analisis": "2016-02-13T15:17:08.633Z", "resultado_numerico": "1.00", "ultima_modificacion": "2016-02-13T15:20:14.969Z", "estado": "R", "resultado": null, "metodo": 21}, "pk": 465, "model": "trazabilidad.pruebasrealizadas"}, {"fields": {"observacion_semaforo": "", "muestra": 125, "prueba": 80, "fecha_pre_analisis": "2016-02-13T15:17:14.956Z", "resultado_numerico": "0.01", "ultima_modificacion": "2016-02-13T15:21:02.878Z", "estado": "R", "resultado": null, "metodo": 1}, "pk": 466, "model": "trazabilidad.pruebasrealizadas"}, {"fields": {"observacion_semaforo": "", "muestra": 125, "prueba": 78, "fecha_pre_analisis": "2016-02-13T15:17:20.356Z", "resultado_numerico": "1.00", "ultima_modificacion": "2016-02-13T15:21:48.101Z", "estado": "R", "resultado": null, "metodo": 1}, "pk": 467, "model": "trazabilidad.pruebasrealizadas"}, {"fields": {"observacion_semaforo": "", "muestra": 125, "prueba": 79, "fecha_pre_analisis": "2016-02-13T15:17:25.938Z", "resultado_numerico": "1.00", "ultima_modificacion": "2016-02-13T15:21:59.642Z", "estado": "R", "resultado": null, "metodo": 1}, "pk": 468, "model": "trazabilidad.pruebasrealizadas"}, {"fields": {"observacion_semaforo": "", "muestra": 125, "prueba": 86, "fecha_pre_analisis": "2016-02-13T15:17:32.258Z", "resultado_numerico": "1.00", "ultima_modificacion": "2016-02-13T15:22:09.457Z", "estado": "R", "resultado": null, "metodo": 1}, "pk": 469, "model": "trazabilidad.pruebasrealizadas"}, {"fields": {"observacion_semaforo": "", "muestra": 125, "prueba": 87, "fecha_pre_analisis": "2016-02-13T15:17:37.778Z", "resultado_numerico": "1.00", "ultima_modificacion": "2016-02-13T15:22:19.243Z", "estado": "R", "resultado": null, "metodo": 23}, "pk": 470, "model": "trazabilidad.pruebasrealizadas"}, {"fields": {"observacion_semaforo": "", "muestra": 125, "prueba": 3, "fecha_pre_analisis": "2016-02-12T19:24:21.369Z", "resultado_numerico": "1.00", "ultima_modificacion": "2016-02-13T15:22:30.759Z", "estado": "R", "resultado": null, "metodo": 8}, "pk": 471, "model": "trazabilidad.pruebasrealizadas"}, {"fields": {"observacion_semaforo": "", "muestra": 125, "prueba": 83, "fecha_pre_analisis": "2016-02-13T15:17:43.274Z", "resultado_numerico": "1.00", "ultima_modificacion": "2016-02-13T15:22:41.127Z", "estado": "R", "resultado": null, "metodo": 20}, "pk": 472, "model": "trazabilidad.pruebasrealizadas"}, {"fields": {"observacion_semaforo": "", "muestra": 125, "prueba": 73, "fecha_pre_analisis": "2016-02-13T15:17:50.512Z", "resultado_numerico": "1.00", "ultima_modificacion": "2016-02-13T15:22:51.465Z", "estado": "R", "resultado": null, "metodo": 7}, "pk": 473, "model": "trazabilidad.pruebasrealizadas"}, {"fields": {"observacion_semaforo": "", "muestra": 125, "prueba": 81, "fecha_pre_analisis": "2016-02-13T15:17:56.471Z", "resultado_numerico": "1.00", "ultima_modificacion": "2016-02-13T15:23:04.245Z", "estado": "R", "resultado": null, "metodo": 1}, "pk": 474, "model": "trazabilidad.pruebasrealizadas"}, {"fields": {"observacion_semaforo": "", "muestra": 125, "prueba": 90, "fecha_pre_analisis": "2016-02-13T14:56:12.407Z", "resultado_numerico": "1.00", "ultima_modificacion": "2016-02-13T15:23:17.720Z", "estado": "R", "resultado": null, "metodo": 10}, "pk": 475, "model": "trazabilidad.pruebasrealizadas"}, {"fields": {"observacion_semaforo": "", "muestra": 125, "prueba": 2, "fecha_pre_analisis": "2016-02-13T15:13:19.410Z", "resultado_numerico": "1.00", "ultima_modificacion": "2016-02-13T15:23:30.953Z", "estado": "R", "resultado": null, "metodo": 11}, "pk": 476, "model": "trazabilidad.pruebasrealizadas"}, {"fields": {"observacion_semaforo": "", "muestra": 125, "prueba": 91, "fecha_pre_analisis": "2016-02-13T15:13:13.336Z", "resultado_numerico": "1.00", "ultima_modificacion": "2016-02-13T15:23:40.334Z", "estado": "R", "resultado": null, "metodo": 24}, "pk": 477, "model": "trazabilidad.pruebasrealizadas"}, {"fields": {"observacion_semaforo": "", "muestra": 125, "prueba": 92, "fecha_pre_analisis": "2016-02-13T14:55:16.451Z", "resultado_numerico": "1.00", "ultima_modificacion": "2016-02-13T15:23:50.116Z", "estado": "R", "resultado": null, "metodo": 25}, "pk": 478, "model": "trazabilidad.pruebasrealizadas"}, {"fields": {"observacion_semaforo": "", "muestra": 126, "prueba": 75, "fecha_pre_analisis": "2016-02-15T20:09:57.335Z", "resultado_numerico": "51.00", "ultima_modificacion": "2016-02-15T20:11:12.931Z", "estado": "R", "resultado": null, "metodo": 16}, "pk": 479, "model": "trazabilidad.pruebasrealizadas"}, {"fields": {"observacion_semaforo": "", "muestra": 126, "prueba": 88, "fecha_pre_analisis": "2016-02-15T20:09:57.705Z", "resultado_numerico": "21.00", "ultima_modificacion": "2016-02-15T20:15:18.209Z", "estado": "R", "resultado": null, "metodo": 1}, "pk": 480, "model": "trazabilidad.pruebasrealizadas"}, {"fields": {"observacion_semaforo": "", "muestra": 126, "prueba": 74, "fecha_pre_analisis": "2016-02-15T20:10:27.523Z", "resultado_numerico": "21.00", "ultima_modificacion": "2016-02-15T20:17:25.947Z", "estado": "R", "resultado": null, "metodo": 9}, "pk": 482, "model": "trazabilidad.pruebasrealizadas"}, {"fields": {"observacion_semaforo": "", "muestra": 126, "prueba": 85, "fecha_pre_analisis": "2016-02-15T20:10:00.068Z", "resultado_numerico": "32.00", "ultima_modificacion": "2016-02-15T20:17:37.307Z", "estado": "R", "resultado": null, "metodo": 22}, "pk": 483, "model": "trazabilidad.pruebasrealizadas"}, {"fields": {"observacion_semaforo": "", "muestra": 126, "prueba": 12, "fecha_pre_analisis": "2016-02-15T20:10:00.581Z", "resultado_numerico": "31.00", "ultima_modificacion": "2016-02-15T20:17:49.736Z", "estado": "R", "resultado": null, "metodo": 6}, "pk": 484, "model": "trazabilidad.pruebasrealizadas"}, {"fields": {"observacion_semaforo": "", "muestra": 126, "prueba": 89, "fecha_pre_analisis": "2016-02-15T20:10:04.844Z", "resultado_numerico": "0.02", "ultima_modificacion": "2016-02-15T20:18:13.440Z", "estado": "R", "resultado": null, "metodo": 1}, "pk": 486, "model": "trazabilidad.pruebasrealizadas"}, {"fields": {"observacion_semaforo": "", "muestra": 126, "prueba": 77, "fecha_pre_analisis": "2016-02-15T20:10:18.834Z", "resultado_numerico": "0.04", "ultima_modificacion": "2016-02-15T20:18:23.726Z", "estado": "R", "resultado": null, "metodo": 18}, "pk": 487, "model": "trazabilidad.pruebasrealizadas"}, {"fields": {"observacion_semaforo": "", "muestra": 126, "prueba": 84, "fecha_pre_analisis": "2016-02-15T20:10:20.243Z", "resultado_numerico": "0.08", "ultima_modificacion": "2016-02-15T20:18:34.549Z", "estado": "R", "resultado": null, "metodo": 21}, "pk": 488, "model": "trazabilidad.pruebasrealizadas"}, {"fields": {"observacion_semaforo": "", "muestra": 126, "prueba": 80, "fecha_pre_analisis": "2016-02-15T20:10:04.863Z", "resultado_numerico": "0.03", "ultima_modificacion": "2016-02-15T20:18:51.156Z", "estado": "R", "resultado": null, "metodo": 1}, "pk": 489, "model": "trazabilidad.pruebasrealizadas"}, {"fields": {"observacion_semaforo": "", "muestra": 126, "prueba": 78, "fecha_pre_analisis": "2016-02-15T20:10:04.887Z", "resultado_numerico": "0.06", "ultima_modificacion": "2016-02-15T20:19:02.413Z", "estado": "R", "resultado": null, "metodo": 1}, "pk": 490, "model": "trazabilidad.pruebasrealizadas"}, {"fields": {"observacion_semaforo": "", "muestra": 126, "prueba": 79, "fecha_pre_analisis": "2016-02-15T20:10:05.391Z", "resultado_numerico": "0.02", "ultima_modificacion": "2016-02-15T20:19:11.548Z", "estado": "R", "resultado": null, "metodo": 1}, "pk": 491, "model": "trazabilidad.pruebasrealizadas"}, {"fields": {"observacion_semaforo": "", "muestra": 126, "prueba": 86, "fecha_pre_analisis": "2016-02-15T20:10:05.719Z", "resultado_numerico": "0.03", "ultima_modificacion": "2016-02-15T20:19:21.576Z", "estado": "R", "resultado": null, "metodo": 1}, "pk": 492, "model": "trazabilidad.pruebasrealizadas"}, {"fields": {"observacion_semaforo": "", "muestra": 126, "prueba": 87, "fecha_pre_analisis": "2016-02-15T20:10:06.473Z", "resultado_numerico": "0.02", "ultima_modificacion": "2016-02-15T20:19:33.766Z", "estado": "R", "resultado": null, "metodo": 23}, "pk": 493, "model": "trazabilidad.pruebasrealizadas"}, {"fields": {"observacion_semaforo": "", "muestra": 126, "prueba": 3, "fecha_pre_analisis": "2016-02-15T20:10:08.929Z", "resultado_numerico": "0.01", "ultima_modificacion": "2016-02-15T20:19:58.811Z", "estado": "R", "resultado": null, "metodo": 8}, "pk": 494, "model": "trazabilidad.pruebasrealizadas"}, {"fields": {"observacion_semaforo": "", "muestra": 126, "prueba": 83, "fecha_pre_analisis": "2016-02-15T20:10:08.948Z", "resultado_numerico": "0.05", "ultima_modificacion": "2016-02-15T20:20:14.827Z", "estado": "R", "resultado": null, "metodo": 20}, "pk": 495, "model": "trazabilidad.pruebasrealizadas"}, {"fields": {"observacion_semaforo": "", "muestra": 126, "prueba": 73, "fecha_pre_analisis": "2016-02-15T20:10:08.968Z", "resultado_numerico": "0.09", "ultima_modificacion": "2016-02-15T20:20:27.518Z", "estado": "R", "resultado": null, "metodo": 7}, "pk": 496, "model": "trazabilidad.pruebasrealizadas"}, {"fields": {"observacion_semaforo": "", "muestra": 126, "prueba": 81, "fecha_pre_analisis": "2016-02-15T20:10:11.335Z", "resultado_numerico": "0.09", "ultima_modificacion": "2016-02-15T20:20:40.314Z", "estado": "R", "resultado": null, "metodo": 1}, "pk": 497, "model": "trazabilidad.pruebasrealizadas"}, {"fields": {"observacion_semaforo": "", "muestra": 126, "prueba": 90, "fecha_pre_analisis": "2016-02-15T20:19:39.112Z", "resultado_numerico": "0.00", "ultima_modificacion": "2016-02-15T20:21:01.159Z", "estado": "R", "resultado": null, "metodo": 10}, "pk": 498, "model": "trazabilidad.pruebasrealizadas"}, {"fields": {"observacion_semaforo": "", "muestra": 126, "prueba": 2, "fecha_pre_analisis": "2016-02-15T20:19:44.508Z", "resultado_numerico": "0.00", "ultima_modificacion": "2016-02-15T20:21:14.459Z", "estado": "R", "resultado": null, "metodo": 11}, "pk": 499, "model": "trazabilidad.pruebasrealizadas"}, {"fields": {"observacion_semaforo": "", "muestra": 126, "prueba": 91, "fecha_pre_analisis": "2016-02-15T20:19:46.901Z", "resultado_numerico": "0.00", "ultima_modificacion": "2016-02-15T20:21:27.961Z", "estado": "R", "resultado": null, "metodo": 24}, "pk": 500, "model": "trazabilidad.pruebasrealizadas"}, {"fields": {"observacion_semaforo": "", "muestra": 126, "prueba": 92, "fecha_pre_analisis": "2016-02-15T20:19:46.919Z", "resultado_numerico": "0.00", "ultima_modificacion": "2016-02-15T20:21:56.490Z", "estado": "R", "resultado": null, "metodo": 25}, "pk": 501, "model": "trazabilidad.pruebasrealizadas"}, {"fields": {"observacion_semaforo": "", "muestra": 127, "prueba": 75, "fecha_pre_analisis": "2016-02-15T20:22:04.347Z", "resultado_numerico": "0.02", "ultima_modificacion": "2016-02-15T20:23:21.931Z", "estado": "R", "resultado": null, "metodo": 16}, "pk": 502, "model": "trazabilidad.pruebasrealizadas"}, {"fields": {"observacion_semaforo": "", "muestra": 127, "prueba": 88, "fecha_pre_analisis": "2016-02-15T20:22:26.901Z", "resultado_numerico": "0.03", "ultima_modificacion": "2016-02-15T20:23:31.911Z", "estado": "R", "resultado": null, "metodo": 1}, "pk": 503, "model": "trazabilidad.pruebasrealizadas"}, {"fields": {"observacion_semaforo": "", "muestra": 127, "prueba": 74, "fecha_pre_analisis": "2016-02-15T20:22:06.815Z", "resultado_numerico": "-0.02", "ultima_modificacion": "2016-02-15T20:23:51.352Z", "estado": "R", "resultado": null, "metodo": 9}, "pk": 505, "model": "trazabilidad.pruebasrealizadas"}, {"fields": {"observacion_semaforo": "", "muestra": 127, "prueba": 85, "fecha_pre_analisis": "2016-02-15T20:22:09.293Z", "resultado_numerico": "0.02", "ultima_modificacion": "2016-02-15T20:24:01.051Z", "estado": "R", "resultado": null, "metodo": 22}, "pk": 506, "model": "trazabilidad.pruebasrealizadas"}, {"fields": {"observacion_semaforo": "", "muestra": 127, "prueba": 12, "fecha_pre_analisis": "2016-02-15T20:22:09.311Z", "resultado_numerico": "0.07", "ultima_modificacion": "2016-02-15T20:24:11.826Z", "estado": "R", "resultado": null, "metodo": 6}, "pk": 507, "model": "trazabilidad.pruebasrealizadas"}, {"fields": {"observacion_semaforo": "", "muestra": 127, "prueba": 89, "fecha_pre_analisis": "2016-02-15T20:22:11.732Z", "resultado_numerico": "0.07", "ultima_modificacion": "2016-02-15T20:24:34.010Z", "estado": "R", "resultado": null, "metodo": 1}, "pk": 509, "model": "trazabilidad.pruebasrealizadas"}, {"fields": {"observacion_semaforo": "", "muestra": 127, "prueba": 77, "fecha_pre_analisis": "2016-02-15T20:22:11.750Z", "resultado_numerico": "0.06", "ultima_modificacion": "2016-02-15T20:24:45.242Z", "estado": "R", "resultado": null, "metodo": 18}, "pk": 510, "model": "trazabilidad.pruebasrealizadas"}, {"fields": {"observacion_semaforo": "", "muestra": 127, "prueba": 84, "fecha_pre_analisis": "2016-02-15T20:22:11.768Z", "resultado_numerico": "0.02", "ultima_modificacion": "2016-02-15T20:24:54.142Z", "estado": "R", "resultado": null, "metodo": 21}, "pk": 511, "model": "trazabilidad.pruebasrealizadas"}, {"fields": {"observacion_semaforo": "", "muestra": 127, "prueba": 80, "fecha_pre_analisis": "2016-02-15T20:22:11.786Z", "resultado_numerico": "0.01", "ultima_modificacion": "2016-02-15T20:25:11.096Z", "estado": "R", "resultado": null, "metodo": 1}, "pk": 512, "model": "trazabilidad.pruebasrealizadas"}, {"fields": {"observacion_semaforo": "", "muestra": 127, "prueba": 78, "fecha_pre_analisis": "2016-02-15T20:22:14.116Z", "resultado_numerico": "0.10", "ultima_modificacion": "2016-02-15T20:25:24.435Z", "estado": "R", "resultado": null, "metodo": 1}, "pk": 513, "model": "trazabilidad.pruebasrealizadas"}, {"fields": {"observacion_semaforo": "", "muestra": 127, "prueba": 79, "fecha_pre_analisis": "2016-02-15T20:22:14.135Z", "resultado_numerico": "0.02", "ultima_modificacion": "2016-02-15T20:25:37.193Z", "estado": "R", "resultado": null, "metodo": 1}, "pk": 514, "model": "trazabilidad.pruebasrealizadas"}, {"fields": {"observacion_semaforo": "", "muestra": 127, "prueba": 86, "fecha_pre_analisis": "2016-02-15T20:22:14.153Z", "resultado_numerico": "0.04", "ultima_modificacion": "2016-02-15T20:25:48.971Z", "estado": "R", "resultado": null, "metodo": 1}, "pk": 515, "model": "trazabilidad.pruebasrealizadas"}, {"fields": {"observacion_semaforo": "", "muestra": 127, "prueba": 87, "fecha_pre_analisis": "2016-02-15T20:22:16.495Z", "resultado_numerico": "0.02", "ultima_modificacion": "2016-02-15T20:25:58.896Z", "estado": "R", "resultado": null, "metodo": 23}, "pk": 516, "model": "trazabilidad.pruebasrealizadas"}, {"fields": {"observacion_semaforo": "", "muestra": 127, "prueba": 3, "fecha_pre_analisis": "2016-02-15T20:22:16.513Z", "resultado_numerico": "0.11", "ultima_modificacion": "2016-02-15T20:26:09.117Z", "estado": "R", "resultado": null, "metodo": 8}, "pk": 517, "model": "trazabilidad.pruebasrealizadas"}, {"fields": {"observacion_semaforo": "", "muestra": 127, "prueba": 83, "fecha_pre_analisis": "2016-02-15T20:22:16.531Z", "resultado_numerico": "0.02", "ultima_modificacion": "2016-02-15T20:26:18.100Z", "estado": "R", "resultado": null, "metodo": 20}, "pk": 518, "model": "trazabilidad.pruebasrealizadas"}, {"fields": {"observacion_semaforo": "", "muestra": 127, "prueba": 73, "fecha_pre_analisis": "2016-02-15T20:22:18.874Z", "resultado_numerico": "0.03", "ultima_modificacion": "2016-02-15T20:26:29.533Z", "estado": "R", "resultado": null, "metodo": 7}, "pk": 519, "model": "trazabilidad.pruebasrealizadas"}, {"fields": {"observacion_semaforo": "", "muestra": 127, "prueba": 81, "fecha_pre_analisis": "2016-02-15T20:22:18.893Z", "resultado_numerico": "0.07", "ultima_modificacion": "2016-02-15T20:26:40.281Z", "estado": "R", "resultado": null, "metodo": 1}, "pk": 520, "model": "trazabilidad.pruebasrealizadas"}, {"fields": {"observacion_semaforo": "", "muestra": 127, "prueba": 90, "fecha_pre_analisis": "2016-02-15T20:22:34.211Z", "resultado_numerico": "0.04", "ultima_modificacion": "2016-02-15T20:26:49.736Z", "estado": "R", "resultado": null, "metodo": 10}, "pk": 521, "model": "trazabilidad.pruebasrealizadas"}, {"fields": {"observacion_semaforo": "", "muestra": 127, "prueba": 2, "fecha_pre_analisis": "2016-02-15T20:22:36.539Z", "resultado_numerico": "0.03", "ultima_modificacion": "2016-02-15T20:26:59.603Z", "estado": "R", "resultado": null, "metodo": 11}, "pk": 522, "model": "trazabilidad.pruebasrealizadas"}, {"fields": {"observacion_semaforo": "", "muestra": 127, "prueba": 91, "fecha_pre_analisis": "2016-02-15T20:22:36.559Z", "resultado_numerico": "-0.02", "ultima_modificacion": "2016-02-15T20:27:13.186Z", "estado": "R", "resultado": null, "metodo": 24}, "pk": 523, "model": "trazabilidad.pruebasrealizadas"}, {"fields": {"observacion_semaforo": "", "muestra": 127, "prueba": 92, "fecha_pre_analisis": "2016-02-15T20:22:36.578Z", "resultado_numerico": "0.04", "ultima_modificacion": "2016-02-15T20:27:24.978Z", "estado": "R", "resultado": null, "metodo": 25}, "pk": 524, "model": "trazabilidad.pruebasrealizadas"}, {"fields": {"observacion_semaforo": "", "muestra": 128, "prueba": 75, "fecha_pre_analisis": "2016-02-16T20:39:31.209Z", "resultado_numerico": "0.04", "ultima_modificacion": "2016-02-16T20:40:18.245Z", "estado": "R", "resultado": null, "metodo": 16}, "pk": 525, "model": "trazabilidad.pruebasrealizadas"}, {"fields": {"observacion_semaforo": "", "muestra": 128, "prueba": 88, "fecha_pre_analisis": "2016-02-23T15:38:37.328Z", "resultado_numerico": null, "ultima_modificacion": "2016-02-23T15:38:39.682Z", "estado": "R", "resultado": null, "metodo": null}, "pk": 526, "model": "trazabilidad.pruebasrealizadas"}, {"fields": {"observacion_semaforo": "", "muestra": 128, "prueba": 76, "fecha_pre_analisis": "2016-02-24T15:17:07.126Z", "resultado_numerico": null, "ultima_modificacion": "2016-02-24T15:17:14.953Z", "estado": "R", "resultado": null, "metodo": null}, "pk": 527, "model": "trazabilidad.pruebasrealizadas"}, {"fields": {"observacion_semaforo": "", "muestra": 128, "prueba": 74, "fecha_pre_analisis": "2016-02-29T16:36:08.161Z", "resultado_numerico": null, "ultima_modificacion": "2016-02-29T16:36:13.788Z", "estado": "A", "resultado": null, "metodo": null}, "pk": 528, "model": "trazabilidad.pruebasrealizadas"}, {"fields": {"observacion_semaforo": "", "muestra": 128, "prueba": 85, "fecha_pre_analisis": null, "resultado_numerico": null, "ultima_modificacion": "2016-02-16T20:29:54.955Z", "estado": "C", "resultado": null, "metodo": null}, "pk": 529, "model": "trazabilidad.pruebasrealizadas"}, {"fields": {"observacion_semaforo": "", "muestra": 128, "prueba": 12, "fecha_pre_analisis": null, "resultado_numerico": null, "ultima_modificacion": "2016-02-16T20:29:54.955Z", "estado": "C", "resultado": null, "metodo": null}, "pk": 530, "model": "trazabilidad.pruebasrealizadas"}, {"fields": {"observacion_semaforo": "", "muestra": 128, "prueba": 82, "fecha_pre_analisis": null, "resultado_numerico": null, "ultima_modificacion": "2016-02-16T20:29:54.956Z", "estado": "C", "resultado": null, "metodo": null}, "pk": 531, "model": "trazabilidad.pruebasrealizadas"}, {"fields": {"observacion_semaforo": "", "muestra": 128, "prueba": 89, "fecha_pre_analisis": null, "resultado_numerico": null, "ultima_modificacion": "2016-02-16T20:29:54.956Z", "estado": "C", "resultado": null, "metodo": null}, "pk": 532, "model": "trazabilidad.pruebasrealizadas"}, {"fields": {"observacion_semaforo": "", "muestra": 128, "prueba": 77, "fecha_pre_analisis": null, "resultado_numerico": null, "ultima_modificacion": "2016-02-16T20:29:54.957Z", "estado": "C", "resultado": null, "metodo": null}, "pk": 533, "model": "trazabilidad.pruebasrealizadas"}, {"fields": {"observacion_semaforo": "", "muestra": 128, "prueba": 84, "fecha_pre_analisis": null, "resultado_numerico": null, "ultima_modificacion": "2016-02-16T20:29:54.957Z", "estado": "C", "resultado": null, "metodo": null}, "pk": 534, "model": "trazabilidad.pruebasrealizadas"}, {"fields": {"observacion_semaforo": "", "muestra": 128, "prueba": 80, "fecha_pre_analisis": null, "resultado_numerico": null, "ultima_modificacion": "2016-02-16T20:29:54.958Z", "estado": "C", "resultado": null, "metodo": null}, "pk": 535, "model": "trazabilidad.pruebasrealizadas"}, {"fields": {"observacion_semaforo": "", "muestra": 128, "prueba": 78, "fecha_pre_analisis": null, "resultado_numerico": null, "ultima_modificacion": "2016-02-16T20:29:54.958Z", "estado": "C", "resultado": null, "metodo": null}, "pk": 536, "model": "trazabilidad.pruebasrealizadas"}, {"fields": {"observacion_semaforo": "", "muestra": 128, "prueba": 79, "fecha_pre_analisis": "2016-02-24T03:56:38.643Z", "resultado_numerico": null, "ultima_modificacion": "2016-02-24T03:56:38.643Z", "estado": "P", "resultado": null, "metodo": null}, "pk": 537, "model": "trazabilidad.pruebasrealizadas"}, {"fields": {"observacion_semaforo": "", "muestra": 128, "prueba": 86, "fecha_pre_analisis": null, "resultado_numerico": null, "ultima_modificacion": "2016-02-16T20:29:54.959Z", "estado": "C", "resultado": null, "metodo": null}, "pk": 538, "model": "trazabilidad.pruebasrealizadas"}, {"fields": {"observacion_semaforo": "", "muestra": 128, "prueba": 87, "fecha_pre_analisis": null, "resultado_numerico": null, "ultima_modificacion": "2016-02-16T20:29:54.960Z", "estado": "C", "resultado": null, "metodo": null}, "pk": 539, "model": "trazabilidad.pruebasrealizadas"}, {"fields": {"observacion_semaforo": "", "muestra": 128, "prueba": 3, "fecha_pre_analisis": null, "resultado_numerico": null, "ultima_modificacion": "2016-02-16T20:29:54.960Z", "estado": "C", "resultado": null, "metodo": null}, "pk": 540, "model": "trazabilidad.pruebasrealizadas"}, {"fields": {"observacion_semaforo": "", "muestra": 128, "prueba": 83, "fecha_pre_analisis": null, "resultado_numerico": null, "ultima_modificacion": "2016-02-16T20:29:54.960Z", "estado": "C", "resultado": null, "metodo": null}, "pk": 541, "model": "trazabilidad.pruebasrealizadas"}, {"fields": {"observacion_semaforo": "", "muestra": 128, "prueba": 73, "fecha_pre_analisis": null, "resultado_numerico": null, "ultima_modificacion": "2016-02-16T20:29:54.961Z", "estado": "C", "resultado": null, "metodo": null}, "pk": 542, "model": "trazabilidad.pruebasrealizadas"}, {"fields": {"observacion_semaforo": "", "muestra": 128, "prueba": 81, "fecha_pre_analisis": null, "resultado_numerico": null, "ultima_modificacion": "2016-02-16T20:29:54.961Z", "estado": "C", "resultado": null, "metodo": null}, "pk": 543, "model": "trazabilidad.pruebasrealizadas"}, {"fields": {"observacion_semaforo": "", "muestra": 128, "prueba": 90, "fecha_pre_analisis": null, "resultado_numerico": null, "ultima_modificacion": "2016-02-16T20:29:54.963Z", "estado": "C", "resultado": null, "metodo": null}, "pk": 544, "model": "trazabilidad.pruebasrealizadas"}, {"fields": {"observacion_semaforo": "", "muestra": 128, "prueba": 2, "fecha_pre_analisis": "2016-02-16T20:40:37.271Z", "resultado_numerico": "0.00", "ultima_modificacion": "2016-02-16T20:41:11.375Z", "estado": "R", "resultado": null, "metodo": 11}, "pk": 545, "model": "trazabilidad.pruebasrealizadas"}, {"fields": {"observacion_semaforo": "", "muestra": 128, "prueba": 91, "fecha_pre_analisis": null, "resultado_numerico": null, "ultima_modificacion": "2016-02-16T20:29:54.964Z", "estado": "C", "resultado": null, "metodo": null}, "pk": 546, "model": "trazabilidad.pruebasrealizadas"}, {"fields": {"observacion_semaforo": "", "muestra": 128, "prueba": 92, "fecha_pre_analisis": null, "resultado_numerico": null, "ultima_modificacion": "2016-02-16T20:29:54.964Z", "estado": "C", "resultado": null, "metodo": null}, "pk": 547, "model": "trazabilidad.pruebasrealizadas"}, {"fields": {"observacion_semaforo": "", "muestra": 129, "prueba": 75, "fecha_pre_analisis": null, "resultado_numerico": null, "ultima_modificacion": "2016-02-16T20:29:54.967Z", "estado": "C", "resultado": null, "metodo": null}, "pk": 548, "model": "trazabilidad.pruebasrealizadas"}, {"fields": {"observacion_semaforo": "", "muestra": 129, "prueba": 88, "fecha_pre_analisis": null, "resultado_numerico": null, "ultima_modificacion": "2016-02-16T20:29:54.968Z", "estado": "C", "resultado": null, "metodo": null}, "pk": 549, "model": "trazabilidad.pruebasrealizadas"}, {"fields": {"observacion_semaforo": "", "muestra": 129, "prueba": 76, "fecha_pre_analisis": null, "resultado_numerico": null, "ultima_modificacion": "2016-02-16T20:29:54.968Z", "estado": "C", "resultado": null, "metodo": null}, "pk": 550, "model": "trazabilidad.pruebasrealizadas"}, {"fields": {"observacion_semaforo": "", "muestra": 129, "prueba": 74, "fecha_pre_analisis": null, "resultado_numerico": null, "ultima_modificacion": "2016-02-16T20:29:54.969Z", "estado": "C", "resultado": null, "metodo": null}, "pk": 551, "model": "trazabilidad.pruebasrealizadas"}, {"fields": {"observacion_semaforo": "", "muestra": 129, "prueba": 85, "fecha_pre_analisis": null, "resultado_numerico": null, "ultima_modificacion": "2016-02-16T20:29:54.969Z", "estado": "C", "resultado": null, "metodo": null}, "pk": 552, "model": "trazabilidad.pruebasrealizadas"}, {"fields": {"observacion_semaforo": "", "muestra": 129, "prueba": 12, "fecha_pre_analisis": null, "resultado_numerico": null, "ultima_modificacion": "2016-02-16T20:29:54.970Z", "estado": "C", "resultado": null, "metodo": null}, "pk": 553, "model": "trazabilidad.pruebasrealizadas"}, {"fields": {"observacion_semaforo": "", "muestra": 129, "prueba": 82, "fecha_pre_analisis": null, "resultado_numerico": null, "ultima_modificacion": "2016-02-16T20:29:54.970Z", "estado": "C", "resultado": null, "metodo": null}, "pk": 554, "model": "trazabilidad.pruebasrealizadas"}, {"fields": {"observacion_semaforo": "", "muestra": 129, "prueba": 89, "fecha_pre_analisis": null, "resultado_numerico": null, "ultima_modificacion": "2016-02-16T20:29:54.971Z", "estado": "C", "resultado": null, "metodo": null}, "pk": 555, "model": "trazabilidad.pruebasrealizadas"}, {"fields": {"observacion_semaforo": "", "muestra": 129, "prueba": 77, "fecha_pre_analisis": null, "resultado_numerico": null, "ultima_modificacion": "2016-02-16T20:29:54.971Z", "estado": "C", "resultado": null, "metodo": null}, "pk": 556, "model": "trazabilidad.pruebasrealizadas"}, {"fields": {"observacion_semaforo": "", "muestra": 129, "prueba": 84, "fecha_pre_analisis": null, "resultado_numerico": null, "ultima_modificacion": "2016-02-16T20:29:54.971Z", "estado": "C", "resultado": null, "metodo": null}, "pk": 557, "model": "trazabilidad.pruebasrealizadas"}, {"fields": {"observacion_semaforo": "", "muestra": 129, "prueba": 80, "fecha_pre_analisis": null, "resultado_numerico": null, "ultima_modificacion": "2016-02-16T20:29:54.972Z", "estado": "C", "resultado": null, "metodo": null}, "pk": 558, "model": "trazabilidad.pruebasrealizadas"}, {"fields": {"observacion_semaforo": "", "muestra": 129, "prueba": 78, "fecha_pre_analisis": null, "resultado_numerico": null, "ultima_modificacion": "2016-02-16T20:29:54.972Z", "estado": "C", "resultado": null, "metodo": null}, "pk": 559, "model": "trazabilidad.pruebasrealizadas"}, {"fields": {"observacion_semaforo": "", "muestra": 129, "prueba": 79, "fecha_pre_analisis": null, "resultado_numerico": null, "ultima_modificacion": "2016-02-16T20:29:54.973Z", "estado": "C", "resultado": null, "metodo": null}, "pk": 560, "model": "trazabilidad.pruebasrealizadas"}, {"fields": {"observacion_semaforo": "", "muestra": 129, "prueba": 86, "fecha_pre_analisis": null, "resultado_numerico": null, "ultima_modificacion": "2016-02-16T20:29:54.973Z", "estado": "C", "resultado": null, "metodo": null}, "pk": 561, "model": "trazabilidad.pruebasrealizadas"}, {"fields": {"observacion_semaforo": "", "muestra": 129, "prueba": 87, "fecha_pre_analisis": null, "resultado_numerico": null, "ultima_modificacion": "2016-02-16T20:29:54.974Z", "estado": "C", "resultado": null, "metodo": null}, "pk": 562, "model": "trazabilidad.pruebasrealizadas"}, {"fields": {"observacion_semaforo": "", "muestra": 129, "prueba": 3, "fecha_pre_analisis": null, "resultado_numerico": null, "ultima_modificacion": "2016-02-16T20:29:54.974Z", "estado": "C", "resultado": null, "metodo": null}, "pk": 563, "model": "trazabilidad.pruebasrealizadas"}, {"fields": {"observacion_semaforo": "", "muestra": 129, "prueba": 83, "fecha_pre_analisis": null, "resultado_numerico": null, "ultima_modificacion": "2016-02-16T20:29:54.975Z", "estado": "C", "resultado": null, "metodo": null}, "pk": 564, "model": "trazabilidad.pruebasrealizadas"}, {"fields": {"observacion_semaforo": "", "muestra": 129, "prueba": 73, "fecha_pre_analisis": null, "resultado_numerico": null, "ultima_modificacion": "2016-02-16T20:29:54.975Z", "estado": "C", "resultado": null, "metodo": null}, "pk": 565, "model": "trazabilidad.pruebasrealizadas"}, {"fields": {"observacion_semaforo": "", "muestra": 129, "prueba": 81, "fecha_pre_analisis": null, "resultado_numerico": null, "ultima_modificacion": "2016-02-16T20:29:54.976Z", "estado": "C", "resultado": null, "metodo": null}, "pk": 566, "model": "trazabilidad.pruebasrealizadas"}, {"fields": {"observacion_semaforo": "", "muestra": 130, "prueba": 90, "fecha_pre_analisis": "2016-02-16T20:48:03.638Z", "resultado_numerico": null, "ultima_modificacion": "2016-02-16T20:48:13.433Z", "estado": "R", "resultado": null, "metodo": null}, "pk": 579, "model": "trazabilidad.pruebasrealizadas"}, {"fields": {"observacion_semaforo": "", "muestra": 130, "prueba": 2, "fecha_pre_analisis": "2016-02-16T20:48:22.615Z", "resultado_numerico": null, "ultima_modificacion": "2016-02-16T20:48:25.003Z", "estado": "R", "resultado": null, "metodo": null}, "pk": 580, "model": "trazabilidad.pruebasrealizadas"}, {"fields": {"observacion_semaforo": "", "muestra": 130, "prueba": 91, "fecha_pre_analisis": "2016-02-16T20:48:31.887Z", "resultado_numerico": null, "ultima_modificacion": "2016-02-16T20:48:32.544Z", "estado": "R", "resultado": null, "metodo": null}, "pk": 581, "model": "trazabilidad.pruebasrealizadas"}, {"fields": {"observacion_semaforo": "", "muestra": 130, "prueba": 92, "fecha_pre_analisis": "2016-02-16T20:48:41.615Z", "resultado_numerico": "0.02", "ultima_modificacion": "2016-02-16T20:49:23.144Z", "estado": "R", "resultado": null, "metodo": 25}, "pk": 582, "model": "trazabilidad.pruebasrealizadas"}, {"fields": {"observacion_semaforo": "", "muestra": 131, "prueba": 90, "fecha_pre_analisis": "2016-02-16T20:49:31.749Z", "resultado_numerico": "-0.02", "ultima_modificacion": "2016-02-16T20:50:01.264Z", "estado": "R", "resultado": null, "metodo": 10}, "pk": 583, "model": "trazabilidad.pruebasrealizadas"}, {"fields": {"observacion_semaforo": "", "muestra": 131, "prueba": 2, "fecha_pre_analisis": "2016-02-16T20:49:37.277Z", "resultado_numerico": "0.02", "ultima_modificacion": "2016-02-16T20:50:14.245Z", "estado": "R", "resultado": null, "metodo": 11}, "pk": 584, "model": "trazabilidad.pruebasrealizadas"}, {"fields": {"observacion_semaforo": "", "muestra": 131, "prueba": 91, "fecha_pre_analisis": "2016-02-16T20:49:39.607Z", "resultado_numerico": "0.02", "ultima_modificacion": "2016-02-16T20:50:36.661Z", "estado": "R", "resultado": null, "metodo": 24}, "pk": 585, "model": "trazabilidad.pruebasrealizadas"}, {"fields": {"observacion_semaforo": "", "muestra": 131, "prueba": 92, "fecha_pre_analisis": "2016-02-16T20:49:39.625Z", "resultado_numerico": "0.06", "ultima_modificacion": "2016-02-16T20:50:48.417Z", "estado": "R", "resultado": null, "metodo": 25}, "pk": 586, "model": "trazabilidad.pruebasrealizadas"}, {"fields": {"observacion_semaforo": "", "muestra": 132, "prueba": 93, "fecha_pre_analisis": "2016-02-17T15:50:31.276Z", "resultado_numerico": null, "ultima_modificacion": "2016-02-17T15:52:18.190Z", "estado": "R", "resultado": 2, "metodo": 39}, "pk": 587, "model": "trazabilidad.pruebasrealizadas"}, {"fields": {"observacion_semaforo": "", "muestra": 133, "prueba": 6, "fecha_pre_analisis": "2016-02-18T20:41:00.249Z", "resultado_numerico": null, "ultima_modificacion": "2016-02-18T20:43:19.809Z", "estado": "R", "resultado": 14, "metodo": 3}, "pk": 591, "model": "trazabilidad.pruebasrealizadas"}, {"fields": {"observacion_semaforo": "", "muestra": 133, "prueba": 45, "fecha_pre_analisis": "2016-02-18T20:41:03.046Z", "resultado_numerico": null, "ultima_modificacion": "2016-02-18T20:43:53.692Z", "estado": "R", "resultado": 14, "metodo": 2}, "pk": 592, "model": "trazabilidad.pruebasrealizadas"}, {"fields": {"observacion_semaforo": "", "muestra": 133, "prueba": 46, "fecha_pre_analisis": "2016-02-18T20:41:03.064Z", "resultado_numerico": null, "ultima_modificacion": "2016-02-18T20:44:28.037Z", "estado": "R", "resultado": 61, "metodo": 4}, "pk": 593, "model": "trazabilidad.pruebasrealizadas"}, {"fields": {"observacion_semaforo": "", "muestra": 134, "prueba": 11, "fecha_pre_analisis": "2016-02-18T20:59:53.407Z", "resultado_numerico": null, "ultima_modificacion": "2016-02-18T21:01:10.251Z", "estado": "R", "resultado": 1, "metodo": 13}, "pk": 594, "model": "trazabilidad.pruebasrealizadas"}, {"fields": {"observacion_semaforo": "", "muestra": 134, "prueba": 1, "fecha_pre_analisis": "2016-02-18T21:00:01.902Z", "resultado_numerico": null, "ultima_modificacion": "2016-02-18T21:01:50.228Z", "estado": "R", "resultado": 2, "metodo": 14}, "pk": 595, "model": "trazabilidad.pruebasrealizadas"}, {"fields": {"observacion_semaforo": "", "muestra": 134, "prueba": 93, "fecha_pre_analisis": "2016-02-18T21:00:06.110Z", "resultado_numerico": null, "ultima_modificacion": "2016-02-18T21:02:10.518Z", "estado": "R", "resultado": 3, "metodo": 39}, "pk": 596, "model": "trazabilidad.pruebasrealizadas"}, {"fields": {"observacion_semaforo": "", "muestra": 135, "prueba": 90, "fecha_pre_analisis": "2016-02-18T21:25:39.596Z", "resultado_numerico": "0.00", "ultima_modificacion": "2016-02-18T21:27:27.820Z", "estado": "R", "resultado": null, "metodo": 10}, "pk": 597, "model": "trazabilidad.pruebasrealizadas"}, {"fields": {"observacion_semaforo": "", "muestra": 135, "prueba": 2, "fecha_pre_analisis": "2016-02-18T21:25:41.961Z", "resultado_numerico": "0.00", "ultima_modificacion": "2016-02-18T21:27:51.350Z", "estado": "R", "resultado": null, "metodo": 11}, "pk": 598, "model": "trazabilidad.pruebasrealizadas"}, {"fields": {"observacion_semaforo": "", "muestra": 135, "prueba": 91, "fecha_pre_analisis": "2016-02-18T21:25:41.980Z", "resultado_numerico": "4.00", "ultima_modificacion": "2016-02-18T21:28:13.273Z", "estado": "R", "resultado": null, "metodo": 24}, "pk": 599, "model": "trazabilidad.pruebasrealizadas"}, {"fields": {"observacion_semaforo": "", "muestra": 135, "prueba": 92, "fecha_pre_analisis": "2016-02-18T21:25:42.000Z", "resultado_numerico": "0.00", "ultima_modificacion": "2016-02-18T21:28:32.962Z", "estado": "R", "resultado": null, "metodo": 25}, "pk": 600, "model": "trazabilidad.pruebasrealizadas"}, {"fields": {"observacion_semaforo": "", "muestra": 136, "prueba": 11, "fecha_pre_analisis": "2016-02-22T13:55:02.498Z", "resultado_numerico": null, "ultima_modificacion": "2016-02-22T13:56:00.699Z", "estado": "R", "resultado": 1, "metodo": 13}, "pk": 601, "model": "trazabilidad.pruebasrealizadas"}, {"fields": {"observacion_semaforo": "", "muestra": 136, "prueba": 1, "fecha_pre_analisis": "2016-02-22T13:55:05.127Z", "resultado_numerico": null, "ultima_modificacion": "2016-02-22T13:56:26.505Z", "estado": "R", "resultado": 2, "metodo": 14}, "pk": 602, "model": "trazabilidad.pruebasrealizadas"}, {"fields": {"observacion_semaforo": "", "muestra": 136, "prueba": 93, "fecha_pre_analisis": "2016-02-22T13:55:05.146Z", "resultado_numerico": null, "ultima_modificacion": "2016-02-22T13:56:41.606Z", "estado": "R", "resultado": 2, "metodo": 39}, "pk": 603, "model": "trazabilidad.pruebasrealizadas"}, {"fields": {"observacion_semaforo": "", "muestra": 137, "prueba": 1, "fecha_pre_analisis": null, "resultado_numerico": null, "ultima_modificacion": "2016-02-23T14:17:23.904Z", "estado": "C", "resultado": null, "metodo": null}, "pk": 604, "model": "trazabilidad.pruebasrealizadas"}, {"fields": {"observacion_semaforo": "", "muestra": 138, "prueba": 1, "fecha_pre_analisis": null, "resultado_numerico": null, "ultima_modificacion": "2016-02-23T14:24:59.370Z", "estado": "C", "resultado": null, "metodo": null}, "pk": 605, "model": "trazabilidad.pruebasrealizadas"}, {"fields": {"observacion_semaforo": "", "muestra": 139, "prueba": 90, "fecha_pre_analisis": null, "resultado_numerico": null, "ultima_modificacion": "2016-02-24T15:15:18.896Z", "estado": "C", "resultado": null, "metodo": null}, "pk": 606, "model": "trazabilidad.pruebasrealizadas"}, {"fields": {"observacion_semaforo": "", "muestra": 139, "prueba": 2, "fecha_pre_analisis": null, "resultado_numerico": null, "ultima_modificacion": "2016-02-24T15:15:18.965Z", "estado": "C", "resultado": null, "metodo": null}, "pk": 607, "model": "trazabilidad.pruebasrealizadas"}, {"fields": {"observacion_semaforo": "", "muestra": 139, "prueba": 91, "fecha_pre_analisis": null, "resultado_numerico": null, "ultima_modificacion": "2016-02-24T15:15:18.971Z", "estado": "C", "resultado": null, "metodo": null}, "pk": 608, "model": "trazabilidad.pruebasrealizadas"}, {"fields": {"observacion_semaforo": "", "muestra": 139, "prueba": 92, "fecha_pre_analisis": null, "resultado_numerico": null, "ultima_modificacion": "2016-02-24T15:15:18.972Z", "estado": "C", "resultado": null, "metodo": null}, "pk": 609, "model": "trazabilidad.pruebasrealizadas"}, {"fields": {"observacion_semaforo": "", "muestra": 140, "prueba": 90, "fecha_pre_analisis": null, "resultado_numerico": null, "ultima_modificacion": "2016-02-24T15:15:18.975Z", "estado": "C", "resultado": null, "metodo": null}, "pk": 610, "model": "trazabilidad.pruebasrealizadas"}, {"fields": {"observacion_semaforo": "", "muestra": 140, "prueba": 2, "fecha_pre_analisis": null, "resultado_numerico": null, "ultima_modificacion": "2016-02-24T15:15:18.975Z", "estado": "C", "resultado": null, "metodo": null}, "pk": 611, "model": "trazabilidad.pruebasrealizadas"}, {"fields": {"observacion_semaforo": "", "muestra": 140, "prueba": 91, "fecha_pre_analisis": null, "resultado_numerico": null, "ultima_modificacion": "2016-02-24T15:15:18.986Z", "estado": "C", "resultado": null, "metodo": null}, "pk": 612, "model": "trazabilidad.pruebasrealizadas"}, {"fields": {"observacion_semaforo": "", "muestra": 140, "prueba": 92, "fecha_pre_analisis": null, "resultado_numerico": null, "ultima_modificacion": "2016-02-24T15:15:18.987Z", "estado": "C", "resultado": null, "metodo": null}, "pk": 613, "model": "trazabilidad.pruebasrealizadas"}, {"fields": {"observacion_semaforo": "", "muestra": 141, "prueba": 18, "fecha_pre_analisis": "2016-02-29T16:21:19.935Z", "resultado_numerico": null, "ultima_modificacion": "2016-02-29T16:21:52.584Z", "estado": "R", "resultado": 9, "metodo": 37}, "pk": 614, "model": "trazabilidad.pruebasrealizadas"}, {"fields": {"observacion_semaforo": "", "muestra": 142, "prueba": 18, "fecha_pre_analisis": "2016-03-02T15:04:27.840Z", "resultado_numerico": null, "ultima_modificacion": "2016-03-02T15:16:33.264Z", "estado": "R", "resultado": 9, "metodo": 37}, "pk": 615, "model": "trazabilidad.pruebasrealizadas"}, {"fields": {"observacion_semaforo": "", "muestra": 143, "prueba": 6, "fecha_pre_analisis": "2016-03-08T14:05:14.016Z", "resultado_numerico": null, "ultima_modificacion": "2016-03-08T14:05:43.260Z", "estado": "R", "resultado": 14, "metodo": 3}, "pk": 616, "model": "trazabilidad.pruebasrealizadas"}, {"fields": {"observacion_semaforo": "", "muestra": 143, "prueba": 7, "fecha_pre_analisis": "2016-03-08T14:05:16.375Z", "resultado_numerico": null, "ultima_modificacion": "2016-03-08T14:06:35.972Z", "estado": "R", "resultado": 54, "metodo": 33}, "pk": 617, "model": "trazabilidad.pruebasrealizadas"}, {"fields": {"observacion_semaforo": "", "muestra": 144, "prueba": 11, "fecha_pre_analisis": "2016-03-08T14:24:42.156Z", "resultado_numerico": null, "ultima_modificacion": "2016-03-08T14:25:08.047Z", "estado": "R", "resultado": 2, "metodo": 13}, "pk": 618, "model": "trazabilidad.pruebasrealizadas"}, {"fields": {"observacion_semaforo": "", "muestra": 144, "prueba": 93, "fecha_pre_analisis": "2016-03-08T14:24:35.034Z", "resultado_numerico": null, "ultima_modificacion": "2016-03-08T14:25:23.456Z", "estado": "R", "resultado": 1, "metodo": 39}, "pk": 619, "model": "trazabilidad.pruebasrealizadas"}, {"fields": {"observacion_semaforo": "", "muestra": 145, "prueba": 75, "fecha_pre_analisis": null, "resultado_numerico": null, "ultima_modificacion": "2016-03-08T15:17:10.112Z", "estado": "C", "resultado": null, "metodo": null}, "pk": 620, "model": "trazabilidad.pruebasrealizadas"}, {"fields": {"observacion_semaforo": "", "muestra": 145, "prueba": 88, "fecha_pre_analisis": null, "resultado_numerico": null, "ultima_modificacion": "2016-03-08T15:17:10.210Z", "estado": "C", "resultado": null, "metodo": null}, "pk": 621, "model": "trazabilidad.pruebasrealizadas"}, {"fields": {"observacion_semaforo": "", "muestra": 145, "prueba": 76, "fecha_pre_analisis": null, "resultado_numerico": null, "ultima_modificacion": "2016-03-08T15:17:10.218Z", "estado": "C", "resultado": null, "metodo": null}, "pk": 622, "model": "trazabilidad.pruebasrealizadas"}, {"fields": {"observacion_semaforo": "", "muestra": 145, "prueba": 74, "fecha_pre_analisis": null, "resultado_numerico": null, "ultima_modificacion": "2016-03-08T15:17:10.219Z", "estado": "C", "resultado": null, "metodo": null}, "pk": 623, "model": "trazabilidad.pruebasrealizadas"}, {"fields": {"observacion_semaforo": "", "muestra": 145, "prueba": 85, "fecha_pre_analisis": null, "resultado_numerico": null, "ultima_modificacion": "2016-03-08T15:17:10.219Z", "estado": "C", "resultado": null, "metodo": null}, "pk": 624, "model": "trazabilidad.pruebasrealizadas"}, {"fields": {"observacion_semaforo": "", "muestra": 145, "prueba": 12, "fecha_pre_analisis": null, "resultado_numerico": null, "ultima_modificacion": "2016-03-08T15:17:10.220Z", "estado": "C", "resultado": null, "metodo": null}, "pk": 625, "model": "trazabilidad.pruebasrealizadas"}, {"fields": {"observacion_semaforo": "", "muestra": 145, "prueba": 82, "fecha_pre_analisis": null, "resultado_numerico": null, "ultima_modificacion": "2016-03-08T15:17:10.220Z", "estado": "C", "resultado": null, "metodo": null}, "pk": 626, "model": "trazabilidad.pruebasrealizadas"}, {"fields": {"observacion_semaforo": "", "muestra": 145, "prueba": 89, "fecha_pre_analisis": null, "resultado_numerico": null, "ultima_modificacion": "2016-03-08T15:17:10.221Z", "estado": "C", "resultado": null, "metodo": null}, "pk": 627, "model": "trazabilidad.pruebasrealizadas"}, {"fields": {"observacion_semaforo": "", "muestra": 145, "prueba": 77, "fecha_pre_analisis": null, "resultado_numerico": null, "ultima_modificacion": "2016-03-08T15:17:10.221Z", "estado": "C", "resultado": null, "metodo": null}, "pk": 628, "model": "trazabilidad.pruebasrealizadas"}, {"fields": {"observacion_semaforo": "", "muestra": 145, "prueba": 84, "fecha_pre_analisis": null, "resultado_numerico": null, "ultima_modificacion": "2016-03-08T15:17:10.221Z", "estado": "C", "resultado": null, "metodo": null}, "pk": 629, "model": "trazabilidad.pruebasrealizadas"}, {"fields": {"observacion_semaforo": "", "muestra": 145, "prueba": 80, "fecha_pre_analisis": null, "resultado_numerico": null, "ultima_modificacion": "2016-03-08T15:17:10.222Z", "estado": "C", "resultado": null, "metodo": null}, "pk": 630, "model": "trazabilidad.pruebasrealizadas"}, {"fields": {"observacion_semaforo": "", "muestra": 145, "prueba": 78, "fecha_pre_analisis": null, "resultado_numerico": null, "ultima_modificacion": "2016-03-08T15:17:10.222Z", "estado": "C", "resultado": null, "metodo": null}, "pk": 631, "model": "trazabilidad.pruebasrealizadas"}, {"fields": {"observacion_semaforo": "", "muestra": 145, "prueba": 79, "fecha_pre_analisis": null, "resultado_numerico": null, "ultima_modificacion": "2016-03-08T15:17:10.223Z", "estado": "C", "resultado": null, "metodo": null}, "pk": 632, "model": "trazabilidad.pruebasrealizadas"}, {"fields": {"observacion_semaforo": "", "muestra": 145, "prueba": 86, "fecha_pre_analisis": null, "resultado_numerico": null, "ultima_modificacion": "2016-03-08T15:17:10.223Z", "estado": "C", "resultado": null, "metodo": null}, "pk": 633, "model": "trazabilidad.pruebasrealizadas"}, {"fields": {"observacion_semaforo": "", "muestra": 145, "prueba": 87, "fecha_pre_analisis": null, "resultado_numerico": null, "ultima_modificacion": "2016-03-08T15:17:10.225Z", "estado": "C", "resultado": null, "metodo": null}, "pk": 634, "model": "trazabilidad.pruebasrealizadas"}, {"fields": {"observacion_semaforo": "", "muestra": 145, "prueba": 3, "fecha_pre_analisis": null, "resultado_numerico": null, "ultima_modificacion": "2016-03-08T15:17:10.225Z", "estado": "C", "resultado": null, "metodo": null}, "pk": 635, "model": "trazabilidad.pruebasrealizadas"}, {"fields": {"observacion_semaforo": "", "muestra": 145, "prueba": 83, "fecha_pre_analisis": null, "resultado_numerico": null, "ultima_modificacion": "2016-03-08T15:17:10.226Z", "estado": "C", "resultado": null, "metodo": null}, "pk": 636, "model": "trazabilidad.pruebasrealizadas"}, {"fields": {"observacion_semaforo": "", "muestra": 145, "prueba": 73, "fecha_pre_analisis": null, "resultado_numerico": null, "ultima_modificacion": "2016-03-08T15:17:10.227Z", "estado": "C", "resultado": null, "metodo": null}, "pk": 637, "model": "trazabilidad.pruebasrealizadas"}, {"fields": {"observacion_semaforo": "", "muestra": 145, "prueba": 81, "fecha_pre_analisis": null, "resultado_numerico": null, "ultima_modificacion": "2016-03-08T15:17:10.227Z", "estado": "C", "resultado": null, "metodo": null}, "pk": 638, "model": "trazabilidad.pruebasrealizadas"}, {"fields": {"observacion_semaforo": "", "muestra": 145, "prueba": 90, "fecha_pre_analisis": null, "resultado_numerico": null, "ultima_modificacion": "2016-03-08T15:17:10.229Z", "estado": "C", "resultado": null, "metodo": null}, "pk": 639, "model": "trazabilidad.pruebasrealizadas"}, {"fields": {"observacion_semaforo": "", "muestra": 145, "prueba": 2, "fecha_pre_analisis": null, "resultado_numerico": null, "ultima_modificacion": "2016-03-08T15:17:10.229Z", "estado": "C", "resultado": null, "metodo": null}, "pk": 640, "model": "trazabilidad.pruebasrealizadas"}, {"fields": {"observacion_semaforo": "", "muestra": 145, "prueba": 91, "fecha_pre_analisis": null, "resultado_numerico": null, "ultima_modificacion": "2016-03-08T15:17:10.230Z", "estado": "C", "resultado": null, "metodo": null}, "pk": 641, "model": "trazabilidad.pruebasrealizadas"}, {"fields": {"observacion_semaforo": "", "muestra": 145, "prueba": 92, "fecha_pre_analisis": null, "resultado_numerico": null, "ultima_modificacion": "2016-03-08T15:17:10.230Z", "estado": "C", "resultado": null, "metodo": null}, "pk": 642, "model": "trazabilidad.pruebasrealizadas"}, {"fields": {"observacion_semaforo": "", "muestra": 146, "prueba": 15, "fecha_pre_analisis": null, "resultado_numerico": null, "ultima_modificacion": "2016-03-08T16:15:16.839Z", "estado": "C", "resultado": null, "metodo": null}, "pk": 643, "model": "trazabilidad.pruebasrealizadas"}, {"fields": {"observacion_semaforo": "", "muestra": 147, "prueba": 93, "fecha_pre_analisis": "2016-03-09T14:43:18.373Z", "resultado_numerico": null, "ultima_modificacion": "2016-03-09T14:43:53.701Z", "estado": "R", "resultado": 2, "metodo": 39}, "pk": 644, "model": "trazabilidad.pruebasrealizadas"}, {"fields": {"observacion_semaforo": "", "muestra": 148, "prueba": 93, "fecha_pre_analisis": null, "resultado_numerico": null, "ultima_modificacion": "2016-03-09T16:18:11.668Z", "estado": "C", "resultado": null, "metodo": null}, "pk": 645, "model": "trazabilidad.pruebasrealizadas"}, {"fields": {"nombre": "coomeva"}, "pk": 1, "model": "trazabilidad.eps"}, {"fields": {"nombre": "sanitas"}, "pk": 2, "model": "trazabilidad.eps"}, {"fields": {"nombre": "sura"}, "pk": 3, "model": "trazabilidad.eps"}, {"fields": {"nombre": "nueva eps"}, "pk": 4, "model": "trazabilidad.eps"}, {"fields": {"nombre": "cafesalud"}, "pk": 5, "model": "trazabilidad.eps"}, {"fields": {"nombre": "caprecom"}, "pk": 6, "model": "trazabilidad.eps"}, {"fields": {"nombre": "solsalud"}, "pk": 7, "model": "trazabilidad.eps"}, {"fields": {"nombre": "saludcoop"}, "pk": 8, "model": "trazabilidad.eps"}, {"fields": {"nombre": "cajacopi"}, "pk": 9, "model": "trazabilidad.eps"}, {"fields": {"nombre": "ninguna eps"}, "pk": 10, "model": "trazabilidad.eps"}, {"fields": {"nombre": "comparta"}, "pk": 11, "model": "trazabilidad.eps"}, {"fields": {"nombre": "saludvida"}, "pk": 12, "model": "trazabilidad.eps"}, {"fields": {"nombre": "famisanar"}, "pk": 13, "model": "trazabilidad.eps"}, {"fields": {"nombre": "compensar"}, "pk": 14, "model": "trazabilidad.eps"}, {"fields": {"tipo_identificacion": "CC", "identificacion": "1040658752", "sexo": "F", "apellido": "palacio quintero", "nombre": "francisco eduardo", "eps": 1, "tipo_edad": "A", "direccion": "carrera 21d n. 50-39", "edad": 26}, "pk": 1, "model": "trazabilidad.paciente"}, {"fields": {"tipo_identificacion": "CC", "identificacion": "1044223572", "sexo": "F", "apellido": "guzman duque", "nombre": "rodolfo alberto", "eps": 2, "tipo_edad": "A", "direccion": "calle 53 n. 27-54", "edad": 43}, "pk": 2, "model": "trazabilidad.paciente"}, {"fields": {"tipo_identificacion": "CC", "identificacion": "1149440262", "sexo": "F", "apellido": "fernadez perez", "nombre": "adrian manuel", "eps": 2, "tipo_edad": "A", "direccion": "calle 61b n. 44-102", "edad": 30}, "pk": 3, "model": "trazabilidad.paciente"}, {"fields": {"tipo_identificacion": "CC", "identificacion": "8646842", "sexo": "F", "apellido": "cano perez", "nombre": "juan alberto", "eps": 1, "tipo_edad": "A", "direccion": "calle 57 # 23 - 100", "edad": 33}, "pk": 4, "model": "trazabilidad.paciente"}, {"fields": {"tipo_identificacion": "CC", "identificacion": "36527955", "sexo": "F", "apellido": "perez", "nombre": "juliana", "eps": 2, "tipo_edad": "A", "direccion": "calle 23 # 100", "edad": 59}, "pk": 5, "model": "trazabilidad.paciente"}, {"fields": {"tipo_identificacion": "CC", "identificacion": "32733697", "sexo": "F", "apellido": "fernandez pulido", "nombre": "rosmery andrea", "eps": 2, "tipo_edad": "A", "direccion": "calle 82 n. 42a-134", "edad": 44}, "pk": 6, "model": "trazabilidad.paciente"}, {"fields": {"tipo_identificacion": "CC", "identificacion": "22414365", "sexo": "F", "apellido": "merlano escorcia ", "nombre": "erika patricia", "eps": 1, "tipo_edad": "A", "direccion": "carrera 24 n. 61b- 34", "edad": 54}, "pk": 7, "model": "trazabilidad.paciente"}, {"fields": {"tipo_identificacion": "CC", "identificacion": "1244851532", "sexo": "F", "apellido": "ramirez mejia", "nombre": "jessica camila", "eps": 1, "tipo_edad": "A", "direccion": "calle 45 n. 44- 172", "edad": 29}, "pk": 8, "model": "trazabilidad.paciente"}, {"fields": {"tipo_identificacion": "CC", "identificacion": "1224675092", "sexo": "F", "apellido": "celis torres", "nombre": "jesus alberto", "eps": 1, "tipo_edad": "A", "direccion": "carrera 4a n.31-08", "edad": 25}, "pk": 9, "model": "trazabilidad.paciente"}, {"fields": {"tipo_identificacion": "CC", "identificacion": "1140851087", "sexo": "F", "apellido": "castro mejia", "nombre": "edwin ", "eps": 3, "tipo_edad": "A", "direccion": "calle 53 n. 27-54", "edad": 24}, "pk": 10, "model": "trazabilidad.paciente"}, {"fields": {"tipo_identificacion": "CC", "identificacion": "2243565", "sexo": "F", "apellido": "santos suarez", "nombre": "jaqueline andrea", "eps": 4, "tipo_edad": "A", "direccion": "calle 30 n. 14d- 56", "edad": 41}, "pk": 11, "model": "trazabilidad.paciente"}, {"fields": {"tipo_identificacion": "CC", "identificacion": "1140835418", "sexo": "F", "apellido": "mendoza", "nombre": "maria", "eps": 5, "tipo_edad": "A", "direccion": "cra 45 n 34 -34", "edad": 23}, "pk": 12, "model": "trazabilidad.paciente"}, {"fields": {"tipo_identificacion": "CC", "identificacion": "1141536854", "sexo": "F", "apellido": "perez orozco", "nombre": "oscar david", "eps": 3, "tipo_edad": "A", "direccion": "calle 24 # 61- 2107", "edad": 28}, "pk": 13, "model": "trazabilidad.paciente"}, {"fields": {"tipo_identificacion": "CC", "identificacion": "1048654724", "sexo": "F", "apellido": "villarreal mejia ", "nombre": "aldair jose", "eps": 4, "tipo_edad": "A", "direccion": "carrera 80 n. 43 -52", "edad": 38}, "pk": 14, "model": "trazabilidad.paciente"}, {"fields": {"tipo_identificacion": "CC", "identificacion": "22414875", "sexo": "F", "apellido": "torres meza ", "nombre": "sandra ", "eps": 1, "tipo_edad": "A", "direccion": "carrera 53 n. 70-68", "edad": 26}, "pk": 15, "model": "trazabilidad.paciente"}, {"fields": {"tipo_identificacion": "CC", "identificacion": "1141674354", "sexo": "F", "apellido": "contreras fernandez", "nombre": "edgardo alfredo", "eps": 5, "tipo_edad": "A", "direccion": "carrera 21 n.61b - 78", "edad": 31}, "pk": 16, "model": "trazabilidad.paciente"}, {"fields": {"tipo_identificacion": "CC", "identificacion": "12356432", "sexo": "F", "apellido": "mejia torres", "nombre": "daniel ", "eps": 2, "tipo_edad": "A", "direccion": "calle 24 # 61- 2107", "edad": 25}, "pk": 17, "model": "trazabilidad.paciente"}, {"fields": {"tipo_identificacion": "CC", "identificacion": "1129572840", "sexo": "F", "apellido": "torres", "nombre": "jesus", "eps": 1, "tipo_edad": "A", "direccion": "calle 45 # 12", "edad": 24}, "pk": 18, "model": "trazabilidad.paciente"}, {"fields": {"tipo_identificacion": "TI", "identificacion": "123", "sexo": "F", "apellido": "mejia", "nombre": "jesus", "eps": 2, "tipo_edad": "A", "direccion": "cra 4a", "edad": 2}, "pk": 19, "model": "trazabilidad.paciente"}, {"fields": {"tipo_identificacion": "CC", "identificacion": "1134654872", "sexo": "F", "apellido": "ramirez perez", "nombre": "rafael alberto", "eps": 5, "tipo_edad": "A", "direccion": "calle 45 n. 44b-125", "edad": 24}, "pk": 20, "model": "trazabilidad.paciente"}, {"fields": {"tipo_identificacion": "CC", "identificacion": "12837363828", "sexo": "F", "apellido": "mej\u00eda torres ", "nombre": "jes\u00fas antonio ", "eps": 2, "tipo_edad": "A", "direccion": "cra 58b n. 46 - 256", "edad": 20}, "pk": 21, "model": "trazabilidad.paciente"}, {"fields": {"tipo_identificacion": "CC", "identificacion": "1132674862", "sexo": "F", "apellido": "araujo villarreal", "nombre": "juan alberto", "eps": 4, "tipo_edad": "A", "direccion": "cra 58b n. 46 - 256", "edad": 31}, "pk": 22, "model": "trazabilidad.paciente"}, {"fields": {"tipo_identificacion": "CC", "identificacion": "12217634", "sexo": "F", "apellido": "mejia meza", "nombre": "jair albero", "eps": 2, "tipo_edad": "A", "direccion": "calle 53 n.45-23", "edad": 45}, "pk": 23, "model": "trazabilidad.paciente"}, {"fields": {"tipo_identificacion": "CC", "identificacion": "1142876245", "sexo": "F", "apellido": "escalante villa", "nombre": "jaime alberto", "eps": 3, "tipo_edad": "A", "direccion": "calle 84 n.43b- 102", "edad": 65}, "pk": 24, "model": "trazabilidad.paciente"}, {"fields": {"tipo_identificacion": "CC", "identificacion": "1129572859", "sexo": "F", "apellido": "torres", "nombre": "alvaro", "eps": 4, "tipo_edad": "A", "direccion": "calle 71 n 34-64", "edad": 29}, "pk": 25, "model": "trazabilidad.paciente"}, {"fields": {"tipo_identificacion": "CC", "identificacion": "1143673892", "sexo": "F", "apellido": "castro jimenez", "nombre": "alejandro", "eps": 4, "tipo_edad": "A", "direccion": "calle 64 n. 14- 36", "edad": 24}, "pk": 26, "model": "trazabilidad.paciente"}, {"fields": {"tipo_identificacion": "CC", "identificacion": "22414873", "sexo": "F", "apellido": "donado coronado", "nombre": "alexandra", "eps": 2, "tipo_edad": "A", "direccion": "carrera 21 n. 64b-54", "edad": 35}, "pk": 27, "model": "trazabilidad.paciente"}, {"fields": {"tipo_identificacion": "CC", "identificacion": "1140851056", "sexo": "F", "apellido": "ramirez escorcia", "nombre": "eduardo antonio", "eps": 6, "tipo_edad": "A", "direccion": "carrera 4a n.31-34", "edad": 31}, "pk": 28, "model": "trazabilidad.paciente"}, {"fields": {"tipo_identificacion": "CC", "identificacion": "12246753891", "sexo": "F", "apellido": "contreras escorcia", "nombre": "adolfo manuel", "eps": 3, "tipo_edad": "A", "direccion": "calle 30 n. 21a - 125", "edad": 23}, "pk": 29, "model": "trazabilidad.paciente"}, {"fields": {"tipo_identificacion": "CC", "identificacion": "1140764834", "sexo": "F", "apellido": "suarez perez", "nombre": "juan david", "eps": 1, "tipo_edad": "A", "direccion": "carrera 21 n. 45 - 67", "edad": 34}, "pk": 30, "model": "trazabilidad.paciente"}, {"fields": {"tipo_identificacion": "CC", "identificacion": "2242387", "sexo": "F", "apellido": "sarmiento torres", "nombre": "carmen elena", "eps": 4, "tipo_edad": "A", "direccion": "calle 64 n.42b - 127", "edad": 52}, "pk": 31, "model": "trazabilidad.paciente"}, {"fields": {"tipo_identificacion": "CC", "identificacion": "1140782872", "sexo": "F", "apellido": "meza guerrero", "nombre": "dayana ", "eps": 2, "tipo_edad": "A", "direccion": "carrera 27 n. 53b - 68", "edad": 31}, "pk": 32, "model": "trazabilidad.paciente"}, {"fields": {"tipo_identificacion": "CC", "identificacion": "1149456837", "sexo": "F", "apellido": "sanchez mejia", "nombre": "edgardo ", "eps": 2, "tipo_edad": "A", "direccion": "carrera 8b n. 45 - 168", "edad": 34}, "pk": 33, "model": "trazabilidad.paciente"}, {"fields": {"tipo_identificacion": "CC", "identificacion": "1041548946", "sexo": "F", "apellido": "cervantes jimenez", "nombre": "fabio andres", "eps": 8, "tipo_edad": "A", "direccion": "calle 80 n. 42a - 127", "edad": 35}, "pk": 34, "model": "trazabilidad.paciente"}, {"fields": {"tipo_identificacion": "CC", "identificacion": "1145623871", "sexo": "F", "apellido": "figueroa martinez", "nombre": "rosa camila", "eps": 2, "tipo_edad": "A", "direccion": "carrera 38 n. 70b - 68", "edad": 22}, "pk": 35, "model": "trazabilidad.paciente"}, {"fields": {"tipo_identificacion": "CC", "identificacion": "114876589", "sexo": "F", "apellido": "padilla araujo", "nombre": "alfredo ", "eps": 1, "tipo_edad": "A", "direccion": "calle 53 carrera 24 -26", "edad": 27}, "pk": 36, "model": "trazabilidad.paciente"}, {"fields": {"tipo_identificacion": "CC", "identificacion": "1142678462", "sexo": "F", "apellido": "miranda pe\u00f1a", "nombre": "carlos arturo", "eps": 4, "tipo_edad": "A", "direccion": "carrera 21b n. 64 - 68", "edad": 19}, "pk": 37, "model": "trazabilidad.paciente"}, {"fields": {"tipo_identificacion": "CC", "identificacion": "1140952584", "sexo": "F", "apellido": "rivadeneira pacheco", "nombre": "jossy alberto", "eps": 5, "tipo_edad": "A", "direccion": "carrera 32 n. 72 - 180", "edad": 22}, "pk": 38, "model": "trazabilidad.paciente"}, {"fields": {"tipo_identificacion": "CC", "identificacion": "22335423", "sexo": "F", "apellido": "pascal pedraza", "nombre": "ana carolina", "eps": 4, "tipo_edad": "A", "direccion": "carrea 8c n. 41c - 73", "edad": 36}, "pk": 39, "model": "trazabilidad.paciente"}, {"fields": {"tipo_identificacion": "CC", "identificacion": "1140676383", "sexo": "F", "apellido": "castro perez", "nombre": "carmen ", "eps": 3, "tipo_edad": "A", "direccion": "carrera 27 n. 70 -24", "edad": 28}, "pk": 40, "model": "trazabilidad.paciente"}, {"fields": {"tipo_identificacion": "TI", "identificacion": "114326655", "sexo": "F", "apellido": "espitia parra", "nombre": "jhon ", "eps": 6, "tipo_edad": "A", "direccion": "calle 27 n. 7a - 38", "edad": 14}, "pk": 41, "model": "trazabilidad.paciente"}, {"fields": {"tipo_identificacion": "CC", "identificacion": "114365787", "sexo": "F", "apellido": "ferrer vergara", "nombre": "antonio ", "eps": 4, "tipo_edad": "A", "direccion": "calle 84 n.52b - 196", "edad": 23}, "pk": 42, "model": "trazabilidad.paciente"}, {"fields": {"tipo_identificacion": "CC", "identificacion": "1129875645", "sexo": "F", "apellido": "martinez", "nombre": "oscar", "eps": 3, "tipo_edad": "A", "direccion": "calle 80 n 56 ' 45", "edad": 34}, "pk": 43, "model": "trazabilidad.paciente"}, {"fields": {"tipo_identificacion": "CC", "identificacion": "11298765", "sexo": "F", "apellido": "mendoza", "nombre": "juan", "eps": 4, "tipo_edad": "A", "direccion": "calle 56 78", "edad": 34}, "pk": 44, "model": "trazabilidad.paciente"}, {"fields": {"tipo_identificacion": "CC", "identificacion": "2234567", "sexo": "F", "apellido": "torres", "nombre": "marlene", "eps": 4, "tipo_edad": "A", "direccion": "calle 54 n 34 56", "edad": 40}, "pk": 45, "model": "trazabilidad.paciente"}, {"fields": {"tipo_identificacion": "CC", "identificacion": "22345676", "sexo": "F", "apellido": "martinez", "nombre": "marlene", "eps": 2, "tipo_edad": "A", "direccion": "calle 54 56 67", "edad": 45}, "pk": 46, "model": "trazabilidad.paciente"}, {"fields": {"tipo_identificacion": "CC", "identificacion": "22222222", "sexo": "F", "apellido": "ruiz", "nombre": "fernando", "eps": 3, "tipo_edad": "A", "direccion": "calle 45", "edad": 34}, "pk": 47, "model": "trazabilidad.paciente"}, {"fields": {"tipo_identificacion": "CC", "identificacion": "1233665", "sexo": "F", "apellido": "perez", "nombre": "manuel", "eps": 2, "tipo_edad": "A", "direccion": "calle 87", "edad": 23}, "pk": 48, "model": "trazabilidad.paciente"}, {"fields": {"tipo_identificacion": "TI", "identificacion": "123456", "sexo": "F", "apellido": "perez", "nombre": "juan", "eps": 2, "tipo_edad": "A", "direccion": "calle 85", "edad": 17}, "pk": 49, "model": "trazabilidad.paciente"}, {"fields": {"tipo_identificacion": "CC", "identificacion": "1140851067", "sexo": "F", "apellido": "escobar vargas", "nombre": "jesus antonio", "eps": 2, "tipo_edad": "A", "direccion": "calle 84 n. 45 -102", "edad": 24}, "pk": 50, "model": "trazabilidad.paciente"}, {"fields": {"tipo_identificacion": "CC", "identificacion": "1142765673", "sexo": "F", "apellido": "padilla herrera", "nombre": "jaime antonio", "eps": 1, "tipo_edad": "A", "direccion": "carrea 21b n. 59a - 124", "edad": 31}, "pk": 51, "model": "trazabilidad.paciente"}, {"fields": {"tipo_identificacion": "CC", "identificacion": "1149873563", "sexo": "F", "apellido": "vargas mejia", "nombre": "jaime andres", "eps": 1, "tipo_edad": "A", "direccion": "calle 30 n. 21b - 145", "edad": 26}, "pk": 52, "model": "trazabilidad.paciente"}, {"fields": {"tipo_identificacion": "CC", "identificacion": "11408739864", "sexo": "F", "apellido": "jimenez perez", "nombre": "eduardo ", "eps": 3, "tipo_edad": "A", "direccion": "calle 84 n. 51b -115", "edad": 21}, "pk": 53, "model": "trazabilidad.paciente"}, {"fields": {"tipo_identificacion": "CC", "identificacion": "1140851053", "sexo": "F", "apellido": "torres meza", "nombre": "carolina", "eps": 4, "tipo_edad": "A", "direccion": "carrera 21b n. 65 - 89", "edad": 19}, "pk": 54, "model": "trazabilidad.paciente"}, {"fields": {"tipo_identificacion": "CC", "identificacion": "32826056", "sexo": "F", "apellido": "orozco perez", "nombre": "jair ", "eps": 3, "tipo_edad": "A", "direccion": "calle 82 n. 51b - 126", "edad": 46}, "pk": 55, "model": "trazabilidad.paciente"}, {"fields": {"tipo_identificacion": "CC", "identificacion": "1140892263", "sexo": "F", "apellido": "rivera", "nombre": "mirian ", "eps": 1, "tipo_edad": "A", "direccion": "calle 30 n 27 - 36", "edad": 26}, "pk": 56, "model": "trazabilidad.paciente"}, {"fields": {"tipo_identificacion": "CC", "identificacion": "2663556272", "sexo": "F", "apellido": "herrera parra", "nombre": "jaime", "eps": 1, "tipo_edad": "A", "direccion": "calle 84 n. 652", "edad": 26}, "pk": 57, "model": "trazabilidad.paciente"}, {"fields": {"tipo_identificacion": "CC", "identificacion": "52526262", "sexo": "F", "apellido": "mora", "nombre": "javier", "eps": 3, "tipo_edad": "A", "direccion": "calle 82", "edad": 23}, "pk": 58, "model": "trazabilidad.paciente"}, {"fields": {"tipo_identificacion": "CC", "identificacion": "115468975", "sexo": "F", "apellido": "mendoza padilla", "nombre": "katherine", "eps": 2, "tipo_edad": "A", "direccion": "calle 21 n. 35- 23", "edad": 43}, "pk": 59, "model": "trazabilidad.paciente"}, {"fields": {"tipo_identificacion": "CC", "identificacion": "114987574", "sexo": "F", "apellido": "vergara", "nombre": "andres", "eps": 2, "tipo_edad": "A", "direccion": "calle 53 n. 12 -37", "edad": 24}, "pk": 60, "model": "trazabilidad.paciente"}, {"fields": {"tipo_identificacion": "CC", "identificacion": "1123454", "sexo": "F", "apellido": "hernandez", "nombre": "janer ", "eps": 6, "tipo_edad": "A", "direccion": "carrera 45 n. 23 -28", "edad": 45}, "pk": 61, "model": "trazabilidad.paciente"}, {"fields": {"tipo_identificacion": "CC", "identificacion": "12443455", "sexo": "F", "apellido": "orozco", "nombre": "saida", "eps": 4, "tipo_edad": "A", "direccion": "carrera 5a n. 41b - 91", "edad": 45}, "pk": 62, "model": "trazabilidad.paciente"}, {"fields": {"tipo_identificacion": "CC", "identificacion": "1140854356", "sexo": "F", "apellido": "perez padilla", "nombre": "jesus alberto", "eps": 2, "tipo_edad": "A", "direccion": "calle 24 n. 56 - 25", "edad": 21}, "pk": 63, "model": "trazabilidad.paciente"}, {"fields": {"tipo_identificacion": "CC", "identificacion": "2255646584", "sexo": "F", "apellido": "mendoza", "nombre": "maria", "eps": 5, "tipo_edad": "A", "direccion": "calle 84 n. 64 -27", "edad": 45}, "pk": 64, "model": "trazabilidad.paciente"}, {"fields": {"tipo_identificacion": "CC", "identificacion": "1140851054", "sexo": "M", "apellido": "severino torres", "nombre": "andres ", "eps": 4, "tipo_edad": "A", "direccion": "calle 23 n. 63 - 46", "edad": 26}, "pk": 65, "model": "trazabilidad.paciente"}, {"fields": {"tipo_identificacion": "CC", "identificacion": "114356654", "sexo": "F", "apellido": "gonzales", "nombre": "elieth", "eps": 5, "tipo_edad": "A", "direccion": "calle 36 n. 87 - 234", "edad": 35}, "pk": 66, "model": "trazabilidad.paciente"}, {"fields": {"tipo_identificacion": "CC", "identificacion": "1140851052", "sexo": "M", "apellido": "mejia peralta", "nombre": "aldair enrrique", "eps": 1, "tipo_edad": "A", "direccion": "calle 80 n, 46 - 156", "edad": 25}, "pk": 67, "model": "trazabilidad.paciente"}, {"fields": {"tipo_identificacion": "CC", "identificacion": "11296543", "sexo": "M", "apellido": "mejia", "nombre": "juan", "eps": 4, "tipo_edad": "A", "direccion": "calle 45", "edad": 34}, "pk": 68, "model": "trazabilidad.paciente"}, {"fields": {"tipo_identificacion": "CC", "identificacion": "1140562148", "sexo": "M", "apellido": "contreras buendia", "nombre": "adolfo", "eps": 2, "tipo_edad": "A", "direccion": "calle 64 n. 45 -236", "edad": 28}, "pk": 69, "model": "trazabilidad.paciente"}, {"fields": {"tipo_identificacion": "CC", "identificacion": "114058541", "sexo": "M", "apellido": "contreras mendoza", "nombre": "daniel alberto", "eps": 4, "tipo_edad": "A", "direccion": "carrera 21b - 234", "edad": 28}, "pk": 70, "model": "trazabilidad.paciente"}, {"fields": {"tipo_identificacion": "CC", "identificacion": "1140851057", "sexo": "M", "apellido": "ramirez padilla", "nombre": "alfredo alberto", "eps": 3, "tipo_edad": "A", "direccion": "calle 84 n. 54 - 234", "edad": 24}, "pk": 71, "model": "trazabilidad.paciente"}, {"fields": {"tipo_identificacion": "CC", "identificacion": "11452545", "sexo": "M", "apellido": "meza prada", "nombre": "antonio", "eps": 4, "tipo_edad": "A", "direccion": "calle 82 n. 46 - 156", "edad": 20}, "pk": 72, "model": "trazabilidad.paciente"}, {"fields": {"tipo_identificacion": "CC", "identificacion": "11404865954", "sexo": "M", "apellido": "arango merlano", "nombre": "kevin ", "eps": 3, "tipo_edad": "A", "direccion": "calle 53 n. 70 - 256", "edad": 29}, "pk": 73, "model": "trazabilidad.paciente"}, {"fields": {"tipo_identificacion": "CC", "identificacion": "10548685", "sexo": "M", "apellido": "parra mejia", "nombre": "eduardo andres", "eps": 4, "tipo_edad": "A", "direccion": "calle 38 n. 69b -68", "edad": 20}, "pk": 74, "model": "trazabilidad.paciente"}, {"fields": {"tipo_identificacion": "CC", "identificacion": "1140854254", "sexo": "F", "apellido": "vargas molina", "nombre": "carolina", "eps": 2, "tipo_edad": "A", "direccion": "carrera 24 n. 69c - 232", "edad": 31}, "pk": 75, "model": "trazabilidad.paciente"}, {"fields": {"tipo_identificacion": "CC", "identificacion": "11425154", "sexo": "M", "apellido": "jalaf contreras", "nombre": "aldair abid", "eps": 4, "tipo_edad": "A", "direccion": "calle 74 n. 56 -138", "edad": 24}, "pk": 76, "model": "trazabilidad.paciente"}, {"fields": {"tipo_identificacion": "CC", "identificacion": "114085107", "sexo": "M", "apellido": "herrera ca\u00f1ate", "nombre": "jainer ", "eps": 1, "tipo_edad": "A", "direccion": "carrera 18 n. 74b -68", "edad": 29}, "pk": 77, "model": "trazabilidad.paciente"}, {"fields": {"tipo_identificacion": "CC", "identificacion": "2244268", "sexo": "F", "apellido": "parra montes", "nombre": "paola maria", "eps": 4, "tipo_edad": "A", "direccion": "carrea 2a n 36 - 34", "edad": 22}, "pk": 78, "model": "trazabilidad.paciente"}, {"fields": {"tipo_identificacion": "CC", "identificacion": "105184521", "sexo": "M", "apellido": "campo diaz", "nombre": "eduardo", "eps": 6, "tipo_edad": "A", "direccion": "calle 24 n. 64 - 37", "edad": 31}, "pk": 79, "model": "trazabilidad.paciente"}, {"fields": {"tipo_identificacion": "CC", "identificacion": "11954454", "sexo": "M", "apellido": "vargas cervantes", "nombre": "jaime andres", "eps": 3, "tipo_edad": "A", "direccion": "calle 38 n. 70 - 86", "edad": 25}, "pk": 80, "model": "trazabilidad.paciente"}, {"fields": {"tipo_identificacion": "CC", "identificacion": "1142983673", "sexo": "M", "apellido": "dias fernandez", "nombre": "samir antonio", "eps": 4, "tipo_edad": "A", "direccion": "calle 79 n. 44b - 235", "edad": 23}, "pk": 81, "model": "trazabilidad.paciente"}, {"fields": {"tipo_identificacion": "CC", "identificacion": "1140851064", "sexo": "F", "apellido": "mendoza diaz", "nombre": "jaime andres", "eps": 2, "tipo_edad": "A", "direccion": "calle 82 n. 51b - 234", "edad": 26}, "pk": 82, "model": "trazabilidad.paciente"}, {"fields": {"tipo_identificacion": "CC", "identificacion": "3721844", "sexo": "M", "apellido": "mendoza paez", "nombre": "angel", "eps": 1, "tipo_edad": "A", "direccion": "calle 5 n. 6 - 33", "edad": 64}, "pk": 83, "model": "trazabilidad.paciente"}, {"fields": {"tipo_identificacion": "CC", "identificacion": "1143134084", "sexo": "F", "apellido": "molina jimenez", "nombre": "sixta lida", "eps": 9, "tipo_edad": "A", "direccion": "carrera 15a  n\u00ba 45e-23", "edad": 25}, "pk": 84, "model": "trazabilidad.paciente"}, {"fields": {"tipo_identificacion": "CC", "identificacion": "114598722", "sexo": "M", "apellido": "padilla herrera", "nombre": "jaime andres", "eps": 8, "tipo_edad": "A", "direccion": "calle 84 n. 43b - 134", "edad": 35}, "pk": 85, "model": "trazabilidad.paciente"}, {"fields": {"tipo_identificacion": "CC", "identificacion": "22432654", "sexo": "F", "apellido": "pulido torres", "nombre": "adriana lucia", "eps": 2, "tipo_edad": "A", "direccion": "carrera 24 n. 56 - 243", "edad": 35}, "pk": 86, "model": "trazabilidad.paciente"}, {"fields": {"tipo_identificacion": "CC", "identificacion": "1274688364", "sexo": "M", "apellido": "rodriguez perez", "nombre": "andres ", "eps": 4, "tipo_edad": "A", "direccion": "calle 46 n. 35", "edad": 26}, "pk": 87, "model": "trazabilidad.paciente"}, {"fields": {"tipo_identificacion": "CC", "identificacion": "1140873475", "sexo": "F", "apellido": "jaramillo padilla", "nombre": "andrea carolina", "eps": 3, "tipo_edad": "A", "direccion": "carrera 56 n. 44 -85", "edad": 21}, "pk": 88, "model": "trazabilidad.paciente"}, {"fields": {"tipo_identificacion": "CC", "identificacion": "114085323", "sexo": "M", "apellido": "mina polo", "nombre": "roberto", "eps": 2, "tipo_edad": "A", "direccion": "carrera 24 n. 56 - 128", "edad": 34}, "pk": 89, "model": "trazabilidad.paciente"}, {"fields": {"tipo_identificacion": "CC", "identificacion": "228748834", "sexo": "F", "apellido": "martinez perez", "nombre": "gabriela", "eps": 4, "tipo_edad": "A", "direccion": "carrera 22 n. 56", "edad": 45}, "pk": 90, "model": "trazabilidad.paciente"}, {"fields": {"tipo_identificacion": "CC", "identificacion": "1042450040", "sexo": "F", "apellido": "sandoval niebles", "nombre": "maria elena", "eps": 3, "tipo_edad": "A", "direccion": "calle 20 n. 14- 04", "edad": 21}, "pk": 91, "model": "trazabilidad.paciente"}, {"fields": {"tipo_identificacion": "CC", "identificacion": "5586865", "sexo": "F", "apellido": "perez martinez", "nombre": "adriana", "eps": 1, "tipo_edad": "A", "direccion": "calle 80 n. 23 - 345", "edad": 25}, "pk": 92, "model": "trazabilidad.paciente"}, {"fields": {"nombre": "aguas de la sabana", "tipo": "EP", "modificado_por": ["luis"], "rup": "800920", "ultima_modificacion": "2016-03-03T15:50:35.713Z", "estado": "A", "direccion": "calle 27 53", "nit": "800920001"}, "pk": 1, "model": "trazabilidad.epsa"}, {"fields": {"nombre": "triple a de barranquilla s.a.  e.s.p.", "tipo": "EP", "modificado_por": ["luis"], "rup": "25363664-8", "ultima_modificacion": "2016-03-03T15:50:35.713Z", "estado": "A", "direccion": "carrera 58 n\u00b0 67 - 09", "nit": "8001359131"}, "pk": 2, "model": "trazabilidad.epsa"}, {"fields": {"nombre": "la zonal de candelaria de la asociacion de municipios de la regional dos", "tipo": "AV", "modificado_por": ["luis"], "rup": "----------", "ultima_modificacion": "2016-03-03T15:50:35.713Z", "estado": "A", "direccion": "calle  12  n\u00aa  11 -69", "nit": "9000201349"}, "pk": 3, "model": "trazabilidad.epsa"}, {"fields": {"nombre": "empresa acueducto alcantarillado y aseo de repelon", "tipo": "EP", "modificado_por": ["luis"], "rup": "---------", "ultima_modificacion": "2016-03-03T15:50:35.713Z", "estado": "A", "direccion": "cra 11 no 10b - 123", "nit": "8020037942"}, "pk": 4, "model": "trazabilidad.epsa"}, {"fields": {"nombre": "acomcol", "tipo": "ES", "modificado_por": ["luis"], "rup": "---------", "ultima_modificacion": "2016-03-03T15:50:35.713Z", "estado": "A", "direccion": "calle 5 no 6 - 04", "nit": "---------"}, "pk": 5, "model": "trazabilidad.epsa"}, {"fields": {"nombre": "acueducto comunal de isabel lopez", "tipo": "AV", "modificado_por": ["luis"], "rup": "--------", "ultima_modificacion": "2016-03-03T15:50:35.713Z", "estado": "A", "direccion": "calle 8 no 7c - 15", "nit": "802010046-0"}, "pk": 6, "model": "trazabilidad.epsa"}, {"fields": {"nombre": "acomret", "tipo": "AV", "modificado_por": ["luis"], "rup": "--------", "ultima_modificacion": "2016-03-03T15:50:35.713Z", "estado": "A", "direccion": "calle 4 n\u00ba  6 - 10", "nit": "8020109971"}, "pk": 7, "model": "trazabilidad.epsa"}, {"fields": {"modificado_por": ["luis"], "nombre": "atlantico", "codigo": 1, "ultima_modificacion": "2016-03-02T14:45:01.930Z"}, "pk": 1, "model": "trazabilidad.departamento"}, {"fields": {"modificado_por": ["luis"], "nombre": "magdalena", "codigo": 2, "ultima_modificacion": "2016-03-02T14:45:01.930Z"}, "pk": 2, "model": "trazabilidad.departamento"}, {"fields": {"modificado_por": ["luis"], "nombre": "barranquilla", "codigo": 23, "ultima_modificacion": "2016-03-02T14:45:25.497Z", "departamento": 1}, "pk": 1, "model": "trazabilidad.municipio"}, {"fields": {"modificado_por": ["luis"], "nombre": "malambo", "codigo": 21, "ultima_modificacion": "2016-03-02T14:45:25.497Z", "departamento": 1}, "pk": 2, "model": "trazabilidad.municipio"}, {"fields": {"modificado_por": ["luis"], "nombre": "cienaga", "codigo": 12, "ultima_modificacion": "2016-03-02T14:45:25.497Z", "departamento": 2}, "pk": 3, "model": "trazabilidad.municipio"}, {"fields": {"modificado_por": ["luis"], "nombre": "soledad", "codigo": 8758, "ultima_modificacion": "2016-03-02T14:45:25.497Z", "departamento": 1}, "pk": 4, "model": "trazabilidad.municipio"}, {"fields": {"modificado_por": ["luis"], "nombre": "sabanagrande", "codigo": 8634, "ultima_modificacion": "2016-03-02T14:45:25.497Z", "departamento": 1}, "pk": 5, "model": "trazabilidad.municipio"}, {"fields": {"modificado_por": ["luis"], "nombre": "sabanalarga", "codigo": 8638, "ultima_modificacion": "2016-03-02T14:45:25.497Z", "departamento": 1}, "pk": 6, "model": "trazabilidad.municipio"}, {"fields": {"modificado_por": ["luis"], "nombre": "santo tomas", "codigo": 8685, "ultima_modificacion": "2016-03-02T14:45:25.497Z", "departamento": 1}, "pk": 7, "model": "trazabilidad.municipio"}, {"fields": {"modificado_por": ["luis"], "nombre": "galapa", "codigo": 8296, "ultima_modificacion": "2016-03-02T14:45:25.497Z", "departamento": 1}, "pk": 8, "model": "trazabilidad.municipio"}, {"fields": {"modificado_por": ["luis"], "nombre": "baranoa", "codigo": 8078, "ultima_modificacion": "2016-03-02T14:45:25.497Z", "departamento": 1}, "pk": 9, "model": "trazabilidad.municipio"}, {"fields": {"modificado_por": ["luis"], "nombre": "ponedera", "codigo": 8560, "ultima_modificacion": "2016-03-02T14:45:25.497Z", "departamento": 1}, "pk": 10, "model": "trazabilidad.municipio"}, {"fields": {"modificado_por": ["luis"], "nombre": "puerto colombia", "codigo": 8573, "ultima_modificacion": "2016-03-02T14:45:25.497Z", "departamento": 1}, "pk": 11, "model": "trazabilidad.municipio"}, {"fields": {"modificado_por": ["luis"], "nombre": "juan de acosta", "codigo": 8372, "ultima_modificacion": "2016-03-02T14:45:25.497Z", "departamento": 1}, "pk": 12, "model": "trazabilidad.municipio"}, {"fields": {"modificado_por": ["luis"], "nombre": "palmar de varela", "codigo": 8520, "ultima_modificacion": "2016-03-02T14:45:25.497Z", "departamento": 1}, "pk": 13, "model": "trazabilidad.municipio"}, {"fields": {"modificado_por": ["luis"], "nombre": "pioj\u00f3", "codigo": 8549, "ultima_modificacion": "2016-03-02T14:45:25.497Z", "departamento": 1}, "pk": 14, "model": "trazabilidad.municipio"}, {"fields": {"modificado_por": ["luis"], "nombre": "polonuevo", "codigo": 8558, "ultima_modificacion": "2016-03-02T14:45:25.497Z", "departamento": 1}, "pk": 15, "model": "trazabilidad.municipio"}, {"fields": {"modificado_por": ["luis"], "nombre": "tubar\u00e1", "codigo": 8832, "ultima_modificacion": "2016-03-02T14:45:25.497Z", "departamento": 1}, "pk": 16, "model": "trazabilidad.municipio"}, {"fields": {"modificado_por": ["luis"], "nombre": "usiacur\u00ed", "codigo": 8849, "ultima_modificacion": "2016-03-02T14:45:25.497Z", "departamento": 1}, "pk": 17, "model": "trazabilidad.municipio"}, {"fields": {"modificado_por": ["luis"], "nombre": "candelaria", "codigo": 8141, "ultima_modificacion": "2016-03-02T14:45:25.497Z", "departamento": 1}, "pk": 18, "model": "trazabilidad.municipio"}, {"fields": {"modificado_por": ["luis"], "nombre": "repelon", "codigo": 8606, "ultima_modificacion": "2016-03-02T14:45:25.497Z", "departamento": 1}, "pk": 19, "model": "trazabilidad.municipio"}, {"fields": {"modificado_por": ["luis"], "nombre": "campo de la cruz", "codigo": 8, "ultima_modificacion": "2016-03-02T14:45:25.497Z", "departamento": 1}, "pk": 20, "model": "trazabilidad.municipio"}, {"fields": {"nombre": "barranquilla ", "modificado_por": ["luis"], "codigo": 23, "ultima_modificacion": "2016-03-02T14:45:35.167Z", "epsa": 2, "municipio": 1}, "pk": 1, "model": "trazabilidad.poblado"}, {"fields": {"nombre": "malambo", "modificado_por": ["luis"], "codigo": 32, "ultima_modificacion": "2016-03-02T14:45:35.167Z", "epsa": 2, "municipio": 2}, "pk": 2, "model": "trazabilidad.poblado"}, {"fields": {"nombre": "soledad", "modificado_por": ["luis"], "codigo": 8758000, "ultima_modificacion": "2016-03-02T14:45:35.167Z", "epsa": 2, "municipio": 4}, "pk": 3, "model": "trazabilidad.poblado"}, {"fields": {"nombre": "sabanagrande", "modificado_por": ["luis"], "codigo": 8634000, "ultima_modificacion": "2016-03-02T14:45:35.167Z", "epsa": 2, "municipio": 5}, "pk": 4, "model": "trazabilidad.poblado"}, {"fields": {"nombre": "sabanalarga", "modificado_por": ["luis"], "codigo": 8638000, "ultima_modificacion": "2016-03-02T14:45:35.167Z", "epsa": 2, "municipio": 6}, "pk": 5, "model": "trazabilidad.poblado"}, {"fields": {"nombre": "santo tomas", "modificado_por": ["luis"], "codigo": 8685000, "ultima_modificacion": "2016-03-02T14:45:35.167Z", "epsa": 2, "municipio": 7}, "pk": 6, "model": "trazabilidad.poblado"}, {"fields": {"nombre": "galapa", "modificado_por": ["luis"], "codigo": 8296000, "ultima_modificacion": "2016-03-02T14:45:35.167Z", "epsa": 2, "municipio": 8}, "pk": 7, "model": "trazabilidad.poblado"}, {"fields": {"nombre": "baranoa", "modificado_por": ["luis"], "codigo": 8078000, "ultima_modificacion": "2016-03-02T14:45:35.167Z", "epsa": 2, "municipio": 9}, "pk": 8, "model": "trazabilidad.poblado"}, {"fields": {"nombre": "ponedera", "modificado_por": ["luis"], "codigo": 8560000, "ultima_modificacion": "2016-03-02T14:45:35.167Z", "epsa": 2, "municipio": 10}, "pk": 9, "model": "trazabilidad.poblado"}, {"fields": {"nombre": "puerto colombia", "modificado_por": ["luis"], "codigo": 8573000, "ultima_modificacion": "2016-03-02T14:45:35.167Z", "epsa": 2, "municipio": 11}, "pk": 10, "model": "trazabilidad.poblado"}, {"fields": {"nombre": "juan de acosta", "modificado_por": ["luis"], "codigo": 8372000, "ultima_modificacion": "2016-03-02T14:45:35.167Z", "epsa": 2, "municipio": 12}, "pk": 11, "model": "trazabilidad.poblado"}, {"fields": {"nombre": "palmar de varela", "modificado_por": ["luis"], "codigo": 8520000, "ultima_modificacion": "2016-03-02T14:45:35.167Z", "epsa": 2, "municipio": 13}, "pk": 12, "model": "trazabilidad.poblado"}, {"fields": {"nombre": "pioj\u00f3", "modificado_por": ["luis"], "codigo": 8549000, "ultima_modificacion": "2016-03-02T14:45:35.167Z", "epsa": 2, "municipio": 14}, "pk": 13, "model": "trazabilidad.poblado"}, {"fields": {"nombre": "polonuevo", "modificado_por": ["luis"], "codigo": 8558000, "ultima_modificacion": "2016-03-02T14:45:35.167Z", "epsa": 2, "municipio": 15}, "pk": 14, "model": "trazabilidad.poblado"}, {"fields": {"nombre": "tubar\u00e1", "modificado_por": ["luis"], "codigo": 8832000, "ultima_modificacion": "2016-03-02T14:45:35.167Z", "epsa": 2, "municipio": 16}, "pk": 15, "model": "trazabilidad.poblado"}, {"fields": {"nombre": "usiacur\u00ed", "modificado_por": ["luis"], "codigo": 8849000, "ultima_modificacion": "2016-03-02T14:45:35.167Z", "epsa": 2, "municipio": 17}, "pk": 16, "model": "trazabilidad.poblado"}, {"fields": {"nombre": "sibarco", "modificado_por": ["luis"], "codigo": 8078003, "ultima_modificacion": "2016-03-02T14:45:35.167Z", "epsa": 2, "municipio": 17}, "pk": 17, "model": "trazabilidad.poblado"}, {"fields": {"nombre": "salgar", "modificado_por": ["luis"], "codigo": 8573002, "ultima_modificacion": "2016-03-02T14:45:35.167Z", "epsa": 2, "municipio": 11}, "pk": 18, "model": "trazabilidad.poblado"}, {"fields": {"nombre": "sabanilla", "modificado_por": ["luis"], "codigo": 8573003, "ultima_modificacion": "2016-03-02T14:45:35.167Z", "epsa": 2, "municipio": 11}, "pk": 19, "model": "trazabilidad.poblado"}, {"fields": {"nombre": "chorrera", "modificado_por": ["luis"], "codigo": 8372002, "ultima_modificacion": "2016-03-02T14:45:35.167Z", "epsa": 2, "municipio": 12}, "pk": 20, "model": "trazabilidad.poblado"}, {"fields": {"nombre": "pitalito", "modificado_por": ["luis"], "codigo": 8433005, "ultima_modificacion": "2016-03-02T14:45:35.167Z", "epsa": 2, "municipio": 2}, "pk": 21, "model": "trazabilidad.poblado"}, {"fields": {"nombre": "candelaria", "modificado_por": ["luis"], "codigo": 8141000, "ultima_modificacion": "2016-03-02T14:45:35.167Z", "epsa": 3, "municipio": 18}, "pk": 22, "model": "trazabilidad.poblado"}, {"fields": {"nombre": "repelon", "modificado_por": ["luis"], "codigo": 8606000, "ultima_modificacion": "2016-03-02T14:45:35.167Z", "epsa": 4, "municipio": 19}, "pk": 23, "model": "trazabilidad.poblado"}, {"fields": {"nombre": "santa veronica", "modificado_por": ["luis"], "codigo": 8372004, "ultima_modificacion": "2016-03-02T14:45:35.167Z", "epsa": 2, "municipio": 12}, "pk": 24, "model": "trazabilidad.poblado"}, {"fields": {"nombre": "aguas vivas", "modificado_por": ["luis"], "codigo": 8549001, "ultima_modificacion": "2016-03-02T14:45:35.167Z", "epsa": 2, "municipio": 14}, "pk": 25, "model": "trazabilidad.poblado"}, {"fields": {"nombre": "cuatro bocas", "modificado_por": ["luis"], "codigo": 8832001, "ultima_modificacion": "2016-03-02T14:45:35.167Z", "epsa": 2, "municipio": 16}, "pk": 26, "model": "trazabilidad.poblado"}, {"fields": {"nombre": "hibachado", "modificado_por": ["luis"], "codigo": 8549003, "ultima_modificacion": "2016-03-02T14:45:35.167Z", "epsa": 2, "municipio": 14}, "pk": 27, "model": "trazabilidad.poblado"}, {"fields": {"nombre": "colombia", "modificado_por": ["luis"], "codigo": 8638003, "ultima_modificacion": "2016-03-02T14:45:35.167Z", "epsa": 5, "municipio": 6}, "pk": 28, "model": "trazabilidad.poblado"}, {"fields": {"nombre": "isabel l\u00f3pez", "modificado_por": ["luis"], "codigo": 8638004, "ultima_modificacion": "2016-03-02T14:45:35.167Z", "epsa": 6, "municipio": 6}, "pk": 29, "model": "trazabilidad.poblado"}, {"fields": {"nombre": "rotinet", "modificado_por": ["luis"], "codigo": 8606004, "ultima_modificacion": "2016-03-02T14:45:35.167Z", "epsa": 7, "municipio": 19}, "pk": 30, "model": "trazabilidad.poblado"}, {"fields": {"nombre": "ese pto colombia", "municipio": 2}, "pk": 1, "model": "trazabilidad.institucion"}, {"fields": {"nombre": "cari/falb", "municipio": 1}, "pk": 2, "model": "trazabilidad.institucion"}, {"fields": {"nombre": "hospital nazareth", "municipio": 1}, "pk": 3, "model": "trazabilidad.institucion"}, {"fields": {"nombre": "hospital universitario cari e.s.e", "municipio": 1}, "pk": 4, "model": "trazabilidad.institucion"}, {"fields": {"nombre": "cl\u00ednica de la costa", "municipio": 1}, "pk": 5, "model": "trazabilidad.institucion"}, {"fields": {"nombre": "clinica porto azul", "municipio": 1}, "pk": 6, "model": "trazabilidad.institucion"}, {"fields": {"nombre": "clinica la merced ", "municipio": 1}, "pk": 7, "model": "trazabilidad.institucion"}, {"fields": {"nombre": "clinica de la costa", "municipio": 1}, "pk": 8, "model": "trazabilidad.institucion"}, {"fields": {"nombre": "clinica del norte", "municipio": 1}, "pk": 9, "model": "trazabilidad.institucion"}, {"fields": {"nombre": "clinica del caribe", "municipio": 1}, "pk": 10, "model": "trazabilidad.institucion"}, {"fields": {"nombre": "clinica murillo", "municipio": 1}, "pk": 11, "model": "trazabilidad.institucion"}, {"fields": {"nombre": "hosp. ni\u00f1o jesus", "municipio": 1}, "pk": 12, "model": "trazabilidad.institucion"}, {"fields": {"nombre": "lab. olimpus", "municipio": 1}, "pk": 13, "model": "trazabilidad.institucion"}, {"fields": {"nombre": "lab. continental", "municipio": 1}, "pk": 14, "model": "trazabilidad.institucion"}, {"fields": {"nombre": "hosp. materno infantil", "municipio": 1}, "pk": 15, "model": "trazabilidad.institucion"}, {"fields": {"nombre": "clinica adela de char", "municipio": 1}, "pk": 16, "model": "trazabilidad.institucion"}, {"fields": {"nombre": "clinica atenas", "municipio": 1}, "pk": 17, "model": "trazabilidad.institucion"}, {"fields": {"nombre": "clinica bautista", "municipio": 1}, "pk": 18, "model": "trazabilidad.institucion"}, {"fields": {"nombre": "clinica jaller", "municipio": 1}, "pk": 19, "model": "trazabilidad.institucion"}, {"fields": {"nombre": "clinica del sol", "municipio": 1}, "pk": 20, "model": "trazabilidad.institucion"}, {"fields": {"nombre": "laboratorio din\u00e1mica ips", "municipio": 1}, "pk": 21, "model": "trazabilidad.institucion"}, {"fields": {"nombre": "ese campo de la cruz", "municipio": 20}, "pk": 22, "model": "trazabilidad.institucion"}, {"fields": {"nombre": "clinica bonadona/prevenir", "municipio": 1}, "pk": 23, "model": "trazabilidad.institucion"}, {"fields": {"modificado_por": ["luis"], "nombre": "suero", "programas": [1, 4, 6, 7], "ultima_modificacion": "2016-03-02T18:43:31.994Z", "estado": "A"}, "pk": 1, "model": "trazabilidad.tipomuestra"}, {"fields": {"modificado_por": ["luis"], "nombre": "coprologico", "programas": [1], "ultima_modificacion": "2016-03-02T18:43:31.994Z", "estado": "A"}, "pk": 2, "model": "trazabilidad.tipomuestra"}, {"fields": {"modificado_por": ["luis"], "nombre": "esputo- cultivo", "programas": [1], "ultima_modificacion": "2016-03-02T18:43:31.994Z", "estado": "A"}, "pk": 3, "model": "trazabilidad.tipomuestra"}, {"fields": {"modificado_por": ["luis"], "nombre": "absceso", "programas": [1], "ultima_modificacion": "2016-03-02T18:43:31.994Z", "estado": "A"}, "pk": 4, "model": "trazabilidad.tipomuestra"}, {"fields": {"modificado_por": ["luis"], "nombre": "aspirado", "programas": [1], "ultima_modificacion": "2016-03-02T18:43:31.994Z", "estado": "A"}, "pk": 5, "model": "trazabilidad.tipomuestra"}, {"fields": {"modificado_por": ["luis"], "nombre": "biopsia", "programas": [1], "ultima_modificacion": "2016-03-02T18:43:31.994Z", "estado": "A"}, "pk": 6, "model": "trazabilidad.tipomuestra"}, {"fields": {"modificado_por": ["luis"], "nombre": "cabeza", "programas": [1], "ultima_modificacion": "2016-03-02T18:43:31.994Z", "estado": "A"}, "pk": 7, "model": "trazabilidad.tipomuestra"}, {"fields": {"modificado_por": ["luis"], "nombre": "lav. bronquial", "programas": [1], "ultima_modificacion": "2016-03-02T18:43:31.994Z", "estado": "A"}, "pk": 8, "model": "trazabilidad.tipomuestra"}, {"fields": {"modificado_por": ["luis"], "nombre": "placa - isopado", "programas": [1], "ultima_modificacion": "2016-03-02T18:43:31.994Z", "estado": "A"}, "pk": 9, "model": "trazabilidad.tipomuestra"}, {"fields": {"modificado_por": ["luis"], "nombre": "cepa", "programas": [1], "ultima_modificacion": "2016-03-02T18:43:31.994Z", "estado": "A"}, "pk": 10, "model": "trazabilidad.tipomuestra"}, {"fields": {"modificado_por": ["luis"], "nombre": "coprolo", "programas": [1], "ultima_modificacion": "2016-03-02T18:43:31.994Z", "estado": "A"}, "pk": 11, "model": "trazabilidad.tipomuestra"}, {"fields": {"modificado_por": ["luis"], "nombre": "cultivo ", "programas": [1], "ultima_modificacion": "2016-03-02T18:43:31.994Z", "estado": "A"}, "pk": 12, "model": "trazabilidad.tipomuestra"}, {"fields": {"modificado_por": ["luis"], "nombre": "esputo", "programas": [1], "ultima_modificacion": "2016-03-02T18:43:31.994Z", "estado": "A"}, "pk": 13, "model": "trazabilidad.tipomuestra"}, {"fields": {"modificado_por": ["luis"], "nombre": "esputo-placa", "programas": [1], "ultima_modificacion": "2016-03-02T18:43:31.994Z", "estado": "A"}, "pk": 14, "model": "trazabilidad.tipomuestra"}, {"fields": {"modificado_por": ["luis"], "nombre": "hisopado", "programas": [1], "ultima_modificacion": "2016-03-02T18:43:31.994Z", "estado": "A"}, "pk": 15, "model": "trazabilidad.tipomuestra"}, {"fields": {"modificado_por": ["luis"], "nombre": "hiso-sue-ori", "programas": [1], "ultima_modificacion": "2016-03-02T18:43:31.994Z", "estado": "A"}, "pk": 16, "model": "trazabilidad.tipomuestra"}, {"fields": {"modificado_por": ["luis"], "nombre": "hueso", "programas": [1], "ultima_modificacion": "2016-03-02T18:43:31.994Z", "estado": "A"}, "pk": 17, "model": "trazabilidad.tipomuestra"}, {"fields": {"modificado_por": ["luis"], "nombre": "hiso-orina", "programas": [1], "ultima_modificacion": "2016-03-02T18:43:31.994Z", "estado": "A"}, "pk": 18, "model": "trazabilidad.tipomuestra"}, {"fields": {"modificado_por": ["luis"], "nombre": "hiso-suero", "programas": [1], "ultima_modificacion": "2016-03-02T18:43:31.994Z", "estado": "A"}, "pk": 19, "model": "trazabilidad.tipomuestra"}, {"fields": {"modificado_por": ["luis"], "nombre": "jugo gastri", "programas": [1], "ultima_modificacion": "2016-03-02T18:43:31.994Z", "estado": "A"}, "pk": 20, "model": "trazabilidad.tipomuestra"}, {"fields": {"modificado_por": ["luis"], "nombre": "lcr", "programas": [1], "ultima_modificacion": "2016-03-02T18:43:31.994Z", "estado": "A"}, "pk": 21, "model": "trazabilidad.tipomuestra"}, {"fields": {"modificado_por": ["luis"], "nombre": "liq. ascitico", "programas": [1], "ultima_modificacion": "2016-03-02T18:43:31.994Z", "estado": "A"}, "pk": 22, "model": "trazabilidad.tipomuestra"}, {"fields": {"modificado_por": ["luis"], "nombre": "liq. pericardio", "programas": [1], "ultima_modificacion": "2016-03-02T18:43:31.994Z", "estado": "A"}, "pk": 23, "model": "trazabilidad.tipomuestra"}, {"fields": {"modificado_por": ["luis"], "nombre": "liq. peritonial", "programas": [1], "ultima_modificacion": "2016-03-02T18:43:31.994Z", "estado": "A"}, "pk": 24, "model": "trazabilidad.tipomuestra"}, {"fields": {"modificado_por": ["luis"], "nombre": "liq. pleural", "programas": [1], "ultima_modificacion": "2016-03-02T18:43:31.994Z", "estado": "A"}, "pk": 25, "model": "trazabilidad.tipomuestra"}, {"fields": {"modificado_por": ["luis"], "nombre": "m. ambiental", "programas": [1], "ultima_modificacion": "2016-03-02T18:43:31.994Z", "estado": "A"}, "pk": 26, "model": "trazabilidad.tipomuestra"}, {"fields": {"modificado_por": ["luis"], "nombre": "liq. sinovial", "programas": [1], "ultima_modificacion": "2016-03-02T18:43:31.994Z", "estado": "A"}, "pk": 27, "model": "trazabilidad.tipomuestra"}, {"fields": {"modificado_por": ["luis"], "nombre": "medula osea", "programas": [1], "ultima_modificacion": "2016-03-02T18:43:31.994Z", "estado": "A"}, "pk": 28, "model": "trazabilidad.tipomuestra"}, {"fields": {"modificado_por": ["luis"], "nombre": "orina", "programas": [1], "ultima_modificacion": "2016-03-02T18:43:31.994Z", "estado": "A"}, "pk": 29, "model": "trazabilidad.tipomuestra"}, {"fields": {"modificado_por": ["luis"], "nombre": "placa", "programas": [1], "ultima_modificacion": "2016-03-02T18:43:31.994Z", "estado": "A"}, "pk": 30, "model": "trazabilidad.tipomuestra"}, {"fields": {"modificado_por": ["luis"], "nombre": "sangre con heparina", "programas": [1], "ultima_modificacion": "2016-03-02T18:43:31.994Z", "estado": "A"}, "pk": 31, "model": "trazabilidad.tipomuestra"}, {"fields": {"modificado_por": ["luis"], "nombre": "sangre total", "programas": [1], "ultima_modificacion": "2016-03-02T18:43:31.994Z", "estado": "A"}, "pk": 32, "model": "trazabilidad.tipomuestra"}, {"fields": {"modificado_por": ["luis"], "nombre": "suero-centinella", "programas": [1], "ultima_modificacion": "2016-03-02T18:43:31.994Z", "estado": "A"}, "pk": 33, "model": "trazabilidad.tipomuestra"}, {"fields": {"modificado_por": ["luis"], "nombre": "suero-orina", "programas": [1], "ultima_modificacion": "2016-03-02T18:43:31.994Z", "estado": "A"}, "pk": 34, "model": "trazabilidad.tipomuestra"}, {"fields": {"modificado_por": ["luis"], "nombre": "tamizaje", "programas": [1], "ultima_modificacion": "2016-03-02T18:43:31.994Z", "estado": "A"}, "pk": 35, "model": "trazabilidad.tipomuestra"}, {"fields": {"modificado_por": ["luis"], "nombre": "tejido y suero", "programas": [1], "ultima_modificacion": "2016-03-02T18:43:31.994Z", "estado": "A"}, "pk": 36, "model": "trazabilidad.tipomuestra"}, {"fields": {"modificado_por": ["luis"], "nombre": "tejidos", "programas": [1], "ultima_modificacion": "2016-03-02T18:43:31.994Z", "estado": "A"}, "pk": 37, "model": "trazabilidad.tipomuestra"}, {"fields": {"modificado_por": ["luis"], "nombre": "vomito", "programas": [1], "ultima_modificacion": "2016-03-02T18:43:31.994Z", "estado": "A"}, "pk": 38, "model": "trazabilidad.tipomuestra"}, {"fields": {"modificado_por": ["luis"], "nombre": "lamina", "programas": [3, 6, 7], "ultima_modificacion": "2016-03-02T18:43:31.994Z", "estado": "A"}, "pk": 39, "model": "trazabilidad.tipomuestra"}, {"fields": {"modificado_por": ["luis"], "nombre": "moluscos", "programas": [5], "ultima_modificacion": "2016-03-02T18:43:31.994Z", "estado": "A"}, "pk": 40, "model": "trazabilidad.tipomuestra"}, {"fields": {"modificado_por": ["luis"], "nombre": "garrapatas", "programas": [5], "ultima_modificacion": "2016-03-02T18:43:31.994Z", "estado": "A"}, "pk": 41, "model": "trazabilidad.tipomuestra"}, {"fields": {"modificado_por": ["luis"], "nombre": "culicidios (mosquito)", "programas": [5], "ultima_modificacion": "2016-03-02T18:43:31.994Z", "estado": "A"}, "pk": 42, "model": "trazabilidad.tipomuestra"}, {"fields": {"modificado_por": ["luis"], "nombre": "cultivo", "programas": [7, 6], "ultima_modificacion": "2016-03-02T18:43:31.994Z", "estado": "A"}, "pk": 43, "model": "trazabilidad.tipomuestra"}, {"fields": {"modificado_por": ["luis"], "nombre": "triatominos (pitos)", "programas": [5], "ultima_modificacion": "2016-03-02T18:43:31.994Z", "estado": "A"}, "pk": 44, "model": "trazabilidad.tipomuestra"}, {"fields": {"modificado_por": ["luis"], "nombre": "lutzomias", "programas": [5], "ultima_modificacion": "2016-03-02T18:43:31.994Z", "estado": "A"}, "pk": 45, "model": "trazabilidad.tipomuestra"}, {"fields": {"institucion": 1, "tipo_muestra": 1, "paciente": 1, "embarazada": false, "barrio": "prado", "municipio": 1}, "pk": 1, "model": "trazabilidad.clinica"}, {"fields": {"institucion": 2, "tipo_muestra": 2, "paciente": 2, "embarazada": false, "barrio": "prado", "municipio": 1}, "pk": 2, "model": "trazabilidad.clinica"}, {"fields": {"institucion": 3, "tipo_muestra": 3, "paciente": 3, "embarazada": false, "barrio": "prado", "municipio": 1}, "pk": 3, "model": "trazabilidad.clinica"}, {"fields": {"institucion": 4, "tipo_muestra": 1, "paciente": 4, "embarazada": false, "barrio": "prado", "municipio": 1}, "pk": 6, "model": "trazabilidad.clinica"}, {"fields": {"institucion": 3, "tipo_muestra": 1, "paciente": 5, "embarazada": false, "barrio": "prado", "municipio": 1}, "pk": 9, "model": "trazabilidad.clinica"}, {"fields": {"institucion": 5, "tipo_muestra": 13, "paciente": 9, "embarazada": false, "barrio": "prado", "municipio": 1}, "pk": 16, "model": "trazabilidad.clinica"}, {"fields": {"institucion": 3, "tipo_muestra": 1, "paciente": 4, "embarazada": false, "barrio": "prado", "municipio": 1}, "pk": 19, "model": "trazabilidad.clinica"}, {"fields": {"institucion": 2, "tipo_muestra": 7, "paciente": 12, "embarazada": false, "barrio": "prado", "municipio": 1}, "pk": 22, "model": "trazabilidad.clinica"}, {"fields": {"institucion": 3, "tipo_muestra": 8, "paciente": 12, "embarazada": false, "barrio": "prado", "municipio": 1}, "pk": 23, "model": "trazabilidad.clinica"}, {"fields": {"institucion": 3, "tipo_muestra": 1, "paciente": 13, "embarazada": false, "barrio": "prado", "municipio": 1}, "pk": 24, "model": "trazabilidad.clinica"}, {"fields": {"institucion": 5, "tipo_muestra": 13, "paciente": 14, "embarazada": false, "barrio": "prado", "municipio": 1}, "pk": 25, "model": "trazabilidad.clinica"}, {"fields": {"institucion": 6, "tipo_muestra": 1, "paciente": 15, "embarazada": false, "barrio": "prado", "municipio": 1}, "pk": 27, "model": "trazabilidad.clinica"}, {"fields": {"institucion": 3, "tipo_muestra": 30, "paciente": 16, "embarazada": false, "barrio": "prado", "municipio": 1}, "pk": 29, "model": "trazabilidad.clinica"}, {"fields": {"institucion": 4, "tipo_muestra": 1, "paciente": 17, "embarazada": false, "barrio": "prado", "municipio": 1}, "pk": 33, "model": "trazabilidad.clinica"}, {"fields": {"institucion": 3, "tipo_muestra": 1, "paciente": 18, "embarazada": false, "barrio": "prado", "municipio": 1}, "pk": 36, "model": "trazabilidad.clinica"}, {"fields": {"institucion": 3, "tipo_muestra": 1, "paciente": 18, "embarazada": false, "barrio": "prado", "municipio": 1}, "pk": 37, "model": "trazabilidad.clinica"}, {"fields": {"institucion": 4, "tipo_muestra": 1, "paciente": 19, "embarazada": false, "barrio": "prado", "municipio": 1}, "pk": 38, "model": "trazabilidad.clinica"}, {"fields": {"institucion": 4, "tipo_muestra": 1, "paciente": 19, "embarazada": false, "barrio": "prado", "municipio": 1}, "pk": 39, "model": "trazabilidad.clinica"}, {"fields": {"institucion": 6, "tipo_muestra": 3, "paciente": 20, "embarazada": false, "barrio": "prado", "municipio": 1}, "pk": 40, "model": "trazabilidad.clinica"}, {"fields": {"institucion": 7, "tipo_muestra": 1, "paciente": 22, "embarazada": false, "barrio": "prado", "municipio": 1}, "pk": 42, "model": "trazabilidad.clinica"}, {"fields": {"institucion": 5, "tipo_muestra": 13, "paciente": 23, "embarazada": false, "barrio": "prado", "municipio": 1}, "pk": 44, "model": "trazabilidad.clinica"}, {"fields": {"institucion": 5, "tipo_muestra": 1, "paciente": 24, "embarazada": false, "barrio": "prado", "municipio": 1}, "pk": 45, "model": "trazabilidad.clinica"}, {"fields": {"institucion": 8, "tipo_muestra": 1, "paciente": 25, "embarazada": false, "barrio": "prado", "municipio": 1}, "pk": 46, "model": "trazabilidad.clinica"}, {"fields": {"institucion": 9, "tipo_muestra": 1, "paciente": 26, "embarazada": false, "barrio": "prado", "municipio": 1}, "pk": 47, "model": "trazabilidad.clinica"}, {"fields": {"institucion": 10, "tipo_muestra": 13, "paciente": 27, "embarazada": false, "barrio": "prado", "municipio": 1}, "pk": 48, "model": "trazabilidad.clinica"}, {"fields": {"institucion": 11, "tipo_muestra": 1, "paciente": 28, "embarazada": false, "barrio": "prado", "municipio": 1}, "pk": 50, "model": "trazabilidad.clinica"}, {"fields": {"institucion": 5, "tipo_muestra": 1, "paciente": 33, "embarazada": false, "barrio": "prado", "municipio": 1}, "pk": 57, "model": "trazabilidad.clinica"}, {"fields": {"institucion": 7, "tipo_muestra": 1, "paciente": 34, "embarazada": false, "barrio": "prado", "municipio": 1}, "pk": 58, "model": "trazabilidad.clinica"}, {"fields": {"institucion": 9, "tipo_muestra": 1, "paciente": 35, "embarazada": false, "barrio": "prado", "municipio": 1}, "pk": 59, "model": "trazabilidad.clinica"}, {"fields": {"institucion": 18, "tipo_muestra": 3, "paciente": 36, "embarazada": false, "barrio": "prado", "municipio": 1}, "pk": 60, "model": "trazabilidad.clinica"}, {"fields": {"institucion": 18, "tipo_muestra": 12, "paciente": 37, "embarazada": false, "barrio": "prado", "municipio": 1}, "pk": 61, "model": "trazabilidad.clinica"}, {"fields": {"institucion": 5, "tipo_muestra": 1, "paciente": 38, "embarazada": false, "barrio": "prado", "municipio": 1}, "pk": 62, "model": "trazabilidad.clinica"}, {"fields": {"institucion": 3, "tipo_muestra": 1, "paciente": 39, "embarazada": false, "barrio": "prado", "municipio": 1}, "pk": 63, "model": "trazabilidad.clinica"}, {"fields": {"institucion": 18, "tipo_muestra": 1, "paciente": 40, "embarazada": false, "barrio": "prado", "municipio": 1}, "pk": 64, "model": "trazabilidad.clinica"}, {"fields": {"institucion": 3, "tipo_muestra": 1, "paciente": 41, "embarazada": false, "barrio": "prado", "municipio": 1}, "pk": 65, "model": "trazabilidad.clinica"}, {"fields": {"institucion": 10, "tipo_muestra": 1, "paciente": 42, "embarazada": false, "barrio": "prado", "municipio": 1}, "pk": 67, "model": "trazabilidad.clinica"}, {"fields": {"institucion": 3, "tipo_muestra": 1, "paciente": 43, "embarazada": false, "barrio": "prado", "municipio": 1}, "pk": 72, "model": "trazabilidad.clinica"}, {"fields": {"institucion": 1, "tipo_muestra": 1, "paciente": 44, "embarazada": false, "barrio": "prado", "municipio": 1}, "pk": 73, "model": "trazabilidad.clinica"}, {"fields": {"institucion": 21, "tipo_muestra": 10, "paciente": 46, "embarazada": false, "barrio": "prado", "municipio": 1}, "pk": 75, "model": "trazabilidad.clinica"}, {"fields": {"institucion": 4, "tipo_muestra": 13, "paciente": 47, "embarazada": false, "barrio": "prado", "municipio": 1}, "pk": 76, "model": "trazabilidad.clinica"}, {"fields": {"institucion": 3, "tipo_muestra": 1, "paciente": 48, "embarazada": false, "barrio": "prado", "municipio": 1}, "pk": 77, "model": "trazabilidad.clinica"}, {"fields": {"institucion": 2, "tipo_muestra": 1, "paciente": 49, "embarazada": false, "barrio": "prado", "municipio": 1}, "pk": 78, "model": "trazabilidad.clinica"}, {"fields": {"institucion": 5, "tipo_muestra": 1, "paciente": 50, "embarazada": false, "barrio": "prado", "municipio": 1}, "pk": 80, "model": "trazabilidad.clinica"}, {"fields": {"institucion": 3, "tipo_muestra": 13, "paciente": 51, "embarazada": false, "barrio": "prado", "municipio": 1}, "pk": 83, "model": "trazabilidad.clinica"}, {"fields": {"institucion": 2, "tipo_muestra": 3, "paciente": 52, "embarazada": false, "barrio": "prado", "municipio": 1}, "pk": 86, "model": "trazabilidad.clinica"}, {"fields": {"institucion": 1, "tipo_muestra": 13, "paciente": 53, "embarazada": false, "barrio": "prado", "municipio": 1}, "pk": 87, "model": "trazabilidad.clinica"}, {"fields": {"institucion": 5, "tipo_muestra": 13, "paciente": 54, "embarazada": false, "barrio": "prado", "municipio": 1}, "pk": 88, "model": "trazabilidad.clinica"}, {"fields": {"institucion": 5, "tipo_muestra": 13, "paciente": 55, "embarazada": false, "barrio": "prado", "municipio": 1}, "pk": 89, "model": "trazabilidad.clinica"}, {"fields": {"institucion": 3, "tipo_muestra": 13, "paciente": 56, "embarazada": false, "barrio": "prado", "municipio": 1}, "pk": 90, "model": "trazabilidad.clinica"}, {"fields": {"institucion": 2, "tipo_muestra": 13, "paciente": 57, "embarazada": false, "barrio": "prado", "municipio": 1}, "pk": 91, "model": "trazabilidad.clinica"}, {"fields": {"institucion": 5, "tipo_muestra": 13, "paciente": 58, "embarazada": false, "barrio": "prado", "municipio": 1}, "pk": 92, "model": "trazabilidad.clinica"}, {"fields": {"institucion": 2, "tipo_muestra": 4, "paciente": 12, "embarazada": false, "barrio": "prado", "municipio": 1}, "pk": 93, "model": "trazabilidad.clinica"}, {"fields": {"institucion": 7, "tipo_muestra": 1, "paciente": 59, "embarazada": false, "barrio": "prado", "municipio": 1}, "pk": 94, "model": "trazabilidad.clinica"}, {"fields": {"institucion": 3, "tipo_muestra": 1, "paciente": 60, "embarazada": false, "barrio": "prado", "municipio": 1}, "pk": 95, "model": "trazabilidad.clinica"}, {"fields": {"institucion": 11, "tipo_muestra": 1, "paciente": 61, "embarazada": false, "barrio": "prado", "municipio": 1}, "pk": 96, "model": "trazabilidad.clinica"}, {"fields": {"institucion": 5, "tipo_muestra": 1, "paciente": 62, "embarazada": false, "barrio": "prado", "municipio": 1}, "pk": 98, "model": "trazabilidad.clinica"}, {"fields": {"institucion": 3, "tipo_muestra": 1, "paciente": 63, "embarazada": false, "barrio": "prado", "municipio": 1}, "pk": 99, "model": "trazabilidad.clinica"}, {"fields": {"institucion": 3, "tipo_muestra": 1, "paciente": 64, "embarazada": false, "barrio": "prado", "municipio": 1}, "pk": 101, "model": "trazabilidad.clinica"}, {"fields": {"institucion": 2, "tipo_muestra": 2, "paciente": 12, "embarazada": false, "barrio": "prado", "municipio": 1}, "pk": 102, "model": "trazabilidad.clinica"}, {"fields": {"institucion": 3, "tipo_muestra": 1, "paciente": 65, "embarazada": false, "barrio": "prado", "municipio": 1}, "pk": 103, "model": "trazabilidad.clinica"}, {"fields": {"institucion": 2, "tipo_muestra": 1, "paciente": 66, "embarazada": false, "barrio": "prado", "municipio": 1}, "pk": 104, "model": "trazabilidad.clinica"}, {"fields": {"institucion": 7, "tipo_muestra": 1, "paciente": 67, "embarazada": false, "barrio": "prado", "municipio": 1}, "pk": 105, "model": "trazabilidad.clinica"}, {"fields": {"institucion": 2, "tipo_muestra": 3, "paciente": 68, "embarazada": false, "barrio": "prado", "municipio": 1}, "pk": 106, "model": "trazabilidad.clinica"}, {"fields": {"institucion": 5, "tipo_muestra": 1, "paciente": 69, "embarazada": false, "barrio": "prado", "municipio": 1}, "pk": 107, "model": "trazabilidad.clinica"}, {"fields": {"institucion": 4, "tipo_muestra": 1, "paciente": 70, "embarazada": false, "barrio": "prado", "municipio": 1}, "pk": 108, "model": "trazabilidad.clinica"}, {"fields": {"institucion": 6, "tipo_muestra": 1, "paciente": 71, "embarazada": false, "barrio": "prado", "municipio": 1}, "pk": 110, "model": "trazabilidad.clinica"}, {"fields": {"institucion": 14, "tipo_muestra": 1, "paciente": 72, "embarazada": false, "barrio": "prado", "municipio": 1}, "pk": 111, "model": "trazabilidad.clinica"}, {"fields": {"institucion": 5, "tipo_muestra": 3, "paciente": 73, "embarazada": false, "barrio": "prado", "municipio": 1}, "pk": 114, "model": "trazabilidad.clinica"}, {"fields": {"institucion": 7, "tipo_muestra": 3, "paciente": 74, "embarazada": false, "barrio": "prado", "municipio": 1}, "pk": 115, "model": "trazabilidad.clinica"}, {"fields": {"institucion": 7, "tipo_muestra": 3, "paciente": 75, "embarazada": false, "barrio": "prado", "municipio": 1}, "pk": 116, "model": "trazabilidad.clinica"}, {"fields": {"institucion": 10, "tipo_muestra": 1, "paciente": 76, "embarazada": false, "barrio": "prado", "municipio": 1}, "pk": 117, "model": "trazabilidad.clinica"}, {"fields": {"institucion": 3, "tipo_muestra": 21, "paciente": 77, "embarazada": false, "barrio": "prado", "municipio": 1}, "pk": 118, "model": "trazabilidad.clinica"}, {"fields": {"institucion": 15, "tipo_muestra": 1, "paciente": 78, "embarazada": false, "barrio": "prado", "municipio": 1}, "pk": 119, "model": "trazabilidad.clinica"}, {"fields": {"institucion": 2, "tipo_muestra": 1, "paciente": 79, "embarazada": false, "barrio": "prado", "municipio": 1}, "pk": 120, "model": "trazabilidad.clinica"}, {"fields": {"institucion": 18, "tipo_muestra": 1, "paciente": 80, "embarazada": false, "barrio": "prado", "municipio": 1}, "pk": 121, "model": "trazabilidad.clinica"}, {"fields": {"institucion": 6, "tipo_muestra": 3, "paciente": 81, "embarazada": false, "barrio": "prado", "municipio": 1}, "pk": 122, "model": "trazabilidad.clinica"}, {"fields": {"institucion": 5, "tipo_muestra": 1, "paciente": 82, "embarazada": false, "barrio": "prado", "municipio": 1}, "pk": 132, "model": "trazabilidad.clinica"}, {"fields": {"institucion": 22, "tipo_muestra": 13, "paciente": 83, "embarazada": false, "barrio": "prado", "municipio": 1}, "pk": 133, "model": "trazabilidad.clinica"}, {"fields": {"institucion": 15, "tipo_muestra": 1, "paciente": 84, "embarazada": false, "barrio": "prado", "municipio": 1}, "pk": 134, "model": "trazabilidad.clinica"}, {"fields": {"institucion": 4, "tipo_muestra": 1, "paciente": 85, "embarazada": false, "barrio": "prado", "municipio": 1}, "pk": 136, "model": "trazabilidad.clinica"}, {"fields": {"institucion": 1, "tipo_muestra": 1, "paciente": 86, "embarazada": false, "barrio": "prado", "municipio": 1}, "pk": 137, "model": "trazabilidad.clinica"}, {"fields": {"institucion": 5, "tipo_muestra": 1, "paciente": 87, "embarazada": false, "barrio": "prado", "municipio": 1}, "pk": 138, "model": "trazabilidad.clinica"}, {"fields": {"institucion": 5, "tipo_muestra": 30, "paciente": 88, "embarazada": false, "barrio": "prado", "municipio": 1}, "pk": 143, "model": "trazabilidad.clinica"}, {"fields": {"institucion": 3, "tipo_muestra": 1, "paciente": 89, "embarazada": false, "barrio": "prado", "municipio": 1}, "pk": 144, "model": "trazabilidad.clinica"}, {"fields": {"institucion": 9, "tipo_muestra": 1, "paciente": 91, "embarazada": true, "barrio": "PUMAREJO", "municipio": 4}, "pk": 147, "model": "trazabilidad.clinica"}, {"fields": {"institucion": 5, "tipo_muestra": 1, "paciente": 92, "embarazada": true, "barrio": "NOGALES", "municipio": 1}, "pk": 148, "model": "trazabilidad.clinica"}, {"fields": {"modificado_por": ["luis"], "nombre": "tratada", "ultima_modificacion": "2016-03-03T15:49:26.523Z", "estado": "A"}, "pk": 1, "model": "trazabilidad.categoriaagua"}, {"fields": {"modificado_por": ["luis"], "nombre": "sin tratamiento", "ultima_modificacion": "2016-03-03T15:49:26.523Z", "estado": "A"}, "pk": 2, "model": "trazabilidad.categoriaagua"}, {"fields": {"modificado_por": ["luis"], "nombre": "piscina", "ultima_modificacion": "2016-03-03T15:49:26.523Z", "estado": "A"}, "pk": 3, "model": "trazabilidad.categoriaagua"}, {"fields": {"modificado_por": ["luis"], "nombre": "sin tratamiento", "ultima_modificacion": "2016-03-03T15:52:38.669Z", "estado": "A", "categoria": 2}, "pk": 1, "model": "trazabilidad.tipoagua"}, {"fields": {"modificado_por": ["luis"], "nombre": "piscina", "ultima_modificacion": "2016-03-03T15:52:38.669Z", "estado": "A", "categoria": 3}, "pk": 2, "model": "trazabilidad.tipoagua"}, {"fields": {"modificado_por": ["luis"], "nombre": "hipoclorito de calcio", "ultima_modificacion": "2016-03-03T15:52:38.669Z", "estado": "A", "categoria": 1}, "pk": 3, "model": "trazabilidad.tipoagua"}, {"fields": {"modificado_por": ["luis"], "nombre": "hipoclorito de sodio", "ultima_modificacion": "2016-03-03T15:52:38.669Z", "estado": "A", "categoria": 1}, "pk": 4, "model": "trazabilidad.tipoagua"}, {"fields": {"modificado_por": ["luis"], "nombre": "cloro gaseoso", "ultima_modificacion": "2016-03-03T15:52:38.669Z", "estado": "A", "categoria": 1}, "pk": 5, "model": "trazabilidad.tipoagua"}, {"fields": {"modificado_por": ["luis"], "nombre": "coagulante", "ultima_modificacion": "2016-03-03T15:52:38.669Z", "estado": "A", "categoria": 1}, "pk": 6, "model": "trazabilidad.tipoagua"}, {"fields": {"modificado_por": ["luis"], "nombre": "bocidas", "ultima_modificacion": "2016-03-03T15:52:38.669Z", "estado": "A", "categoria": 1}, "pk": 7, "model": "trazabilidad.tipoagua"}, {"fields": {"modificado_por": ["luis"], "nombre": "desinfectante", "ultima_modificacion": "2016-03-03T15:52:38.669Z", "estado": "A", "categoria": 1}, "pk": 8, "model": "trazabilidad.tipoagua"}, {"fields": {"modificado_por": ["luis"], "ultima_modificacion": "2016-03-03T15:52:20.934Z", "estado": "A", "valor": "2 - 8 c"}, "pk": 1, "model": "trazabilidad.temperatura"}, {"fields": {"modificado_por": ["luis"], "ultima_modificacion": "2016-03-03T15:52:20.934Z", "estado": "A", "valor": "t. ambiente"}, "pk": 2, "model": "trazabilidad.temperatura"}, {"fields": {"modificado_por": ["luis"], "ultima_modificacion": "2016-03-03T15:52:20.934Z", "estado": "A", "valor": "no cumple con criterios de aceptacion"}, "pk": 3, "model": "trazabilidad.temperatura"}, {"fields": {"nombre": "secretaria de salud del atlantico", "modificado_por": ["luis"], "ultima_modificacion": "2016-03-03T15:52:01.340Z", "estado": "A", "direccion": "ssss", "telefono": 333}, "pk": 1, "model": "trazabilidad.solicitante"}, {"fields": {"temperatura": 2, "tipo_agua": 1, "solicitante": null, "fecha_recoleccion": "2015-11-20", "responsable_toma": "alvaro", "poblado": 1}, "pk": 1, "model": "trazabilidad.informacionagua"}, {"fields": {"temperatura": 1, "tipo_agua": 4, "solicitante": null, "fecha_recoleccion": "2015-11-16", "responsable_toma": "carlos alberto quintana zarate", "poblado": 1}, "pk": 2, "model": "trazabilidad.informacionagua"}, {"fields": {"temperatura": 2, "tipo_agua": 1, "solicitante": null, "fecha_recoleccion": "2015-11-24", "responsable_toma": "jesus ramirez", "poblado": 1}, "pk": 3, "model": "trazabilidad.informacionagua"}, {"fields": {"temperatura": 2, "tipo_agua": 3, "solicitante": null, "fecha_recoleccion": "2015-12-09", "responsable_toma": "pablo perez", "poblado": 1}, "pk": 4, "model": "trazabilidad.informacionagua"}, {"fields": {"temperatura": 2, "tipo_agua": 5, "solicitante": null, "fecha_recoleccion": "2015-12-09", "responsable_toma": "rasirt cervantes", "poblado": 1}, "pk": 5, "model": "trazabilidad.informacionagua"}, {"fields": {"temperatura": 2, "tipo_agua": 5, "solicitante": null, "fecha_recoleccion": "2015-12-09", "responsable_toma": "rasirt cervantes", "poblado": 1}, "pk": 6, "model": "trazabilidad.informacionagua"}, {"fields": {"temperatura": 1, "tipo_agua": 1, "solicitante": 1, "fecha_recoleccion": "2016-01-04", "responsable_toma": "mario mendoza", "poblado": 1}, "pk": 7, "model": "trazabilidad.informacionagua"}, {"fields": {"temperatura": 2, "tipo_agua": 1, "solicitante": 1, "fecha_recoleccion": "2016-01-05", "responsable_toma": "maria martinez", "poblado": 2}, "pk": 8, "model": "trazabilidad.informacionagua"}, {"fields": {"temperatura": 1, "tipo_agua": 3, "solicitante": 1, "fecha_recoleccion": "2016-01-05", "responsable_toma": "juan perez", "poblado": 1}, "pk": 9, "model": "trazabilidad.informacionagua"}, {"fields": {"temperatura": 1, "tipo_agua": 3, "solicitante": 1, "fecha_recoleccion": "2016-01-12", "responsable_toma": "javier mora ", "poblado": 1}, "pk": 10, "model": "trazabilidad.informacionagua"}, {"fields": {"temperatura": 1, "tipo_agua": 3, "solicitante": 1, "fecha_recoleccion": "2016-01-13", "responsable_toma": "", "poblado": 1}, "pk": 11, "model": "trazabilidad.informacionagua"}, {"fields": {"temperatura": 1, "tipo_agua": 3, "solicitante": 1, "fecha_recoleccion": "2016-01-13", "responsable_toma": "", "poblado": 1}, "pk": 12, "model": "trazabilidad.informacionagua"}, {"fields": {"temperatura": 1, "tipo_agua": 4, "solicitante": 1, "fecha_recoleccion": "2016-01-18", "responsable_toma": "alfredo padilla", "poblado": 1}, "pk": 13, "model": "trazabilidad.informacionagua"}, {"fields": {"temperatura": 1, "tipo_agua": 4, "solicitante": 1, "fecha_recoleccion": "2016-01-27", "responsable_toma": "javier hernandez", "poblado": 2}, "pk": 14, "model": "trazabilidad.informacionagua"}, {"fields": {"temperatura": 1, "tipo_agua": 4, "solicitante": 1, "fecha_recoleccion": "2016-01-28", "responsable_toma": "aldo mendoza", "poblado": 5}, "pk": 15, "model": "trazabilidad.informacionagua"}, {"fields": {"temperatura": 1, "tipo_agua": 4, "solicitante": 1, "fecha_recoleccion": "2016-01-28", "responsable_toma": "aldo mendoza", "poblado": 5}, "pk": 16, "model": "trazabilidad.informacionagua"}, {"fields": {"temperatura": 1, "tipo_agua": 5, "solicitante": 1, "fecha_recoleccion": "2016-02-12", "responsable_toma": "rafael padilla", "poblado": 11}, "pk": 17, "model": "trazabilidad.informacionagua"}, {"fields": {"temperatura": 2, "tipo_agua": 2, "solicitante": 1, "fecha_recoleccion": "2016-02-13", "responsable_toma": "jesus mejia", "poblado": 1}, "pk": 18, "model": "trazabilidad.informacionagua"}, {"fields": {"temperatura": 1, "tipo_agua": 3, "solicitante": 1, "fecha_recoleccion": "2016-02-16", "responsable_toma": "rafael pardo", "poblado": 29}, "pk": 19, "model": "trazabilidad.informacionagua"}, {"fields": {"temperatura": 1, "tipo_agua": 3, "solicitante": 1, "fecha_recoleccion": "2016-02-16", "responsable_toma": "danilo noble", "poblado": 3}, "pk": 20, "model": "trazabilidad.informacionagua"}, {"fields": {"temperatura": 1, "tipo_agua": 3, "solicitante": 1, "fecha_recoleccion": "2016-02-18", "responsable_toma": "tito andrade arrieta", "poblado": 22}, "pk": 21, "model": "trazabilidad.informacionagua"}, {"fields": {"temperatura": 1, "tipo_agua": 4, "solicitante": 1, "fecha_recoleccion": "2016-02-22", "responsable_toma": "jesus algarin", "poblado": 4}, "pk": 22, "model": "trazabilidad.informacionagua"}, {"fields": {"temperatura": 1, "tipo_agua": 3, "solicitante": 1, "fecha_recoleccion": "2016-03-08", "responsable_toma": "mario villa", "poblado": 6}, "pk": 23, "model": "trazabilidad.informacionagua"}, {"fields": {"modificado_por": ["luis"], "nombre": "vigilancia", "ultima_modificacion": "2016-03-02T14:45:14.770Z", "estado": "A"}, "pk": 1, "model": "trazabilidad.motivoanalisis"}, {"fields": {"modificado_por": ["luis"], "nombre": "diagnostico", "ultima_modificacion": "2016-03-02T14:45:14.770Z", "estado": "A"}, "pk": 2, "model": "trazabilidad.motivoanalisis"}, {"fields": {"modificado_por": ["luis"], "nombre": "control de calidad", "ultima_modificacion": "2016-03-02T14:45:14.770Z", "estado": "A"}, "pk": 3, "model": "trazabilidad.motivoanalisis"}, {"fields": {"modificado_por": ["luis"], "nombre": "grifo red de distribucion", "ultima_modificacion": "2016-03-03T15:50:18.237Z", "estado": "A"}, "pk": 1, "model": "trazabilidad.descripcionpunto"}, {"fields": {"modificado_por": ["luis"], "nombre": "grifo patio", "ultima_modificacion": "2016-03-03T15:50:18.237Z", "estado": "A"}, "pk": 2, "model": "trazabilidad.descripcionpunto"}, {"fields": {"modificado_por": ["luis"], "nombre": "tanque almacenamiento elevado", "ultima_modificacion": "2016-03-03T15:50:18.237Z", "estado": "A"}, "pk": 3, "model": "trazabilidad.descripcionpunto"}, {"fields": {"modificado_por": ["luis"], "nombre": "lavamanos", "ultima_modificacion": "2016-03-03T15:50:18.237Z", "estado": "A"}, "pk": 4, "model": "trazabilidad.descripcionpunto"}, {"fields": {"modificado_por": ["luis"], "nombre": "cocina", "ultima_modificacion": "2016-03-03T15:50:18.237Z", "estado": "A"}, "pk": 5, "model": "trazabilidad.descripcionpunto"}, {"fields": {"modificado_por": ["luis"], "nombre": "grifo fuente", "ultima_modificacion": "2016-03-03T15:50:18.237Z", "estado": "A"}, "pk": 6, "model": "trazabilidad.descripcionpunto"}, {"fields": {"modificado_por": ["luis"], "nombre": "grifo jardin", "ultima_modificacion": "2016-03-03T15:50:18.237Z", "estado": "A"}, "pk": 7, "model": "trazabilidad.descripcionpunto"}, {"fields": {"modificado_por": ["luis"], "nombre": "grifo lavadero", "ultima_modificacion": "2016-03-03T15:50:18.237Z", "estado": "A"}, "pk": 8, "model": "trazabilidad.descripcionpunto"}, {"fields": {"modificado_por": ["luis"], "nombre": "lago", "ultima_modificacion": "2016-03-03T15:51:19.069Z", "estado": "A"}, "pk": 1, "model": "trazabilidad.fuenteabastecimiento"}, {"fields": {"modificado_por": ["luis"], "nombre": "laguna", "ultima_modificacion": "2016-03-03T15:51:19.069Z", "estado": "A"}, "pk": 2, "model": "trazabilidad.fuenteabastecimiento"}, {"fields": {"modificado_por": ["luis"], "nombre": "rio magdalena", "ultima_modificacion": "2016-03-03T15:51:19.069Z", "estado": "A"}, "pk": 3, "model": "trazabilidad.fuenteabastecimiento"}, {"fields": {"modificado_por": ["luis"], "nombre": "embalse", "ultima_modificacion": "2016-03-03T15:51:19.069Z", "estado": "A"}, "pk": 4, "model": "trazabilidad.fuenteabastecimiento"}, {"fields": {"modificado_por": ["luis"], "nombre": "pozo profundo", "ultima_modificacion": "2016-03-03T15:51:19.069Z", "estado": "A"}, "pk": 5, "model": "trazabilidad.fuenteabastecimiento"}, {"fields": {"modificado_por": ["luis"], "nombre": "canal del dique", "ultima_modificacion": "2016-03-03T15:51:19.069Z", "estado": "A"}, "pk": 6, "model": "trazabilidad.fuenteabastecimiento"}, {"fields": {"modificado_por": ["luis"], "nombre": "embalse del guajaro", "ultima_modificacion": "2016-03-03T15:51:19.069Z", "estado": "A"}, "pk": 7, "model": "trazabilidad.fuenteabastecimiento"}, {"fields": {"modificado_por": ["luis"], "nombre": "intradomiciliario", "ultima_modificacion": "2016-03-03T15:51:45.527Z", "estado": "A"}, "pk": 1, "model": "trazabilidad.lugarpunto"}, {"fields": {"modificado_por": ["luis"], "nombre": "red de distribuci\u00f3n", "ultima_modificacion": "2016-03-03T15:51:45.527Z", "estado": "A"}, "pk": 2, "model": "trazabilidad.lugarpunto"}, {"fields": {"punto_intradomiciliario": false, "fuente_abastecimiento": 3, "lugar_toma": 2, "modificado_por": ["luis"], "descripcion": 1, "codigo": "0001", "ultima_modificacion": "2016-03-03T15:49:48.176Z", "estado": "A", "direccion": "cra 20c calle 28", "poblado": 1}, "pk": 1, "model": "trazabilidad.codigopunto"}, {"fields": {"punto_intradomiciliario": false, "fuente_abastecimiento": 3, "lugar_toma": 2, "modificado_por": ["luis"], "descripcion": 1, "codigo": "0002", "ultima_modificacion": "2016-03-03T15:49:48.176Z", "estado": "A", "direccion": "cra 59b calle 58", "poblado": 1}, "pk": 2, "model": "trazabilidad.codigopunto"}, {"fields": {"punto_intradomiciliario": true, "fuente_abastecimiento": 3, "lugar_toma": 1, "modificado_por": ["luis"], "descripcion": 2, "codigo": "0001", "ultima_modificacion": "2016-03-03T15:49:48.176Z", "estado": "A", "direccion": "calle 13 no 13 - 05", "poblado": 2}, "pk": 3, "model": "trazabilidad.codigopunto"}, {"fields": {"punto_intradomiciliario": true, "fuente_abastecimiento": 3, "lugar_toma": 1, "modificado_por": ["luis"], "descripcion": 2, "codigo": "0002", "ultima_modificacion": "2016-03-03T15:49:48.176Z", "estado": "A", "direccion": "calle 12 no 14 - 04", "poblado": 2}, "pk": 4, "model": "trazabilidad.codigopunto"}, {"fields": {"punto_intradomiciliario": true, "fuente_abastecimiento": 3, "lugar_toma": 1, "modificado_por": ["luis"], "descripcion": 2, "codigo": "0003", "ultima_modificacion": "2016-03-03T15:49:48.176Z", "estado": "A", "direccion": "calle 13 no 16 - 48", "poblado": 2}, "pk": 5, "model": "trazabilidad.codigopunto"}, {"fields": {"punto_intradomiciliario": true, "fuente_abastecimiento": 3, "lugar_toma": 1, "modificado_por": ["luis"], "descripcion": 2, "codigo": "0004", "ultima_modificacion": "2016-03-03T15:49:48.176Z", "estado": "A", "direccion": "cra 8 no 11 - 42", "poblado": 2}, "pk": 6, "model": "trazabilidad.codigopunto"}, {"fields": {"punto_intradomiciliario": true, "fuente_abastecimiento": 3, "lugar_toma": 1, "modificado_por": ["luis"], "descripcion": 2, "codigo": "0005", "ultima_modificacion": "2016-03-03T15:49:48.176Z", "estado": "A", "direccion": "calle 5 no 8 - 49", "poblado": 2}, "pk": 7, "model": "trazabilidad.codigopunto"}, {"fields": {"punto_intradomiciliario": true, "fuente_abastecimiento": 3, "lugar_toma": 1, "modificado_por": ["luis"], "descripcion": 2, "codigo": "0006", "ultima_modificacion": "2016-03-03T15:49:48.176Z", "estado": "A", "direccion": "calle 6 no 14 - 03", "poblado": 2}, "pk": 8, "model": "trazabilidad.codigopunto"}, {"fields": {"punto_intradomiciliario": true, "fuente_abastecimiento": 3, "lugar_toma": 1, "modificado_por": ["luis"], "descripcion": 2, "codigo": "0055", "ultima_modificacion": "2016-03-03T15:49:48.176Z", "estado": "A", "direccion": "carrera 14 # 4 - 89", "poblado": 2}, "pk": 9, "model": "trazabilidad.codigopunto"}, {"fields": {"punto_intradomiciliario": true, "fuente_abastecimiento": 3, "lugar_toma": 1, "modificado_por": ["luis"], "descripcion": 2, "codigo": "0056", "ultima_modificacion": "2016-03-03T15:49:48.176Z", "estado": "A", "direccion": "via 1f no 24 - 211", "poblado": 2}, "pk": 10, "model": "trazabilidad.codigopunto"}, {"fields": {"punto_intradomiciliario": false, "fuente_abastecimiento": 3, "lugar_toma": 2, "modificado_por": ["luis"], "descripcion": 1, "codigo": "1701", "ultima_modificacion": "2016-03-03T15:49:48.176Z", "estado": "A", "direccion": "cra 25 no 11 - 62", "poblado": 2}, "pk": 11, "model": "trazabilidad.codigopunto"}, {"fields": {"punto_intradomiciliario": false, "fuente_abastecimiento": 3, "lugar_toma": 2, "modificado_por": ["luis"], "descripcion": 1, "codigo": "1702", "ultima_modificacion": "2016-03-03T15:49:48.176Z", "estado": "A", "direccion": "calle 4a carrera 1", "poblado": 2}, "pk": 12, "model": "trazabilidad.codigopunto"}, {"fields": {"punto_intradomiciliario": false, "fuente_abastecimiento": 3, "lugar_toma": 2, "modificado_por": ["luis"], "descripcion": 1, "codigo": "1704", "ultima_modificacion": "2016-03-03T15:49:48.176Z", "estado": "A", "direccion": "calle 11e no 4b sur - 04", "poblado": 2}, "pk": 13, "model": "trazabilidad.codigopunto"}, {"fields": {"punto_intradomiciliario": false, "fuente_abastecimiento": 3, "lugar_toma": 2, "modificado_por": ["luis"], "descripcion": 1, "codigo": "1705", "ultima_modificacion": "2016-03-03T15:49:48.176Z", "estado": "A", "direccion": "calle 10 a #6-150", "poblado": 2}, "pk": 14, "model": "trazabilidad.codigopunto"}, {"fields": {"punto_intradomiciliario": false, "fuente_abastecimiento": 3, "lugar_toma": 2, "modificado_por": ["luis"], "descripcion": 1, "codigo": "1706", "ultima_modificacion": "2016-03-03T15:49:48.176Z", "estado": "A", "direccion": "km 3 via oriental", "poblado": 2}, "pk": 15, "model": "trazabilidad.codigopunto"}, {"fields": {"punto_intradomiciliario": false, "fuente_abastecimiento": 3, "lugar_toma": 2, "modificado_por": ["luis"], "descripcion": 1, "codigo": "1708", "ultima_modificacion": "2016-03-03T15:49:48.176Z", "estado": "A", "direccion": "estacion de bomberos", "poblado": 2}, "pk": 16, "model": "trazabilidad.codigopunto"}, {"fields": {"punto_intradomiciliario": false, "fuente_abastecimiento": 3, "lugar_toma": 2, "modificado_por": ["luis"], "descripcion": 1, "codigo": "1708", "ultima_modificacion": "2016-03-03T15:49:48.176Z", "estado": "A", "direccion": "calle 22 cra 23", "poblado": 2}, "pk": 17, "model": "trazabilidad.codigopunto"}, {"fields": {"punto_intradomiciliario": false, "fuente_abastecimiento": 3, "lugar_toma": 2, "modificado_por": ["luis"], "descripcion": 1, "codigo": "1709", "ultima_modificacion": "2016-03-03T15:49:48.176Z", "estado": "A", "direccion": "cra 3 sur calle 9a", "poblado": 2}, "pk": 18, "model": "trazabilidad.codigopunto"}, {"fields": {"punto_intradomiciliario": false, "fuente_abastecimiento": 3, "lugar_toma": 2, "modificado_por": ["luis"], "descripcion": 1, "codigo": "1711", "ultima_modificacion": "2016-03-03T15:49:48.176Z", "estado": "A", "direccion": "cra 4c sur no 16 - 03", "poblado": 2}, "pk": 19, "model": "trazabilidad.codigopunto"}, {"fields": {"punto_intradomiciliario": true, "fuente_abastecimiento": 5, "lugar_toma": 1, "modificado_por": ["luis"], "descripcion": 2, "codigo": "3004", "ultima_modificacion": "2016-03-03T15:49:48.176Z", "estado": "A", "direccion": "cra 9 no 17 - 49", "poblado": 2}, "pk": 20, "model": "trazabilidad.codigopunto"}, {"fields": {"punto_intradomiciliario": true, "fuente_abastecimiento": 5, "lugar_toma": 1, "modificado_por": ["luis"], "descripcion": 2, "codigo": "3007", "ultima_modificacion": "2016-03-03T15:49:48.176Z", "estado": "A", "direccion": "cra 9 no 15 - 133", "poblado": 2}, "pk": 21, "model": "trazabilidad.codigopunto"}, {"fields": {"punto_intradomiciliario": true, "fuente_abastecimiento": 3, "lugar_toma": 2, "modificado_por": ["luis"], "descripcion": 1, "codigo": "1712", "ultima_modificacion": "2016-03-03T15:49:48.176Z", "estado": "A", "direccion": "carrera 1c n\u00ba 17-32", "poblado": 2}, "pk": 22, "model": "trazabilidad.codigopunto"}, {"fields": {"punto_intradomiciliario": false, "fuente_abastecimiento": 3, "lugar_toma": 2, "modificado_por": ["luis"], "descripcion": 1, "codigo": "2901", "ultima_modificacion": "2016-03-03T15:49:48.176Z", "estado": "A", "direccion": "entrada aeropuerto", "poblado": 3}, "pk": 23, "model": "trazabilidad.codigopunto"}, {"fields": {"punto_intradomiciliario": false, "fuente_abastecimiento": 3, "lugar_toma": 2, "modificado_por": ["luis"], "descripcion": 1, "codigo": "2909", "ultima_modificacion": "2016-03-03T15:49:48.176Z", "estado": "A", "direccion": "calle 28 no 27 - 147", "poblado": 3}, "pk": 24, "model": "trazabilidad.codigopunto"}, {"fields": {"punto_intradomiciliario": false, "fuente_abastecimiento": 3, "lugar_toma": 2, "modificado_por": ["luis"], "descripcion": 1, "codigo": "2911", "ultima_modificacion": "2016-03-03T15:49:48.176Z", "estado": "A", "direccion": "calle 43 no 12a - 25", "poblado": 3}, "pk": 25, "model": "trazabilidad.codigopunto"}, {"fields": {"punto_intradomiciliario": false, "fuente_abastecimiento": 3, "lugar_toma": 2, "modificado_por": ["luis"], "descripcion": 1, "codigo": "2912", "ultima_modificacion": "2016-03-03T15:49:48.176Z", "estado": "A", "direccion": "cra 14 no 46 - 53", "poblado": 3}, "pk": 26, "model": "trazabilidad.codigopunto"}, {"fields": {"punto_intradomiciliario": false, "fuente_abastecimiento": 3, "lugar_toma": 2, "modificado_por": ["luis"], "descripcion": 1, "codigo": "2913", "ultima_modificacion": "2016-03-03T15:49:48.176Z", "estado": "A", "direccion": "cra 11 calle 47", "poblado": 3}, "pk": 27, "model": "trazabilidad.codigopunto"}, {"fields": {"punto_intradomiciliario": false, "fuente_abastecimiento": 3, "lugar_toma": 2, "modificado_por": ["luis"], "descripcion": 1, "codigo": "2916", "ultima_modificacion": "2016-03-03T15:49:48.176Z", "estado": "A", "direccion": "terminal de transporte", "poblado": 3}, "pk": 28, "model": "trazabilidad.codigopunto"}, {"fields": {"punto_intradomiciliario": false, "fuente_abastecimiento": 3, "lugar_toma": 2, "modificado_por": ["luis"], "descripcion": 1, "codigo": "2917", "ultima_modificacion": "2016-03-03T15:49:48.176Z", "estado": "A", "direccion": "cra 14a calle 64b", "poblado": 3}, "pk": 29, "model": "trazabilidad.codigopunto"}, {"fields": {"punto_intradomiciliario": false, "fuente_abastecimiento": 3, "lugar_toma": 2, "modificado_por": ["luis"], "descripcion": 1, "codigo": "2918", "ultima_modificacion": "2016-03-03T15:49:48.176Z", "estado": "A", "direccion": "calle 65 no 18 - 15", "poblado": 3}, "pk": 30, "model": "trazabilidad.codigopunto"}, {"fields": {"punto_intradomiciliario": false, "fuente_abastecimiento": 3, "lugar_toma": 2, "modificado_por": ["luis"], "descripcion": 1, "codigo": "2919", "ultima_modificacion": "2016-03-03T15:49:48.176Z", "estado": "A", "direccion": "calle 75b cra 17 - 04", "poblado": 3}, "pk": 31, "model": "trazabilidad.codigopunto"}, {"fields": {"punto_intradomiciliario": false, "fuente_abastecimiento": 3, "lugar_toma": 2, "modificado_por": ["luis"], "descripcion": 1, "codigo": "2920", "ultima_modificacion": "2016-03-03T15:49:48.176Z", "estado": "A", "direccion": "calle 77 no 13d - 04", "poblado": 3}, "pk": 32, "model": "trazabilidad.codigopunto"}, {"fields": {"punto_intradomiciliario": false, "fuente_abastecimiento": 3, "lugar_toma": 2, "modificado_por": ["luis"], "descripcion": 1, "codigo": "2921", "ultima_modificacion": "2016-03-03T15:49:48.176Z", "estado": "A", "direccion": "cra 27c no 57b - 05", "poblado": 3}, "pk": 33, "model": "trazabilidad.codigopunto"}, {"fields": {"punto_intradomiciliario": false, "fuente_abastecimiento": 3, "lugar_toma": 2, "modificado_por": ["luis"], "descripcion": 1, "codigo": "2922", "ultima_modificacion": "2016-03-03T15:49:48.176Z", "estado": "A", "direccion": "trasnversal 41 no 46 - 40", "poblado": 3}, "pk": 34, "model": "trazabilidad.codigopunto"}, {"fields": {"punto_intradomiciliario": false, "fuente_abastecimiento": 3, "lugar_toma": 2, "modificado_por": ["luis"], "descripcion": 1, "codigo": "2925", "ultima_modificacion": "2016-03-03T15:49:48.176Z", "estado": "A", "direccion": "calle 79 cra 22b", "poblado": 3}, "pk": 35, "model": "trazabilidad.codigopunto"}, {"fields": {"punto_intradomiciliario": false, "fuente_abastecimiento": 3, "lugar_toma": 2, "modificado_por": ["luis"], "descripcion": 1, "codigo": "2926", "ultima_modificacion": "2016-03-03T15:49:48.176Z", "estado": "A", "direccion": "calle 71 cra 23g", "poblado": 3}, "pk": 36, "model": "trazabilidad.codigopunto"}, {"fields": {"punto_intradomiciliario": false, "fuente_abastecimiento": 3, "lugar_toma": 2, "modificado_por": ["luis"], "descripcion": 1, "codigo": "2927", "ultima_modificacion": "2016-03-03T15:49:48.176Z", "estado": "A", "direccion": "calle 69 cra 4", "poblado": 3}, "pk": 37, "model": "trazabilidad.codigopunto"}, {"fields": {"punto_intradomiciliario": false, "fuente_abastecimiento": 3, "lugar_toma": 2, "modificado_por": ["luis"], "descripcion": 1, "codigo": "2928", "ultima_modificacion": "2016-03-03T15:49:48.176Z", "estado": "A", "direccion": "diagonal 61b transversal 1 - 28", "poblado": 3}, "pk": 38, "model": "trazabilidad.codigopunto"}, {"fields": {"punto_intradomiciliario": false, "fuente_abastecimiento": 3, "lugar_toma": 2, "modificado_por": ["luis"], "descripcion": 1, "codigo": "2929", "ultima_modificacion": "2016-03-03T15:49:48.176Z", "estado": "A", "direccion": "calle 30 cra 42a", "poblado": 3}, "pk": 39, "model": "trazabilidad.codigopunto"}, {"fields": {"punto_intradomiciliario": false, "fuente_abastecimiento": 3, "lugar_toma": 2, "modificado_por": ["luis"], "descripcion": 1, "codigo": "2930", "ultima_modificacion": "2016-03-03T15:49:48.176Z", "estado": "A", "direccion": "calle 59 cra 18", "poblado": 3}, "pk": 40, "model": "trazabilidad.codigopunto"}, {"fields": {"punto_intradomiciliario": false, "fuente_abastecimiento": 3, "lugar_toma": 2, "modificado_por": ["luis"], "descripcion": 1, "codigo": "2931", "ultima_modificacion": "2016-03-03T15:49:48.176Z", "estado": "A", "direccion": "calle 69 cra 12d", "poblado": 3}, "pk": 41, "model": "trazabilidad.codigopunto"}, {"fields": {"punto_intradomiciliario": false, "fuente_abastecimiento": 3, "lugar_toma": 2, "modificado_por": ["luis"], "descripcion": 1, "codigo": "2932", "ultima_modificacion": "2016-03-03T15:49:48.176Z", "estado": "A", "direccion": "calle 38 cra 32", "poblado": 3}, "pk": 42, "model": "trazabilidad.codigopunto"}, {"fields": {"punto_intradomiciliario": false, "fuente_abastecimiento": 3, "lugar_toma": 2, "modificado_por": ["luis"], "descripcion": 1, "codigo": "2933", "ultima_modificacion": "2016-03-03T15:49:48.176Z", "estado": "A", "direccion": "calle 51 cra 24 - 28", "poblado": 3}, "pk": 43, "model": "trazabilidad.codigopunto"}, {"fields": {"punto_intradomiciliario": false, "fuente_abastecimiento": 3, "lugar_toma": 2, "modificado_por": ["luis"], "descripcion": 1, "codigo": "2934", "ultima_modificacion": "2016-03-03T15:49:48.176Z", "estado": "A", "direccion": "cra 17 calle 26a", "poblado": 3}, "pk": 44, "model": "trazabilidad.codigopunto"}, {"fields": {"punto_intradomiciliario": false, "fuente_abastecimiento": 3, "lugar_toma": 2, "modificado_por": ["luis"], "descripcion": 1, "codigo": "2935", "ultima_modificacion": "2016-03-03T15:49:48.176Z", "estado": "A", "direccion": "cra 15a calle 43", "poblado": 3}, "pk": 45, "model": "trazabilidad.codigopunto"}, {"fields": {"punto_intradomiciliario": false, "fuente_abastecimiento": 3, "lugar_toma": 2, "modificado_por": ["luis"], "descripcion": 1, "codigo": "2937", "ultima_modificacion": "2016-03-03T15:49:48.176Z", "estado": "A", "direccion": "calle 50 cra 4b", "poblado": 3}, "pk": 46, "model": "trazabilidad.codigopunto"}, {"fields": {"punto_intradomiciliario": false, "fuente_abastecimiento": 3, "lugar_toma": 2, "modificado_por": ["luis"], "descripcion": 1, "codigo": "2938", "ultima_modificacion": "2016-03-03T15:49:48.176Z", "estado": "A", "direccion": "calle 55a cra 8b", "poblado": 3}, "pk": 47, "model": "trazabilidad.codigopunto"}, {"fields": {"punto_intradomiciliario": false, "fuente_abastecimiento": 3, "lugar_toma": 2, "modificado_por": ["luis"], "descripcion": 1, "codigo": "2939", "ultima_modificacion": "2016-03-03T15:49:48.176Z", "estado": "A", "direccion": "carrera 33 calle 27a", "poblado": 3}, "pk": 48, "model": "trazabilidad.codigopunto"}, {"fields": {"punto_intradomiciliario": false, "fuente_abastecimiento": 3, "lugar_toma": 2, "modificado_por": ["luis"], "descripcion": 1, "codigo": "2941", "ultima_modificacion": "2016-03-03T15:49:48.176Z", "estado": "A", "direccion": "cra 33 calle 27a", "poblado": 3}, "pk": 49, "model": "trazabilidad.codigopunto"}, {"fields": {"punto_intradomiciliario": false, "fuente_abastecimiento": 3, "lugar_toma": 2, "modificado_por": ["luis"], "descripcion": 1, "codigo": "2940", "ultima_modificacion": "2016-03-03T15:49:48.176Z", "estado": "A", "direccion": "calle 18 cra 27 esq", "poblado": 3}, "pk": 50, "model": "trazabilidad.codigopunto"}, {"fields": {"punto_intradomiciliario": false, "fuente_abastecimiento": 3, "lugar_toma": 2, "modificado_por": ["luis"], "descripcion": 1, "codigo": "2943", "ultima_modificacion": "2016-03-03T15:49:48.176Z", "estado": "A", "direccion": "calle 56 carrera 4d", "poblado": 3}, "pk": 51, "model": "trazabilidad.codigopunto"}, {"fields": {"punto_intradomiciliario": false, "fuente_abastecimiento": 3, "lugar_toma": 2, "modificado_por": ["luis"], "descripcion": 1, "codigo": "2942", "ultima_modificacion": "2016-03-03T15:49:48.176Z", "estado": "A", "direccion": "carrera 14 calle 83b", "poblado": 3}, "pk": 52, "model": "trazabilidad.codigopunto"}, {"fields": {"punto_intradomiciliario": true, "fuente_abastecimiento": 3, "lugar_toma": 2, "modificado_por": ["luis"], "descripcion": 1, "codigo": "2501", "ultima_modificacion": "2016-03-03T15:49:48.176Z", "estado": "A", "direccion": "calle 14 no 5 - 04", "poblado": 4}, "pk": 53, "model": "trazabilidad.codigopunto"}, {"fields": {"punto_intradomiciliario": false, "fuente_abastecimiento": 3, "lugar_toma": 2, "modificado_por": ["luis"], "descripcion": 1, "codigo": "2502", "ultima_modificacion": "2016-03-03T15:49:48.176Z", "estado": "A", "direccion": "calle 17 no 4 - 58", "poblado": 4}, "pk": 54, "model": "trazabilidad.codigopunto"}, {"fields": {"punto_intradomiciliario": false, "fuente_abastecimiento": 3, "lugar_toma": 2, "modificado_por": ["luis"], "descripcion": 1, "codigo": "2503", "ultima_modificacion": "2016-03-03T15:49:48.176Z", "estado": "A", "direccion": "cra 1a no 6 - 104", "poblado": 4}, "pk": 55, "model": "trazabilidad.codigopunto"}, {"fields": {"punto_intradomiciliario": false, "fuente_abastecimiento": 3, "lugar_toma": 2, "modificado_por": ["luis"], "descripcion": 1, "codigo": "2504", "ultima_modificacion": "2016-03-03T15:49:48.176Z", "estado": "A", "direccion": "entrada urbanizacion las cayenas", "poblado": 4}, "pk": 56, "model": "trazabilidad.codigopunto"}, {"fields": {"punto_intradomiciliario": false, "fuente_abastecimiento": 3, "lugar_toma": 2, "modificado_por": ["luis"], "descripcion": 1, "codigo": "2505", "ultima_modificacion": "2016-03-03T15:49:48.176Z", "estado": "A", "direccion": "calle 3 no 8 - 32", "poblado": 4}, "pk": 57, "model": "trazabilidad.codigopunto"}, {"fields": {"punto_intradomiciliario": false, "fuente_abastecimiento": 3, "lugar_toma": 2, "modificado_por": ["luis"], "descripcion": 1, "codigo": "2507", "ultima_modificacion": "2016-03-03T15:49:48.176Z", "estado": "A", "direccion": "calle 5 no 7 - 54", "poblado": 4}, "pk": 58, "model": "trazabilidad.codigopunto"}, {"fields": {"punto_intradomiciliario": false, "fuente_abastecimiento": 3, "lugar_toma": 2, "modificado_por": ["luis"], "descripcion": 1, "codigo": "2508", "ultima_modificacion": "2016-03-03T15:49:48.176Z", "estado": "A", "direccion": "calle 6 no 14 - 42", "poblado": 4}, "pk": 59, "model": "trazabilidad.codigopunto"}, {"fields": {"punto_intradomiciliario": false, "fuente_abastecimiento": 3, "lugar_toma": 2, "modificado_por": ["luis"], "descripcion": 1, "codigo": "2509", "ultima_modificacion": "2016-03-03T15:49:48.176Z", "estado": "A", "direccion": "carrea 3 no 12 - 76", "poblado": 4}, "pk": 60, "model": "trazabilidad.codigopunto"}, {"fields": {"punto_intradomiciliario": false, "fuente_abastecimiento": 3, "lugar_toma": 2, "modificado_por": ["luis"], "descripcion": 1, "codigo": "2601", "ultima_modificacion": "2016-03-03T15:49:48.176Z", "estado": "A", "direccion": "calle 27 cra 22c", "poblado": 5}, "pk": 61, "model": "trazabilidad.codigopunto"}, {"fields": {"punto_intradomiciliario": false, "fuente_abastecimiento": 3, "lugar_toma": 2, "modificado_por": ["luis"], "descripcion": 1, "codigo": "2602", "ultima_modificacion": "2016-03-03T15:49:48.176Z", "estado": "A", "direccion": "calle 29 no 22a - 44", "poblado": 5}, "pk": 62, "model": "trazabilidad.codigopunto"}, {"fields": {"punto_intradomiciliario": false, "fuente_abastecimiento": 3, "lugar_toma": 2, "modificado_por": ["luis"], "descripcion": 1, "codigo": "2603", "ultima_modificacion": "2016-03-03T15:49:48.176Z", "estado": "A", "direccion": "calle 28 cra 20a", "poblado": 5}, "pk": 63, "model": "trazabilidad.codigopunto"}, {"fields": {"punto_intradomiciliario": false, "fuente_abastecimiento": 3, "lugar_toma": 2, "modificado_por": ["luis"], "descripcion": 1, "codigo": "2604", "ultima_modificacion": "2016-03-03T15:49:48.176Z", "estado": "A", "direccion": "cra 15a no 30 - 08", "poblado": 5}, "pk": 64, "model": "trazabilidad.codigopunto"}, {"fields": {"punto_intradomiciliario": false, "fuente_abastecimiento": 3, "lugar_toma": 2, "modificado_por": ["luis"], "descripcion": 1, "codigo": "2605", "ultima_modificacion": "2016-03-03T15:49:48.176Z", "estado": "A", "direccion": "cra 22 no 24 - 211", "poblado": 5}, "pk": 65, "model": "trazabilidad.codigopunto"}, {"fields": {"punto_intradomiciliario": false, "fuente_abastecimiento": 3, "lugar_toma": 2, "modificado_por": ["luis"], "descripcion": 1, "codigo": "2606", "ultima_modificacion": "2016-03-03T15:49:48.176Z", "estado": "A", "direccion": "calle 23 no 10 - 70", "poblado": 5}, "pk": 66, "model": "trazabilidad.codigopunto"}, {"fields": {"punto_intradomiciliario": false, "fuente_abastecimiento": 3, "lugar_toma": 2, "modificado_por": ["luis"], "descripcion": 1, "codigo": "2607", "ultima_modificacion": "2016-03-03T15:49:48.176Z", "estado": "A", "direccion": "calle 27 no 13 - 55", "poblado": 5}, "pk": 67, "model": "trazabilidad.codigopunto"}, {"fields": {"punto_intradomiciliario": false, "fuente_abastecimiento": 3, "lugar_toma": 2, "modificado_por": ["luis"], "descripcion": 1, "codigo": "2608", "ultima_modificacion": "2016-03-03T15:49:48.176Z", "estado": "A", "direccion": "cra 19 no 12 - 75", "poblado": 5}, "pk": 68, "model": "trazabilidad.codigopunto"}, {"fields": {"punto_intradomiciliario": false, "fuente_abastecimiento": 3, "lugar_toma": 2, "modificado_por": ["luis"], "descripcion": 1, "codigo": "2609", "ultima_modificacion": "2016-03-03T15:49:48.176Z", "estado": "A", "direccion": "cra 19 no 25 - 64", "poblado": 5}, "pk": 69, "model": "trazabilidad.codigopunto"}, {"fields": {"punto_intradomiciliario": false, "fuente_abastecimiento": 3, "lugar_toma": 2, "modificado_por": ["luis"], "descripcion": 1, "codigo": "2610", "ultima_modificacion": "2016-03-03T15:49:48.176Z", "estado": "A", "direccion": "cra 21 calle 34", "poblado": 5}, "pk": 70, "model": "trazabilidad.codigopunto"}, {"fields": {"punto_intradomiciliario": false, "fuente_abastecimiento": 3, "lugar_toma": 2, "modificado_por": ["luis"], "descripcion": 1, "codigo": "2611", "ultima_modificacion": "2016-03-03T15:49:48.176Z", "estado": "A", "direccion": "cra 26 calle 10", "poblado": 5}, "pk": 71, "model": "trazabilidad.codigopunto"}, {"fields": {"punto_intradomiciliario": false, "fuente_abastecimiento": 3, "lugar_toma": 2, "modificado_por": ["luis"], "descripcion": 1, "codigo": "2801", "ultima_modificacion": "2016-03-03T15:49:48.176Z", "estado": "A", "direccion": "cra 16a calle 12", "poblado": 6}, "pk": 72, "model": "trazabilidad.codigopunto"}, {"fields": {"punto_intradomiciliario": false, "fuente_abastecimiento": 3, "lugar_toma": 2, "modificado_por": ["luis"], "descripcion": 1, "codigo": "2802", "ultima_modificacion": "2016-03-03T15:49:48.176Z", "estado": "A", "direccion": "calle 13 cra 14", "poblado": 6}, "pk": 73, "model": "trazabilidad.codigopunto"}, {"fields": {"punto_intradomiciliario": false, "fuente_abastecimiento": 3, "lugar_toma": 2, "modificado_por": ["luis"], "descripcion": 1, "codigo": "2803", "ultima_modificacion": "2016-03-03T15:49:48.176Z", "estado": "A", "direccion": "calle 11 cra 12", "poblado": 6}, "pk": 74, "model": "trazabilidad.codigopunto"}, {"fields": {"punto_intradomiciliario": false, "fuente_abastecimiento": 3, "lugar_toma": 2, "modificado_por": ["luis"], "descripcion": 1, "codigo": "2804", "ultima_modificacion": "2016-03-03T15:49:48.176Z", "estado": "A", "direccion": "calle 13 cra 12", "poblado": 6}, "pk": 75, "model": "trazabilidad.codigopunto"}, {"fields": {"punto_intradomiciliario": false, "fuente_abastecimiento": 3, "lugar_toma": 2, "modificado_por": ["luis"], "descripcion": 1, "codigo": "2805", "ultima_modificacion": "2016-03-03T15:49:48.176Z", "estado": "A", "direccion": "calle 8a no 12 - 43", "poblado": 6}, "pk": 76, "model": "trazabilidad.codigopunto"}, {"fields": {"punto_intradomiciliario": false, "fuente_abastecimiento": 3, "lugar_toma": 2, "modificado_por": ["luis"], "descripcion": 1, "codigo": "2806", "ultima_modificacion": "2016-03-03T15:49:48.176Z", "estado": "A", "direccion": "calle 6 cra 10", "poblado": 6}, "pk": 77, "model": "trazabilidad.codigopunto"}, {"fields": {"punto_intradomiciliario": false, "fuente_abastecimiento": 3, "lugar_toma": 2, "modificado_por": ["luis"], "descripcion": 1, "codigo": "2807", "ultima_modificacion": "2016-03-03T15:49:48.176Z", "estado": "A", "direccion": "calle 4 no 10 - 76", "poblado": 6}, "pk": 78, "model": "trazabilidad.codigopunto"}, {"fields": {"punto_intradomiciliario": false, "fuente_abastecimiento": 3, "lugar_toma": 2, "modificado_por": ["luis"], "descripcion": 1, "codigo": "2808", "ultima_modificacion": "2016-03-03T15:49:48.176Z", "estado": "A", "direccion": "calle 5 cra 7", "poblado": 6}, "pk": 79, "model": "trazabilidad.codigopunto"}, {"fields": {"punto_intradomiciliario": false, "fuente_abastecimiento": 3, "lugar_toma": 2, "modificado_por": ["luis"], "descripcion": 1, "codigo": "2809", "ultima_modificacion": "2016-03-03T15:49:48.176Z", "estado": "A", "direccion": "calle 9 no 6 - 105", "poblado": 6}, "pk": 80, "model": "trazabilidad.codigopunto"}, {"fields": {"punto_intradomiciliario": false, "fuente_abastecimiento": 3, "lugar_toma": 2, "modificado_por": ["luis"], "descripcion": 1, "codigo": "1401", "ultima_modificacion": "2016-03-03T15:49:48.176Z", "estado": "A", "direccion": "calle 11 cra 11", "poblado": 7}, "pk": 81, "model": "trazabilidad.codigopunto"}, {"fields": {"punto_intradomiciliario": false, "fuente_abastecimiento": 3, "lugar_toma": 2, "modificado_por": ["luis"], "descripcion": 1, "codigo": "1402", "ultima_modificacion": "2016-03-03T15:49:48.176Z", "estado": "A", "direccion": "calle 12 cra 21", "poblado": 7}, "pk": 82, "model": "trazabilidad.codigopunto"}, {"fields": {"punto_intradomiciliario": false, "fuente_abastecimiento": 3, "lugar_toma": 2, "modificado_por": ["luis"], "descripcion": 1, "codigo": "1403", "ultima_modificacion": "2016-03-03T15:49:48.176Z", "estado": "A", "direccion": "calle 13 cra 17a", "poblado": 7}, "pk": 83, "model": "trazabilidad.codigopunto"}, {"fields": {"punto_intradomiciliario": false, "fuente_abastecimiento": 3, "lugar_toma": 2, "modificado_por": ["luis"], "descripcion": 1, "codigo": "1404", "ultima_modificacion": "2016-03-03T15:49:48.176Z", "estado": "A", "direccion": "calle 19 cra 16", "poblado": 7}, "pk": 84, "model": "trazabilidad.codigopunto"}, {"fields": {"punto_intradomiciliario": false, "fuente_abastecimiento": 3, "lugar_toma": 2, "modificado_por": ["luis"], "descripcion": 1, "codigo": "1405", "ultima_modificacion": "2016-03-03T15:49:48.176Z", "estado": "A", "direccion": "cra 21 no 5b - 27", "poblado": 7}, "pk": 85, "model": "trazabilidad.codigopunto"}, {"fields": {"punto_intradomiciliario": false, "fuente_abastecimiento": 3, "lugar_toma": 2, "modificado_por": ["luis"], "descripcion": 1, "codigo": "1406", "ultima_modificacion": "2016-03-03T15:49:48.176Z", "estado": "A", "direccion": "cra 27 calle 9", "poblado": 7}, "pk": 86, "model": "trazabilidad.codigopunto"}, {"fields": {"punto_intradomiciliario": false, "fuente_abastecimiento": 3, "lugar_toma": 2, "modificado_por": ["luis"], "descripcion": 1, "codigo": "1407", "ultima_modificacion": "2016-03-03T15:49:48.176Z", "estado": "A", "direccion": "cra 24 calle 13a", "poblado": 7}, "pk": 87, "model": "trazabilidad.codigopunto"}, {"fields": {"punto_intradomiciliario": false, "fuente_abastecimiento": 3, "lugar_toma": 2, "modificado_por": ["luis"], "descripcion": 1, "codigo": "1408", "ultima_modificacion": "2016-03-03T15:49:48.176Z", "estado": "A", "direccion": "calle 9 cra 14", "poblado": 7}, "pk": 88, "model": "trazabilidad.codigopunto"}, {"fields": {"punto_intradomiciliario": false, "fuente_abastecimiento": 3, "lugar_toma": 2, "modificado_por": ["luis"], "descripcion": 1, "codigo": "1409", "ultima_modificacion": "2016-03-03T15:49:48.176Z", "estado": "A", "direccion": "centro ancianos", "poblado": 7}, "pk": 89, "model": "trazabilidad.codigopunto"}, {"fields": {"punto_intradomiciliario": false, "fuente_abastecimiento": 3, "lugar_toma": 2, "modificado_por": ["luis"], "descripcion": 1, "codigo": "1101", "ultima_modificacion": "2016-03-03T15:49:48.176Z", "estado": "A", "direccion": "calle 19 cra 15", "poblado": 8}, "pk": 90, "model": "trazabilidad.codigopunto"}, {"fields": {"punto_intradomiciliario": false, "fuente_abastecimiento": 3, "lugar_toma": 2, "modificado_por": ["luis"], "descripcion": 1, "codigo": "1102", "ultima_modificacion": "2016-03-03T15:49:48.176Z", "estado": "A", "direccion": "cra 14 calle 20", "poblado": 8}, "pk": 91, "model": "trazabilidad.codigopunto"}, {"fields": {"punto_intradomiciliario": false, "fuente_abastecimiento": 3, "lugar_toma": 2, "modificado_por": ["luis"], "descripcion": 1, "codigo": "1103", "ultima_modificacion": "2016-03-03T15:49:48.176Z", "estado": "A", "direccion": "cra 15 no 20b - 49", "poblado": 8}, "pk": 92, "model": "trazabilidad.codigopunto"}, {"fields": {"punto_intradomiciliario": false, "fuente_abastecimiento": 3, "lugar_toma": 2, "modificado_por": ["luis"], "descripcion": 1, "codigo": "1104", "ultima_modificacion": "2016-03-03T15:49:48.176Z", "estado": "A", "direccion": "calle 22a cra 18a", "poblado": 8}, "pk": 93, "model": "trazabilidad.codigopunto"}, {"fields": {"punto_intradomiciliario": false, "fuente_abastecimiento": 3, "lugar_toma": 2, "modificado_por": ["luis"], "descripcion": 1, "codigo": "1105", "ultima_modificacion": "2016-03-03T15:49:48.176Z", "estado": "A", "direccion": "cra 20 no 22 - 21", "poblado": 8}, "pk": 94, "model": "trazabilidad.codigopunto"}, {"fields": {"punto_intradomiciliario": false, "fuente_abastecimiento": 3, "lugar_toma": 2, "modificado_por": ["luis"], "descripcion": 1, "codigo": "1106", "ultima_modificacion": "2016-03-03T15:49:48.176Z", "estado": "A", "direccion": "calle 23 cra 23", "poblado": 8}, "pk": 95, "model": "trazabilidad.codigopunto"}, {"fields": {"punto_intradomiciliario": false, "fuente_abastecimiento": 3, "lugar_toma": 2, "modificado_por": ["luis"], "descripcion": 1, "codigo": "1107", "ultima_modificacion": "2016-03-03T15:49:48.176Z", "estado": "A", "direccion": "cra 19 no 28 - 72", "poblado": 8}, "pk": 96, "model": "trazabilidad.codigopunto"}, {"fields": {"punto_intradomiciliario": false, "fuente_abastecimiento": 3, "lugar_toma": 2, "modificado_por": ["luis"], "descripcion": 1, "codigo": "1108", "ultima_modificacion": "2016-03-03T15:49:48.176Z", "estado": "A", "direccion": "cra 19 no 33b - 05", "poblado": 8}, "pk": 97, "model": "trazabilidad.codigopunto"}, {"fields": {"punto_intradomiciliario": false, "fuente_abastecimiento": 3, "lugar_toma": 2, "modificado_por": ["luis"], "descripcion": 1, "codigo": "1109", "ultima_modificacion": "2016-03-03T15:49:48.176Z", "estado": "A", "direccion": "calle 17 no 22 - 119", "poblado": 8}, "pk": 98, "model": "trazabilidad.codigopunto"}, {"fields": {"punto_intradomiciliario": false, "fuente_abastecimiento": 3, "lugar_toma": 2, "modificado_por": ["luis"], "descripcion": 1, "codigo": "1110", "ultima_modificacion": "2016-03-03T15:49:48.176Z", "estado": "A", "direccion": "cra 19 calle 16", "poblado": 8}, "pk": 99, "model": "trazabilidad.codigopunto"}, {"fields": {"punto_intradomiciliario": false, "fuente_abastecimiento": 3, "lugar_toma": 2, "modificado_por": ["luis"], "descripcion": 1, "codigo": "1111", "ultima_modificacion": "2016-03-03T15:49:48.176Z", "estado": "A", "direccion": "calle 14 no 15 - 301", "poblado": 8}, "pk": 100, "model": "trazabilidad.codigopunto"}, {"fields": {"punto_intradomiciliario": false, "fuente_abastecimiento": 3, "lugar_toma": 2, "modificado_por": ["luis"], "descripcion": 1, "codigo": "1112", "ultima_modificacion": "2016-03-03T15:49:48.176Z", "estado": "A", "direccion": "calle 17 no 13 - 80", "poblado": 8}, "pk": 101, "model": "trazabilidad.codigopunto"}, {"fields": {"punto_intradomiciliario": false, "fuente_abastecimiento": 3, "lugar_toma": 2, "modificado_por": ["luis"], "descripcion": 1, "codigo": "1113", "ultima_modificacion": "2016-03-03T15:49:48.176Z", "estado": "A", "direccion": "calle 13 no 11 - 116", "poblado": 8}, "pk": 102, "model": "trazabilidad.codigopunto"}, {"fields": {"punto_intradomiciliario": false, "fuente_abastecimiento": 3, "lugar_toma": 2, "modificado_por": ["luis"], "descripcion": 1, "codigo": "1114", "ultima_modificacion": "2016-03-03T15:49:48.176Z", "estado": "A", "direccion": "calle 12 cra 21", "poblado": 8}, "pk": 103, "model": "trazabilidad.codigopunto"}, {"fields": {"punto_intradomiciliario": false, "fuente_abastecimiento": 3, "lugar_toma": 2, "modificado_por": ["luis"], "descripcion": 1, "codigo": "1115", "ultima_modificacion": "2016-03-03T15:49:48.176Z", "estado": "A", "direccion": "cra 24 calle 15", "poblado": 8}, "pk": 104, "model": "trazabilidad.codigopunto"}, {"fields": {"punto_intradomiciliario": true, "fuente_abastecimiento": 3, "lugar_toma": 1, "modificado_por": ["luis"], "descripcion": 3, "codigo": "8006", "ultima_modificacion": "2016-03-03T15:49:48.176Z", "estado": "A", "direccion": "cra 18a no 22- 44 chambaco estacion de policia baranoa", "poblado": 8}, "pk": 105, "model": "trazabilidad.codigopunto"}, {"fields": {"punto_intradomiciliario": false, "fuente_abastecimiento": 3, "lugar_toma": 2, "modificado_por": ["luis"], "descripcion": 1, "codigo": "0003", "ultima_modificacion": "2016-03-03T15:49:48.176Z", "estado": "A", "direccion": "calle 52 cra 64", "poblado": 1}, "pk": 106, "model": "trazabilidad.codigopunto"}, {"fields": {"punto_intradomiciliario": false, "fuente_abastecimiento": 3, "lugar_toma": 2, "modificado_por": ["luis"], "descripcion": 1, "codigo": "0004", "ultima_modificacion": "2016-03-03T15:49:48.176Z", "estado": "A", "direccion": "cra 39 calle 38", "poblado": 1}, "pk": 107, "model": "trazabilidad.codigopunto"}, {"fields": {"punto_intradomiciliario": false, "fuente_abastecimiento": 3, "lugar_toma": 2, "modificado_por": ["luis"], "descripcion": 1, "codigo": "0005", "ultima_modificacion": "2016-03-03T15:49:48.176Z", "estado": "A", "direccion": "calle 22 cra 22 - 87", "poblado": 1}, "pk": 108, "model": "trazabilidad.codigopunto"}, {"fields": {"punto_intradomiciliario": false, "fuente_abastecimiento": 3, "lugar_toma": 2, "modificado_por": ["luis"], "descripcion": 1, "codigo": "0006", "ultima_modificacion": "2016-03-03T15:49:48.176Z", "estado": "A", "direccion": "calle 17 cra 16", "poblado": 1}, "pk": 109, "model": "trazabilidad.codigopunto"}, {"fields": {"punto_intradomiciliario": false, "fuente_abastecimiento": 3, "lugar_toma": 2, "modificado_por": ["luis"], "descripcion": 1, "codigo": "0007", "ultima_modificacion": "2016-03-03T15:49:48.176Z", "estado": "A", "direccion": "calle 106 cra 84 esq", "poblado": 1}, "pk": 110, "model": "trazabilidad.codigopunto"}, {"fields": {"punto_intradomiciliario": false, "fuente_abastecimiento": 3, "lugar_toma": 2, "modificado_por": ["luis"], "descripcion": 1, "codigo": "0008", "ultima_modificacion": "2016-03-03T15:49:48.176Z", "estado": "A", "direccion": "calle 66 cra 64", "poblado": 1}, "pk": 111, "model": "trazabilidad.codigopunto"}, {"fields": {"punto_intradomiciliario": false, "fuente_abastecimiento": 3, "lugar_toma": 2, "modificado_por": ["luis"], "descripcion": 1, "codigo": "0009", "ultima_modificacion": "2016-03-03T15:49:48.176Z", "estado": "A", "direccion": "calle 75a cra 71", "poblado": 1}, "pk": 112, "model": "trazabilidad.codigopunto"}, {"fields": {"punto_intradomiciliario": false, "fuente_abastecimiento": 3, "lugar_toma": 2, "modificado_por": ["luis"], "descripcion": 1, "codigo": "0010", "ultima_modificacion": "2016-03-03T15:49:48.176Z", "estado": "A", "direccion": "cra 32 calle 48", "poblado": 1}, "pk": 113, "model": "trazabilidad.codigopunto"}, {"fields": {"punto_intradomiciliario": false, "fuente_abastecimiento": 3, "lugar_toma": 2, "modificado_por": ["luis"], "descripcion": 1, "codigo": "0011", "ultima_modificacion": "2016-03-03T15:49:48.176Z", "estado": "A", "direccion": "calle 56 cra 44 - 45", "poblado": 1}, "pk": 114, "model": "trazabilidad.codigopunto"}, {"fields": {"punto_intradomiciliario": false, "fuente_abastecimiento": 3, "lugar_toma": 2, "modificado_por": ["luis"], "descripcion": 1, "codigo": "0012", "ultima_modificacion": "2016-03-03T15:49:48.176Z", "estado": "A", "direccion": "cra 19 calle 41", "poblado": 1}, "pk": 115, "model": "trazabilidad.codigopunto"}, {"fields": {"punto_intradomiciliario": false, "fuente_abastecimiento": 3, "lugar_toma": 2, "modificado_por": ["luis"], "descripcion": 1, "codigo": "0013", "ultima_modificacion": "2016-03-03T15:49:48.176Z", "estado": "A", "direccion": "calle 68 cra 60 - 21", "poblado": 1}, "pk": 116, "model": "trazabilidad.codigopunto"}, {"fields": {"punto_intradomiciliario": false, "fuente_abastecimiento": 3, "lugar_toma": 2, "modificado_por": ["luis"], "descripcion": 1, "codigo": "0014", "ultima_modificacion": "2016-03-03T15:49:48.176Z", "estado": "A", "direccion": "cra 8a calle 27b", "poblado": 1}, "pk": 117, "model": "trazabilidad.codigopunto"}, {"fields": {"punto_intradomiciliario": false, "fuente_abastecimiento": 3, "lugar_toma": 2, "modificado_por": ["luis"], "descripcion": 1, "codigo": "0015", "ultima_modificacion": "2016-03-03T15:49:48.176Z", "estado": "A", "direccion": "calle 35 cra 8 - 205", "poblado": 1}, "pk": 118, "model": "trazabilidad.codigopunto"}, {"fields": {"punto_intradomiciliario": false, "fuente_abastecimiento": 3, "lugar_toma": 2, "modificado_por": ["luis"], "descripcion": 1, "codigo": "0016", "ultima_modificacion": "2016-03-03T15:49:48.176Z", "estado": "A", "direccion": "calle 52 cra 64", "poblado": 1}, "pk": 119, "model": "trazabilidad.codigopunto"}, {"fields": {"punto_intradomiciliario": false, "fuente_abastecimiento": 3, "lugar_toma": 2, "modificado_por": ["luis"], "descripcion": 1, "codigo": "0017", "ultima_modificacion": "2016-03-03T15:49:48.176Z", "estado": "A", "direccion": "cra 57 calle 70", "poblado": 1}, "pk": 120, "model": "trazabilidad.codigopunto"}, {"fields": {"punto_intradomiciliario": false, "fuente_abastecimiento": 3, "lugar_toma": 2, "modificado_por": ["luis"], "descripcion": 1, "codigo": "0018", "ultima_modificacion": "2016-03-03T15:49:48.176Z", "estado": "A", "direccion": "calle 79 cra 69", "poblado": 1}, "pk": 121, "model": "trazabilidad.codigopunto"}, {"fields": {"punto_intradomiciliario": false, "fuente_abastecimiento": 3, "lugar_toma": 2, "modificado_por": ["luis"], "descripcion": 1, "codigo": "0019", "ultima_modificacion": "2016-03-03T15:49:48.176Z", "estado": "A", "direccion": "calle 91 cra 75a", "poblado": 1}, "pk": 122, "model": "trazabilidad.codigopunto"}, {"fields": {"punto_intradomiciliario": false, "fuente_abastecimiento": 3, "lugar_toma": 2, "modificado_por": ["luis"], "descripcion": 1, "codigo": "0020", "ultima_modificacion": "2016-03-03T15:49:48.176Z", "estado": "A", "direccion": "cra 49c calle 79", "poblado": 1}, "pk": 123, "model": "trazabilidad.codigopunto"}, {"fields": {"punto_intradomiciliario": false, "fuente_abastecimiento": 3, "lugar_toma": 2, "modificado_por": ["luis"], "descripcion": 1, "codigo": "0021", "ultima_modificacion": "2016-03-03T15:49:48.176Z", "estado": "A", "direccion": "cra 73a calle 88", "poblado": 1}, "pk": 124, "model": "trazabilidad.codigopunto"}, {"fields": {"punto_intradomiciliario": false, "fuente_abastecimiento": 3, "lugar_toma": 2, "modificado_por": ["luis"], "descripcion": 1, "codigo": "0022", "ultima_modificacion": "2016-03-03T15:49:48.176Z", "estado": "A", "direccion": "cra 53 calle 74 - 85", "poblado": 1}, "pk": 125, "model": "trazabilidad.codigopunto"}, {"fields": {"punto_intradomiciliario": false, "fuente_abastecimiento": 3, "lugar_toma": 2, "modificado_por": ["luis"], "descripcion": 1, "codigo": "0023", "ultima_modificacion": "2016-03-03T15:49:48.176Z", "estado": "A", "direccion": "calle 57 cra 15", "poblado": 1}, "pk": 126, "model": "trazabilidad.codigopunto"}, {"fields": {"punto_intradomiciliario": false, "fuente_abastecimiento": 3, "lugar_toma": 2, "modificado_por": ["luis"], "descripcion": 1, "codigo": "0024", "ultima_modificacion": "2016-03-03T15:49:48.176Z", "estado": "A", "direccion": "calle 63b cra 25", "poblado": 1}, "pk": 127, "model": "trazabilidad.codigopunto"}, {"fields": {"punto_intradomiciliario": false, "fuente_abastecimiento": 3, "lugar_toma": 2, "modificado_por": ["luis"], "descripcion": 1, "codigo": "0025", "ultima_modificacion": "2016-03-03T15:49:48.176Z", "estado": "A", "direccion": "calle 43 cra 8h", "poblado": 1}, "pk": 128, "model": "trazabilidad.codigopunto"}, {"fields": {"punto_intradomiciliario": false, "fuente_abastecimiento": 3, "lugar_toma": 2, "modificado_por": ["luis"], "descripcion": 1, "codigo": "0026", "ultima_modificacion": "2016-03-03T15:49:48.176Z", "estado": "A", "direccion": "cra 9f calle 45c1", "poblado": 1}, "pk": 129, "model": "trazabilidad.codigopunto"}, {"fields": {"punto_intradomiciliario": false, "fuente_abastecimiento": 3, "lugar_toma": 2, "modificado_por": ["luis"], "descripcion": 1, "codigo": "0027", "ultima_modificacion": "2016-03-03T15:49:48.176Z", "estado": "A", "direccion": "cra 13 calle 45c4", "poblado": 1}, "pk": 130, "model": "trazabilidad.codigopunto"}, {"fields": {"punto_intradomiciliario": false, "fuente_abastecimiento": 3, "lugar_toma": 2, "modificado_por": ["luis"], "descripcion": 1, "codigo": "0028", "ultima_modificacion": "2016-03-03T15:49:48.176Z", "estado": "A", "direccion": "calle 63 cra 12", "poblado": 1}, "pk": 131, "model": "trazabilidad.codigopunto"}, {"fields": {"punto_intradomiciliario": false, "fuente_abastecimiento": 3, "lugar_toma": 2, "modificado_por": ["luis"], "descripcion": 1, "codigo": "0029", "ultima_modificacion": "2016-03-03T15:49:48.176Z", "estado": "A", "direccion": "calle 45b cra 14 - 12", "poblado": 1}, "pk": 132, "model": "trazabilidad.codigopunto"}, {"fields": {"punto_intradomiciliario": false, "fuente_abastecimiento": 3, "lugar_toma": 2, "modificado_por": ["luis"], "descripcion": 1, "codigo": "0030", "ultima_modificacion": "2016-03-03T15:49:48.176Z", "estado": "A", "direccion": "cra 8 calle 45b", "poblado": 1}, "pk": 133, "model": "trazabilidad.codigopunto"}, {"fields": {"punto_intradomiciliario": false, "fuente_abastecimiento": 3, "lugar_toma": 2, "modificado_por": ["luis"], "descripcion": 1, "codigo": "0031", "ultima_modificacion": "2016-03-03T15:49:48.176Z", "estado": "A", "direccion": "calle 60 cra 20b", "poblado": 1}, "pk": 134, "model": "trazabilidad.codigopunto"}, {"fields": {"punto_intradomiciliario": false, "fuente_abastecimiento": 3, "lugar_toma": 2, "modificado_por": ["luis"], "descripcion": 1, "codigo": "0032", "ultima_modificacion": "2016-03-03T15:49:48.176Z", "estado": "A", "direccion": "cra 35 calle 53 - 25", "poblado": 1}, "pk": 135, "model": "trazabilidad.codigopunto"}, {"fields": {"punto_intradomiciliario": false, "fuente_abastecimiento": 3, "lugar_toma": 2, "modificado_por": ["luis"], "descripcion": 1, "codigo": "0033", "ultima_modificacion": "2016-03-03T15:49:48.176Z", "estado": "A", "direccion": "cra 38c calle 74", "poblado": 1}, "pk": 136, "model": "trazabilidad.codigopunto"}, {"fields": {"punto_intradomiciliario": false, "fuente_abastecimiento": 3, "lugar_toma": 2, "modificado_por": ["luis"], "descripcion": 1, "codigo": "0035", "ultima_modificacion": "2016-03-03T15:49:48.176Z", "estado": "A", "direccion": "calle 94 cra 53", "poblado": 1}, "pk": 137, "model": "trazabilidad.codigopunto"}, {"fields": {"punto_intradomiciliario": false, "fuente_abastecimiento": 3, "lugar_toma": 2, "modificado_por": ["luis"], "descripcion": 1, "codigo": "0036", "ultima_modificacion": "2016-03-03T15:49:48.176Z", "estado": "A", "direccion": "calle 70c cra 24b", "poblado": 1}, "pk": 138, "model": "trazabilidad.codigopunto"}, {"fields": {"punto_intradomiciliario": false, "fuente_abastecimiento": 3, "lugar_toma": 2, "modificado_por": ["luis"], "descripcion": 1, "codigo": "0037", "ultima_modificacion": "2016-03-03T15:49:48.176Z", "estado": "A", "direccion": "calle 72 cra 32", "poblado": 1}, "pk": 139, "model": "trazabilidad.codigopunto"}, {"fields": {"punto_intradomiciliario": false, "fuente_abastecimiento": 3, "lugar_toma": 2, "modificado_por": ["luis"], "descripcion": 1, "codigo": "0038", "ultima_modificacion": "2016-03-03T15:49:48.176Z", "estado": "A", "direccion": "cra 18 calle 68c - 33", "poblado": 1}, "pk": 140, "model": "trazabilidad.codigopunto"}, {"fields": {"punto_intradomiciliario": false, "fuente_abastecimiento": 3, "lugar_toma": 2, "modificado_por": ["luis"], "descripcion": 1, "codigo": "0039", "ultima_modificacion": "2016-03-03T15:49:48.176Z", "estado": "A", "direccion": "cra 52 calle 85", "poblado": 1}, "pk": 141, "model": "trazabilidad.codigopunto"}, {"fields": {"punto_intradomiciliario": false, "fuente_abastecimiento": 3, "lugar_toma": 2, "modificado_por": ["luis"], "descripcion": 1, "codigo": "0040", "ultima_modificacion": "2016-03-03T15:49:48.176Z", "estado": "A", "direccion": "calle 100 cra 27", "poblado": 1}, "pk": 142, "model": "trazabilidad.codigopunto"}, {"fields": {"punto_intradomiciliario": false, "fuente_abastecimiento": 3, "lugar_toma": 2, "modificado_por": ["luis"], "descripcion": 1, "codigo": "0041", "ultima_modificacion": "2016-03-03T15:49:48.176Z", "estado": "A", "direccion": "calle 83 cra 41e", "poblado": 1}, "pk": 143, "model": "trazabilidad.codigopunto"}, {"fields": {"punto_intradomiciliario": false, "fuente_abastecimiento": 3, "lugar_toma": 2, "modificado_por": ["luis"], "descripcion": 1, "codigo": "0042", "ultima_modificacion": "2016-03-03T15:49:48.176Z", "estado": "A", "direccion": "calle 99 cra 49d", "poblado": 1}, "pk": 144, "model": "trazabilidad.codigopunto"}, {"fields": {"punto_intradomiciliario": false, "fuente_abastecimiento": 3, "lugar_toma": 2, "modificado_por": ["luis"], "descripcion": 1, "codigo": "0043", "ultima_modificacion": "2016-03-03T15:49:48.176Z", "estado": "A", "direccion": "calle 94 cra 42f", "poblado": 1}, "pk": 145, "model": "trazabilidad.codigopunto"}, {"fields": {"punto_intradomiciliario": true, "fuente_abastecimiento": 3, "lugar_toma": 2, "modificado_por": ["luis"], "descripcion": 1, "codigo": "0044", "ultima_modificacion": "2016-03-03T15:49:48.176Z", "estado": "A", "direccion": "calle 133 av las dunas", "poblado": 1}, "pk": 146, "model": "trazabilidad.codigopunto"}, {"fields": {"punto_intradomiciliario": false, "fuente_abastecimiento": 3, "lugar_toma": 2, "modificado_por": ["luis"], "descripcion": 1, "codigo": "0045", "ultima_modificacion": "2016-03-03T15:49:48.176Z", "estado": "A", "direccion": "cra 42d calle 80b", "poblado": 1}, "pk": 147, "model": "trazabilidad.codigopunto"}, {"fields": {"punto_intradomiciliario": false, "fuente_abastecimiento": 3, "lugar_toma": 2, "modificado_por": ["luis"], "descripcion": 1, "codigo": "0046", "ultima_modificacion": "2016-03-03T15:49:48.176Z", "estado": "A", "direccion": "calle 79b cra 38", "poblado": 1}, "pk": 148, "model": "trazabilidad.codigopunto"}, {"fields": {"punto_intradomiciliario": false, "fuente_abastecimiento": 3, "lugar_toma": 2, "modificado_por": ["luis"], "descripcion": 1, "codigo": "0047", "ultima_modificacion": "2016-03-03T15:49:48.176Z", "estado": "A", "direccion": "calle 36b cra 7b", "poblado": 1}, "pk": 149, "model": "trazabilidad.codigopunto"}, {"fields": {"punto_intradomiciliario": false, "fuente_abastecimiento": 3, "lugar_toma": 2, "modificado_por": ["luis"], "descripcion": 1, "codigo": "0048", "ultima_modificacion": "2016-03-03T15:49:48.176Z", "estado": "A", "direccion": "calle 33c cra 5a", "poblado": 1}, "pk": 150, "model": "trazabilidad.codigopunto"}, {"fields": {"punto_intradomiciliario": false, "fuente_abastecimiento": 3, "lugar_toma": 2, "modificado_por": ["luis"], "descripcion": 1, "codigo": "0049", "ultima_modificacion": "2016-03-03T15:49:48.176Z", "estado": "A", "direccion": "calle 41 cra 3c - 31", "poblado": 1}, "pk": 151, "model": "trazabilidad.codigopunto"}, {"fields": {"punto_intradomiciliario": false, "fuente_abastecimiento": 3, "lugar_toma": 2, "modificado_por": ["luis"], "descripcion": 1, "codigo": "0050", "ultima_modificacion": "2016-03-03T15:49:48.176Z", "estado": "A", "direccion": "calle 42 cra 7g", "poblado": 1}, "pk": 152, "model": "trazabilidad.codigopunto"}, {"fields": {"punto_intradomiciliario": false, "fuente_abastecimiento": 3, "lugar_toma": 2, "modificado_por": ["luis"], "descripcion": 1, "codigo": "0051", "ultima_modificacion": "2016-03-03T15:49:48.176Z", "estado": "A", "direccion": "carrera 6c calle 17e - 86", "poblado": 1}, "pk": 153, "model": "trazabilidad.codigopunto"}, {"fields": {"punto_intradomiciliario": false, "fuente_abastecimiento": 3, "lugar_toma": 2, "modificado_por": ["luis"], "descripcion": 1, "codigo": "0052", "ultima_modificacion": "2016-03-03T15:49:48.176Z", "estado": "A", "direccion": "calle 49 cra 1a", "poblado": 1}, "pk": 154, "model": "trazabilidad.codigopunto"}, {"fields": {"punto_intradomiciliario": false, "fuente_abastecimiento": 3, "lugar_toma": 2, "modificado_por": ["luis"], "descripcion": 1, "codigo": "0053", "ultima_modificacion": "2016-03-03T15:49:48.176Z", "estado": "A", "direccion": "cra 2sur calle 48d", "poblado": 1}, "pk": 155, "model": "trazabilidad.codigopunto"}, {"fields": {"punto_intradomiciliario": false, "fuente_abastecimiento": 3, "lugar_toma": 2, "modificado_por": ["luis"], "descripcion": 1, "codigo": "0054", "ultima_modificacion": "2016-03-03T15:49:48.176Z", "estado": "A", "direccion": "cra 6 calle 7", "poblado": 1}, "pk": 156, "model": "trazabilidad.codigopunto"}, {"fields": {"punto_intradomiciliario": false, "fuente_abastecimiento": 3, "lugar_toma": 2, "modificado_por": ["luis"], "descripcion": 1, "codigo": "0055", "ultima_modificacion": "2016-03-03T15:49:48.176Z", "estado": "A", "direccion": "calle 99 cra 6 - 54", "poblado": 1}, "pk": 157, "model": "trazabilidad.codigopunto"}, {"fields": {"punto_intradomiciliario": false, "fuente_abastecimiento": 3, "lugar_toma": 2, "modificado_por": ["luis"], "descripcion": 1, "codigo": "0056", "ultima_modificacion": "2016-03-03T15:49:48.176Z", "estado": "A", "direccion": "calle 92 cra 4a", "poblado": 1}, "pk": 158, "model": "trazabilidad.codigopunto"}, {"fields": {"punto_intradomiciliario": false, "fuente_abastecimiento": 3, "lugar_toma": 2, "modificado_por": ["luis"], "descripcion": 1, "codigo": "0057", "ultima_modificacion": "2016-03-03T15:49:48.176Z", "estado": "A", "direccion": "calle 51 cra 2f - 27", "poblado": 1}, "pk": 159, "model": "trazabilidad.codigopunto"}, {"fields": {"punto_intradomiciliario": false, "fuente_abastecimiento": 3, "lugar_toma": 2, "modificado_por": ["luis"], "descripcion": 1, "codigo": "0058", "ultima_modificacion": "2016-03-03T15:49:48.176Z", "estado": "A", "direccion": "calle 120 cra 12", "poblado": 1}, "pk": 160, "model": "trazabilidad.codigopunto"}, {"fields": {"punto_intradomiciliario": false, "fuente_abastecimiento": 3, "lugar_toma": 2, "modificado_por": ["luis"], "descripcion": 1, "codigo": "0059", "ultima_modificacion": "2016-03-03T15:49:48.176Z", "estado": "A", "direccion": "tanque recreo", "poblado": 1}, "pk": 161, "model": "trazabilidad.codigopunto"}, {"fields": {"punto_intradomiciliario": false, "fuente_abastecimiento": 3, "lugar_toma": 2, "modificado_por": ["luis"], "descripcion": 1, "codigo": "0060", "ultima_modificacion": "2016-03-03T15:49:48.176Z", "estado": "A", "direccion": "tanque ciudadela", "poblado": 1}, "pk": 162, "model": "trazabilidad.codigopunto"}, {"fields": {"punto_intradomiciliario": false, "fuente_abastecimiento": 3, "lugar_toma": 2, "modificado_por": ["luis"], "descripcion": 1, "codigo": "0062", "ultima_modificacion": "2016-03-03T15:49:48.176Z", "estado": "A", "direccion": "calle  6 no 9 - 48", "poblado": 1}, "pk": 163, "model": "trazabilidad.codigopunto"}, {"fields": {"punto_intradomiciliario": false, "fuente_abastecimiento": 3, "lugar_toma": 2, "modificado_por": ["luis"], "descripcion": 1, "codigo": "0063", "ultima_modificacion": "2016-03-03T15:49:48.176Z", "estado": "A", "direccion": "carrera  6  calle 7", "poblado": 1}, "pk": 164, "model": "trazabilidad.codigopunto"}, {"fields": {"punto_intradomiciliario": false, "fuente_abastecimiento": 3, "lugar_toma": 2, "modificado_por": ["luis"], "descripcion": 1, "codigo": "0064", "ultima_modificacion": "2016-03-03T15:49:48.176Z", "estado": "A", "direccion": "calle 53d cra 31-73", "poblado": 1}, "pk": 165, "model": "trazabilidad.codigopunto"}, {"fields": {"punto_intradomiciliario": false, "fuente_abastecimiento": 3, "lugar_toma": 2, "modificado_por": ["luis"], "descripcion": 1, "codigo": "0065", "ultima_modificacion": "2016-03-03T15:49:48.176Z", "estado": "A", "direccion": "cra 9 no 56 - 02", "poblado": 1}, "pk": 166, "model": "trazabilidad.codigopunto"}, {"fields": {"punto_intradomiciliario": true, "fuente_abastecimiento": 3, "lugar_toma": 1, "modificado_por": ["luis"], "descripcion": 4, "codigo": "1", "ultima_modificacion": "2016-03-03T15:49:48.176Z", "estado": "A", "direccion": "escuela naval de suboficiales arc barranquilla", "poblado": 1}, "pk": 167, "model": "trazabilidad.codigopunto"}, {"fields": {"punto_intradomiciliario": true, "fuente_abastecimiento": 3, "lugar_toma": 1, "modificado_por": ["luis"], "descripcion": 5, "codigo": "2", "ultima_modificacion": "2016-03-03T15:49:48.176Z", "estado": "A", "direccion": "escuela naval de suboficiales arc barranquilla", "poblado": 1}, "pk": 168, "model": "trazabilidad.codigopunto"}, {"fields": {"punto_intradomiciliario": false, "fuente_abastecimiento": 3, "lugar_toma": 1, "modificado_por": ["luis"], "descripcion": 6, "codigo": "3", "ultima_modificacion": "2016-03-03T15:49:48.176Z", "estado": "A", "direccion": "escuela naval de suboficiales arc barranquilla", "poblado": 1}, "pk": 169, "model": "trazabilidad.codigopunto"}, {"fields": {"punto_intradomiciliario": false, "fuente_abastecimiento": 3, "lugar_toma": 2, "modificado_por": ["luis"], "descripcion": 1, "codigo": "2201", "ultima_modificacion": "2016-03-03T15:49:48.176Z", "estado": "A", "direccion": "carrera 10 calle 13 esq", "poblado": 9}, "pk": 170, "model": "trazabilidad.codigopunto"}, {"fields": {"punto_intradomiciliario": false, "fuente_abastecimiento": 3, "lugar_toma": 2, "modificado_por": ["luis"], "descripcion": 1, "codigo": "2202", "ultima_modificacion": "2016-03-03T15:49:48.176Z", "estado": "A", "direccion": "calle 11 n\u00ba 17 - 02", "poblado": 9}, "pk": 171, "model": "trazabilidad.codigopunto"}, {"fields": {"punto_intradomiciliario": false, "fuente_abastecimiento": 3, "lugar_toma": 2, "modificado_por": ["luis"], "descripcion": 1, "codigo": "2203", "ultima_modificacion": "2016-03-03T15:49:48.176Z", "estado": "A", "direccion": "carrera 14 n\u00ba 1 5 -60", "poblado": 9}, "pk": 172, "model": "trazabilidad.codigopunto"}, {"fields": {"punto_intradomiciliario": false, "fuente_abastecimiento": 3, "lugar_toma": 2, "modificado_por": ["luis"], "descripcion": 1, "codigo": "2204", "ultima_modificacion": "2016-03-03T15:49:48.176Z", "estado": "A", "direccion": "cra 14 # 19 - 18", "poblado": 9}, "pk": 173, "model": "trazabilidad.codigopunto"}, {"fields": {"punto_intradomiciliario": false, "fuente_abastecimiento": 3, "lugar_toma": 2, "modificado_por": ["luis"], "descripcion": 1, "codigo": "2205", "ultima_modificacion": "2016-03-03T15:49:48.176Z", "estado": "A", "direccion": "carrera 15 calle 23 esq", "poblado": 9}, "pk": 174, "model": "trazabilidad.codigopunto"}, {"fields": {"punto_intradomiciliario": false, "fuente_abastecimiento": 3, "lugar_toma": 2, "modificado_por": ["luis"], "descripcion": 1, "codigo": "2206", "ultima_modificacion": "2016-03-03T15:49:48.176Z", "estado": "A", "direccion": "calle 14 cra 16 esq", "poblado": 9}, "pk": 175, "model": "trazabilidad.codigopunto"}, {"fields": {"punto_intradomiciliario": false, "fuente_abastecimiento": 3, "lugar_toma": 2, "modificado_por": ["luis"], "descripcion": 1, "codigo": "2301", "ultima_modificacion": "2016-03-03T15:49:48.176Z", "estado": "A", "direccion": "calle 11 cra 23", "poblado": 10}, "pk": 176, "model": "trazabilidad.codigopunto"}, {"fields": {"punto_intradomiciliario": false, "fuente_abastecimiento": 3, "lugar_toma": 2, "modificado_por": ["luis"], "descripcion": 1, "codigo": "2303", "ultima_modificacion": "2016-03-03T15:49:48.176Z", "estado": "A", "direccion": "cra 10 calle 14", "poblado": 10}, "pk": 177, "model": "trazabilidad.codigopunto"}, {"fields": {"punto_intradomiciliario": false, "fuente_abastecimiento": 3, "lugar_toma": 2, "modificado_por": ["luis"], "descripcion": 1, "codigo": "2304", "ultima_modificacion": "2016-03-03T15:49:48.176Z", "estado": "A", "direccion": "via 1f no 24 - 211", "poblado": 10}, "pk": 178, "model": "trazabilidad.codigopunto"}, {"fields": {"punto_intradomiciliario": false, "fuente_abastecimiento": 3, "lugar_toma": 2, "modificado_por": ["luis"], "descripcion": 1, "codigo": "2305", "ultima_modificacion": "2016-03-03T15:49:48.176Z", "estado": "A", "direccion": "calle 2 cra 15d", "poblado": 10}, "pk": 179, "model": "trazabilidad.codigopunto"}, {"fields": {"punto_intradomiciliario": false, "fuente_abastecimiento": 3, "lugar_toma": 2, "modificado_por": ["luis"], "descripcion": 1, "codigo": "2306", "ultima_modificacion": "2016-03-03T15:49:48.176Z", "estado": "A", "direccion": "cra 13 calle 4a", "poblado": 10}, "pk": 180, "model": "trazabilidad.codigopunto"}, {"fields": {"punto_intradomiciliario": false, "fuente_abastecimiento": 3, "lugar_toma": 2, "modificado_por": ["luis"], "descripcion": 1, "codigo": "2307", "ultima_modificacion": "2016-03-03T15:49:48.176Z", "estado": "A", "direccion": "cra 10 calle 2", "poblado": 10}, "pk": 181, "model": "trazabilidad.codigopunto"}, {"fields": {"punto_intradomiciliario": false, "fuente_abastecimiento": 3, "lugar_toma": 2, "modificado_por": ["luis"], "descripcion": 1, "codigo": "2309", "ultima_modificacion": "2016-03-03T15:49:48.176Z", "estado": "A", "direccion": "calle 9 no 3 - 63", "poblado": 10}, "pk": 182, "model": "trazabilidad.codigopunto"}, {"fields": {"punto_intradomiciliario": false, "fuente_abastecimiento": 3, "lugar_toma": 2, "modificado_por": ["luis"], "descripcion": 1, "codigo": "2310", "ultima_modificacion": "2016-03-03T15:49:48.176Z", "estado": "A", "direccion": "tanque salgar", "poblado": 10}, "pk": 183, "model": "trazabilidad.codigopunto"}, {"fields": {"punto_intradomiciliario": false, "fuente_abastecimiento": 3, "lugar_toma": 2, "modificado_por": ["luis"], "descripcion": 1, "codigo": "1501", "ultima_modificacion": "2016-03-03T15:49:48.176Z", "estado": "A", "direccion": "calle 3 no 2 - 113", "poblado": 11}, "pk": 184, "model": "trazabilidad.codigopunto"}, {"fields": {"punto_intradomiciliario": false, "fuente_abastecimiento": 3, "lugar_toma": 2, "modificado_por": ["luis"], "descripcion": 1, "codigo": "1501", "ultima_modificacion": "2016-03-03T15:49:48.176Z", "estado": "A", "direccion": "calle 3 no 2 - 113", "poblado": 11}, "pk": 185, "model": "trazabilidad.codigopunto"}, {"fields": {"punto_intradomiciliario": false, "fuente_abastecimiento": 3, "lugar_toma": 2, "modificado_por": ["luis"], "descripcion": 1, "codigo": "1502", "ultima_modificacion": "2016-03-03T15:49:48.176Z", "estado": "A", "direccion": "calle 6 no 5 - 71", "poblado": 11}, "pk": 186, "model": "trazabilidad.codigopunto"}, {"fields": {"punto_intradomiciliario": false, "fuente_abastecimiento": 3, "lugar_toma": 2, "modificado_por": ["luis"], "descripcion": 1, "codigo": "1503", "ultima_modificacion": "2016-03-03T15:49:48.176Z", "estado": "A", "direccion": "transversal 9a no 6a - 68", "poblado": 11}, "pk": 187, "model": "trazabilidad.codigopunto"}, {"fields": {"punto_intradomiciliario": false, "fuente_abastecimiento": 3, "lugar_toma": 2, "modificado_por": ["luis"], "descripcion": 1, "codigo": "1504", "ultima_modificacion": "2016-03-03T15:49:48.176Z", "estado": "A", "direccion": "calle 12 no 6 - 14", "poblado": 11}, "pk": 188, "model": "trazabilidad.codigopunto"}, {"fields": {"punto_intradomiciliario": false, "fuente_abastecimiento": 3, "lugar_toma": 2, "modificado_por": ["luis"], "descripcion": 1, "codigo": "1505", "ultima_modificacion": "2016-03-03T15:49:48.176Z", "estado": "A", "direccion": "calle 7 no 10 - 141", "poblado": 11}, "pk": 189, "model": "trazabilidad.codigopunto"}, {"fields": {"punto_intradomiciliario": false, "fuente_abastecimiento": 3, "lugar_toma": 2, "modificado_por": ["luis"], "descripcion": 1, "codigo": "1506", "ultima_modificacion": "2016-03-03T15:49:48.176Z", "estado": "A", "direccion": "calle 7 no 4 - 104", "poblado": 11}, "pk": 190, "model": "trazabilidad.codigopunto"}, {"fields": {"punto_intradomiciliario": false, "fuente_abastecimiento": 3, "lugar_toma": 2, "modificado_por": ["luis"], "descripcion": 1, "codigo": "1901", "ultima_modificacion": "2016-03-03T15:49:48.176Z", "estado": "A", "direccion": "calle 16 carrera 11", "poblado": 11}, "pk": 191, "model": "trazabilidad.codigopunto"}, {"fields": {"punto_intradomiciliario": false, "fuente_abastecimiento": 3, "lugar_toma": 2, "modificado_por": ["luis"], "descripcion": 1, "codigo": "1902", "ultima_modificacion": "2016-03-03T15:49:48.176Z", "estado": "A", "direccion": "calle 9  carrera 11", "poblado": 12}, "pk": 192, "model": "trazabilidad.codigopunto"}, {"fields": {"punto_intradomiciliario": false, "fuente_abastecimiento": 3, "lugar_toma": 2, "modificado_por": ["luis"], "descripcion": 1, "codigo": "1903", "ultima_modificacion": "2016-03-03T15:49:48.176Z", "estado": "A", "direccion": "carrera 6 calle 12", "poblado": 12}, "pk": 193, "model": "trazabilidad.codigopunto"}, {"fields": {"punto_intradomiciliario": false, "fuente_abastecimiento": 3, "lugar_toma": 2, "modificado_por": ["luis"], "descripcion": 1, "codigo": "1904", "ultima_modificacion": "2016-03-03T15:49:48.176Z", "estado": "A", "direccion": "carrera 6 calle 8", "poblado": 12}, "pk": 194, "model": "trazabilidad.codigopunto"}, {"fields": {"punto_intradomiciliario": false, "fuente_abastecimiento": 3, "lugar_toma": 2, "modificado_por": ["luis"], "descripcion": 1, "codigo": "1906", "ultima_modificacion": "2016-03-03T15:49:48.176Z", "estado": "A", "direccion": "calle 18 carrera 10", "poblado": 12}, "pk": 195, "model": "trazabilidad.codigopunto"}, {"fields": {"punto_intradomiciliario": false, "fuente_abastecimiento": 3, "lugar_toma": 2, "modificado_por": ["luis"], "descripcion": 1, "codigo": "1907", "ultima_modificacion": "2016-03-03T15:49:48.176Z", "estado": "A", "direccion": "calle 12 carrera 3", "poblado": 12}, "pk": 196, "model": "trazabilidad.codigopunto"}, {"fields": {"punto_intradomiciliario": false, "fuente_abastecimiento": 3, "lugar_toma": 2, "modificado_por": ["luis"], "descripcion": 1, "codigo": "1908", "ultima_modificacion": "2016-03-03T15:49:48.176Z", "estado": "A", "direccion": "calle 11 carrera 9", "poblado": 12}, "pk": 197, "model": "trazabilidad.codigopunto"}, {"fields": {"punto_intradomiciliario": false, "fuente_abastecimiento": 3, "lugar_toma": 2, "modificado_por": ["luis"], "descripcion": 1, "codigo": "1909", "ultima_modificacion": "2016-03-03T15:49:48.176Z", "estado": "A", "direccion": "calle 3 cra 6", "poblado": 12}, "pk": 198, "model": "trazabilidad.codigopunto"}, {"fields": {"punto_intradomiciliario": false, "fuente_abastecimiento": 3, "lugar_toma": 2, "modificado_por": ["luis"], "descripcion": 1, "codigo": "1910", "ultima_modificacion": "2016-03-03T15:49:48.176Z", "estado": "A", "direccion": "cra 6 calle 8", "poblado": 12}, "pk": 199, "model": "trazabilidad.codigopunto"}, {"fields": {"punto_intradomiciliario": false, "fuente_abastecimiento": 3, "lugar_toma": 2, "modificado_por": ["luis"], "descripcion": 1, "codigo": "2001", "ultima_modificacion": "2016-03-03T15:49:48.176Z", "estado": "A", "direccion": "calle 10 no 3a - 61", "poblado": 13}, "pk": 200, "model": "trazabilidad.codigopunto"}, {"fields": {"punto_intradomiciliario": false, "fuente_abastecimiento": 3, "lugar_toma": 2, "modificado_por": ["luis"], "descripcion": 1, "codigo": "2002", "ultima_modificacion": "2016-03-03T15:49:48.176Z", "estado": "A", "direccion": "cra 8 no 6 - 39", "poblado": 13}, "pk": 201, "model": "trazabilidad.codigopunto"}, {"fields": {"punto_intradomiciliario": false, "fuente_abastecimiento": 3, "lugar_toma": 2, "modificado_por": ["luis"], "descripcion": 1, "codigo": "2003", "ultima_modificacion": "2016-03-03T15:49:48.176Z", "estado": "A", "direccion": "calle 12 no 10a - 53", "poblado": 13}, "pk": 202, "model": "trazabilidad.codigopunto"}, {"fields": {"punto_intradomiciliario": false, "fuente_abastecimiento": 3, "lugar_toma": 2, "modificado_por": ["luis"], "descripcion": 1, "codigo": "2004", "ultima_modificacion": "2016-03-03T15:49:48.176Z", "estado": "A", "direccion": "calle 13b no 10 - 115", "poblado": 13}, "pk": 203, "model": "trazabilidad.codigopunto"}, {"fields": {"punto_intradomiciliario": false, "fuente_abastecimiento": 3, "lugar_toma": 2, "modificado_por": ["luis"], "descripcion": 1, "codigo": "2005", "ultima_modificacion": "2016-03-03T15:49:48.176Z", "estado": "A", "direccion": "calle 12 no 14 - 24", "poblado": 13}, "pk": 204, "model": "trazabilidad.codigopunto"}, {"fields": {"punto_intradomiciliario": false, "fuente_abastecimiento": 3, "lugar_toma": 2, "modificado_por": ["luis"], "descripcion": 1, "codigo": "2101", "ultima_modificacion": "2016-03-03T15:49:48.176Z", "estado": "A", "direccion": "cra 10a no 2 - 05", "poblado": 14}, "pk": 205, "model": "trazabilidad.codigopunto"}, {"fields": {"punto_intradomiciliario": false, "fuente_abastecimiento": 3, "lugar_toma": 2, "modificado_por": ["luis"], "descripcion": 1, "codigo": "2102", "ultima_modificacion": "2016-03-03T15:49:48.176Z", "estado": "A", "direccion": "calle 4 no 10a - 49", "poblado": 14}, "pk": 206, "model": "trazabilidad.codigopunto"}, {"fields": {"punto_intradomiciliario": false, "fuente_abastecimiento": 3, "lugar_toma": 2, "modificado_por": ["luis"], "descripcion": 1, "codigo": "2103", "ultima_modificacion": "2016-03-03T15:49:48.176Z", "estado": "A", "direccion": "calle 4 no 12 - 05", "poblado": 14}, "pk": 207, "model": "trazabilidad.codigopunto"}, {"fields": {"punto_intradomiciliario": false, "fuente_abastecimiento": 3, "lugar_toma": 2, "modificado_por": ["luis"], "descripcion": 1, "codigo": "2104", "ultima_modificacion": "2016-03-03T15:49:48.176Z", "estado": "A", "direccion": "calle 7 no 15 - 29", "poblado": 14}, "pk": 208, "model": "trazabilidad.codigopunto"}, {"fields": {"punto_intradomiciliario": false, "fuente_abastecimiento": 3, "lugar_toma": 2, "modificado_por": ["luis"], "descripcion": 1, "codigo": "2105", "ultima_modificacion": "2016-03-03T15:49:48.176Z", "estado": "A", "direccion": "calle 7 no 11 - 57", "poblado": 14}, "pk": 209, "model": "trazabilidad.codigopunto"}, {"fields": {"punto_intradomiciliario": false, "fuente_abastecimiento": 3, "lugar_toma": 2, "modificado_por": ["luis"], "descripcion": 1, "codigo": "2106", "ultima_modificacion": "2016-03-03T15:49:48.176Z", "estado": "A", "direccion": "calle 6 no 7 - 17", "poblado": 14}, "pk": 210, "model": "trazabilidad.codigopunto"}, {"fields": {"punto_intradomiciliario": false, "fuente_abastecimiento": 3, "lugar_toma": 2, "modificado_por": ["luis"], "descripcion": 1, "codigo": "2107", "ultima_modificacion": "2016-03-03T15:49:48.176Z", "estado": "A", "direccion": "calle 7 no 3 - 03", "poblado": 14}, "pk": 211, "model": "trazabilidad.codigopunto"}, {"fields": {"punto_intradomiciliario": false, "fuente_abastecimiento": 3, "lugar_toma": 2, "modificado_por": ["luis"], "descripcion": 1, "codigo": "2108", "ultima_modificacion": "2016-03-03T15:49:48.176Z", "estado": "A", "direccion": "cra 5 no 2a - 49", "poblado": 14}, "pk": 212, "model": "trazabilidad.codigopunto"}, {"fields": {"punto_intradomiciliario": false, "fuente_abastecimiento": 3, "lugar_toma": 2, "modificado_por": ["luis"], "descripcion": 1, "codigo": "2109", "ultima_modificacion": "2016-03-03T15:49:48.176Z", "estado": "A", "direccion": "cra 3a calle 3", "poblado": 14}, "pk": 213, "model": "trazabilidad.codigopunto"}, {"fields": {"punto_intradomiciliario": false, "fuente_abastecimiento": 3, "lugar_toma": 2, "modificado_por": ["luis"], "descripcion": 1, "codigo": "3101", "ultima_modificacion": "2016-03-03T15:49:48.176Z", "estado": "A", "direccion": "calle 1 no 5 - 91", "poblado": 15}, "pk": 214, "model": "trazabilidad.codigopunto"}, {"fields": {"punto_intradomiciliario": false, "fuente_abastecimiento": 3, "lugar_toma": 2, "modificado_por": ["luis"], "descripcion": 1, "codigo": "3102", "ultima_modificacion": "2016-03-03T15:49:48.176Z", "estado": "A", "direccion": "calle 11 no 6 - 04", "poblado": 15}, "pk": 215, "model": "trazabilidad.codigopunto"}, {"fields": {"punto_intradomiciliario": false, "fuente_abastecimiento": 3, "lugar_toma": 2, "modificado_por": ["luis"], "descripcion": 1, "codigo": "3103", "ultima_modificacion": "2016-03-03T15:49:48.176Z", "estado": "A", "direccion": "via tanque el radar", "poblado": 15}, "pk": 216, "model": "trazabilidad.codigopunto"}, {"fields": {"punto_intradomiciliario": false, "fuente_abastecimiento": 3, "lugar_toma": 2, "modificado_por": ["luis"], "descripcion": 1, "codigo": "3104", "ultima_modificacion": "2016-03-03T15:49:48.176Z", "estado": "A", "direccion": "cra 2a no 2a - 50", "poblado": 15}, "pk": 217, "model": "trazabilidad.codigopunto"}, {"fields": {"punto_intradomiciliario": false, "fuente_abastecimiento": 3, "lugar_toma": 2, "modificado_por": ["luis"], "descripcion": 1, "codigo": "3105", "ultima_modificacion": "2016-03-03T15:49:48.176Z", "estado": "A", "direccion": "cra 4a calle 16", "poblado": 15}, "pk": 218, "model": "trazabilidad.codigopunto"}, {"fields": {"punto_intradomiciliario": false, "fuente_abastecimiento": 3, "lugar_toma": 2, "modificado_por": ["luis"], "descripcion": 1, "codigo": "3106", "ultima_modificacion": "2016-03-03T15:49:48.176Z", "estado": "A", "direccion": "tanque guaymaral", "poblado": 15}, "pk": 219, "model": "trazabilidad.codigopunto"}, {"fields": {"punto_intradomiciliario": false, "fuente_abastecimiento": 3, "lugar_toma": 2, "modificado_por": ["luis"], "descripcion": 1, "codigo": "3201", "ultima_modificacion": "2016-03-03T15:49:48.176Z", "estado": "A", "direccion": "calle 15 cra 10", "poblado": 16}, "pk": 220, "model": "trazabilidad.codigopunto"}, {"fields": {"punto_intradomiciliario": false, "fuente_abastecimiento": 3, "lugar_toma": 2, "modificado_por": ["luis"], "descripcion": 1, "codigo": "3202", "ultima_modificacion": "2016-03-03T15:49:48.176Z", "estado": "A", "direccion": "calle 20 cra 20", "poblado": 16}, "pk": 221, "model": "trazabilidad.codigopunto"}, {"fields": {"punto_intradomiciliario": false, "fuente_abastecimiento": 3, "lugar_toma": 2, "modificado_por": ["luis"], "descripcion": 1, "codigo": "3203", "ultima_modificacion": "2016-03-03T15:49:48.176Z", "estado": "A", "direccion": "calle 9 no 22 - 25", "poblado": 16}, "pk": 222, "model": "trazabilidad.codigopunto"}, {"fields": {"punto_intradomiciliario": false, "fuente_abastecimiento": 3, "lugar_toma": 2, "modificado_por": ["luis"], "descripcion": 1, "codigo": "3204", "ultima_modificacion": "2016-03-03T15:49:48.176Z", "estado": "A", "direccion": "calle 13a no 15b - 17", "poblado": 16}, "pk": 223, "model": "trazabilidad.codigopunto"}, {"fields": {"punto_intradomiciliario": false, "fuente_abastecimiento": 3, "lugar_toma": 2, "modificado_por": ["luis"], "descripcion": 1, "codigo": "3205", "ultima_modificacion": "2016-03-03T15:49:48.176Z", "estado": "A", "direccion": "calle 16 cra 17a", "poblado": 16}, "pk": 224, "model": "trazabilidad.codigopunto"}, {"fields": {"punto_intradomiciliario": false, "fuente_abastecimiento": 3, "lugar_toma": 2, "modificado_por": ["luis"], "descripcion": 1, "codigo": "3206", "ultima_modificacion": "2016-03-03T15:49:48.176Z", "estado": "A", "direccion": "calle 16 cra 17a", "poblado": 16}, "pk": 225, "model": "trazabilidad.codigopunto"}, {"fields": {"punto_intradomiciliario": true, "fuente_abastecimiento": 5, "lugar_toma": 1, "modificado_por": ["luis"], "descripcion": 2, "codigo": "001", "ultima_modificacion": "2016-03-03T15:49:48.176Z", "estado": "A", "direccion": "cra 9 no 10 - 215", "poblado": 17}, "pk": 226, "model": "trazabilidad.codigopunto"}, {"fields": {"punto_intradomiciliario": true, "fuente_abastecimiento": 5, "lugar_toma": 1, "modificado_por": ["luis"], "descripcion": 2, "codigo": "002", "ultima_modificacion": "2016-03-03T15:49:48.176Z", "estado": "A", "direccion": "calle 10 n\u00aa 9-71", "poblado": 17}, "pk": 227, "model": "trazabilidad.codigopunto"}, {"fields": {"punto_intradomiciliario": true, "fuente_abastecimiento": 5, "lugar_toma": 1, "modificado_por": ["luis"], "descripcion": 2, "codigo": "003", "ultima_modificacion": "2016-03-03T15:49:48.176Z", "estado": "A", "direccion": "calle 9 no 10-30", "poblado": 17}, "pk": 228, "model": "trazabilidad.codigopunto"}, {"fields": {"punto_intradomiciliario": true, "fuente_abastecimiento": 5, "lugar_toma": 1, "modificado_por": ["luis"], "descripcion": 2, "codigo": "004", "ultima_modificacion": "2016-03-03T15:49:48.176Z", "estado": "A", "direccion": "calle 10 no 10 - 76", "poblado": 17}, "pk": 229, "model": "trazabilidad.codigopunto"}, {"fields": {"punto_intradomiciliario": true, "fuente_abastecimiento": 5, "lugar_toma": 1, "modificado_por": ["luis"], "descripcion": 2, "codigo": "005", "ultima_modificacion": "2016-03-03T15:49:48.176Z", "estado": "A", "direccion": "calle 10 no 9 - 103", "poblado": 17}, "pk": 230, "model": "trazabilidad.codigopunto"}, {"fields": {"punto_intradomiciliario": true, "fuente_abastecimiento": 5, "lugar_toma": 1, "modificado_por": ["luis"], "descripcion": 2, "codigo": "006", "ultima_modificacion": "2016-03-03T15:49:48.176Z", "estado": "A", "direccion": "calle 10 # 7-120", "poblado": 17}, "pk": 231, "model": "trazabilidad.codigopunto"}, {"fields": {"punto_intradomiciliario": false, "fuente_abastecimiento": 3, "lugar_toma": 2, "modificado_por": ["luis"], "descripcion": 1, "codigo": "2303", "ultima_modificacion": "2016-03-03T15:49:48.176Z", "estado": "A", "direccion": "cra 10 calle 14", "poblado": 18}, "pk": 232, "model": "trazabilidad.codigopunto"}, {"fields": {"punto_intradomiciliario": false, "fuente_abastecimiento": 3, "lugar_toma": 2, "modificado_por": ["luis"], "descripcion": 1, "codigo": "2302", "ultima_modificacion": "2016-03-03T15:49:48.176Z", "estado": "A", "direccion": "calle 8 no 13 - 43", "poblado": 19}, "pk": 233, "model": "trazabilidad.codigopunto"}, {"fields": {"punto_intradomiciliario": false, "fuente_abastecimiento": 3, "lugar_toma": 2, "modificado_por": ["luis"], "descripcion": 1, "codigo": "2311", "ultima_modificacion": "2016-03-03T15:49:48.176Z", "estado": "A", "direccion": "calle 5 no 20 - 1970", "poblado": 19}, "pk": 234, "model": "trazabilidad.codigopunto"}, {"fields": {"punto_intradomiciliario": true, "fuente_abastecimiento": 5, "lugar_toma": 1, "modificado_por": ["luis"], "descripcion": 7, "codigo": "0001", "ultima_modificacion": "2016-03-03T15:49:48.176Z", "estado": "A", "direccion": "calle 4 no 2 - 11", "poblado": 20}, "pk": 235, "model": "trazabilidad.codigopunto"}, {"fields": {"punto_intradomiciliario": true, "fuente_abastecimiento": 5, "lugar_toma": 1, "modificado_por": ["luis"], "descripcion": 2, "codigo": "0002", "ultima_modificacion": "2016-03-03T15:49:48.176Z", "estado": "A", "direccion": "calle 4 no 4 - 20", "poblado": 20}, "pk": 236, "model": "trazabilidad.codigopunto"}, {"fields": {"punto_intradomiciliario": true, "fuente_abastecimiento": 5, "lugar_toma": 1, "modificado_por": ["luis"], "descripcion": 2, "codigo": "0003", "ultima_modificacion": "2016-03-03T15:49:48.176Z", "estado": "A", "direccion": "cra 6 no 1 - 71", "poblado": 20}, "pk": 237, "model": "trazabilidad.codigopunto"}, {"fields": {"punto_intradomiciliario": true, "fuente_abastecimiento": 5, "lugar_toma": 1, "modificado_por": ["luis"], "descripcion": 2, "codigo": "0004", "ultima_modificacion": "2016-03-03T15:49:48.176Z", "estado": "A", "direccion": "calle 4 no 4 - 08", "poblado": 20}, "pk": 238, "model": "trazabilidad.codigopunto"}, {"fields": {"punto_intradomiciliario": true, "fuente_abastecimiento": 5, "lugar_toma": 1, "modificado_por": ["luis"], "descripcion": 2, "codigo": "0005", "ultima_modificacion": "2016-03-03T15:49:48.176Z", "estado": "A", "direccion": "calle 3 no 7 - 31", "poblado": 20}, "pk": 239, "model": "trazabilidad.codigopunto"}, {"fields": {"punto_intradomiciliario": true, "fuente_abastecimiento": 5, "lugar_toma": 1, "modificado_por": ["luis"], "descripcion": 2, "codigo": "0006", "ultima_modificacion": "2016-03-03T15:49:48.176Z", "estado": "A", "direccion": "cra 2a no 2 - 13", "poblado": 20}, "pk": 240, "model": "trazabilidad.codigopunto"}, {"fields": {"punto_intradomiciliario": true, "fuente_abastecimiento": 5, "lugar_toma": 1, "modificado_por": ["luis"], "descripcion": 2, "codigo": "0007", "ultima_modificacion": "2016-03-03T15:49:48.176Z", "estado": "A", "direccion": "cra 2 calle 3", "poblado": 20}, "pk": 241, "model": "trazabilidad.codigopunto"}, {"fields": {"punto_intradomiciliario": true, "fuente_abastecimiento": 3, "lugar_toma": 1, "modificado_por": ["luis"], "descripcion": 2, "codigo": "007", "ultima_modificacion": "2016-03-03T15:49:48.176Z", "estado": "A", "direccion": "calle 3  no 2 - 40", "poblado": 21}, "pk": 242, "model": "trazabilidad.codigopunto"}, {"fields": {"punto_intradomiciliario": true, "fuente_abastecimiento": 3, "lugar_toma": 1, "modificado_por": ["luis"], "descripcion": 2, "codigo": "008", "ultima_modificacion": "2016-03-03T15:49:48.176Z", "estado": "A", "direccion": "carrera 2  no  2 - 64", "poblado": 21}, "pk": 243, "model": "trazabilidad.codigopunto"}, {"fields": {"punto_intradomiciliario": true, "fuente_abastecimiento": 3, "lugar_toma": 1, "modificado_por": ["luis"], "descripcion": 2, "codigo": "009", "ultima_modificacion": "2016-03-03T15:49:48.176Z", "estado": "A", "direccion": "carrera 1  no 1 - 90", "poblado": 21}, "pk": 244, "model": "trazabilidad.codigopunto"}, {"fields": {"punto_intradomiciliario": true, "fuente_abastecimiento": 3, "lugar_toma": 1, "modificado_por": ["luis"], "descripcion": 2, "codigo": "009", "ultima_modificacion": "2016-03-03T15:49:48.176Z", "estado": "A", "direccion": "carrera 1  no 1 - 90", "poblado": 21}, "pk": 245, "model": "trazabilidad.codigopunto"}, {"fields": {"punto_intradomiciliario": true, "fuente_abastecimiento": 6, "lugar_toma": 1, "modificado_por": ["luis"], "descripcion": 2, "codigo": "0001", "ultima_modificacion": "2016-03-03T15:49:48.176Z", "estado": "A", "direccion": "calle 17 no 21 - 04", "poblado": 22}, "pk": 246, "model": "trazabilidad.codigopunto"}, {"fields": {"punto_intradomiciliario": true, "fuente_abastecimiento": 6, "lugar_toma": 1, "modificado_por": ["luis"], "descripcion": 2, "codigo": "0002", "ultima_modificacion": "2016-03-03T15:49:48.176Z", "estado": "A", "direccion": "calle 16 no 20 - 27", "poblado": 22}, "pk": 247, "model": "trazabilidad.codigopunto"}, {"fields": {"punto_intradomiciliario": true, "fuente_abastecimiento": 6, "lugar_toma": 1, "modificado_por": ["luis"], "descripcion": 2, "codigo": "0003", "ultima_modificacion": "2016-03-03T15:49:48.176Z", "estado": "A", "direccion": "calle 17 no 18 - 68", "poblado": 22}, "pk": 248, "model": "trazabilidad.codigopunto"}, {"fields": {"punto_intradomiciliario": true, "fuente_abastecimiento": 6, "lugar_toma": 1, "modificado_por": ["luis"], "descripcion": 2, "codigo": "0004", "ultima_modificacion": "2016-03-03T15:49:48.176Z", "estado": "A", "direccion": "calle 11 no 19 - 21", "poblado": 22}, "pk": 249, "model": "trazabilidad.codigopunto"}, {"fields": {"punto_intradomiciliario": true, "fuente_abastecimiento": 6, "lugar_toma": 1, "modificado_por": ["luis"], "descripcion": 2, "codigo": "0005", "ultima_modificacion": "2016-03-03T15:49:48.176Z", "estado": "A", "direccion": "calle 18 no 23 - 03", "poblado": 22}, "pk": 250, "model": "trazabilidad.codigopunto"}, {"fields": {"punto_intradomiciliario": true, "fuente_abastecimiento": 6, "lugar_toma": 1, "modificado_por": ["luis"], "descripcion": 2, "codigo": "0006", "ultima_modificacion": "2016-03-03T15:49:48.176Z", "estado": "A", "direccion": "calle 18 no 23 - 83", "poblado": 22}, "pk": 251, "model": "trazabilidad.codigopunto"}, {"fields": {"punto_intradomiciliario": true, "fuente_abastecimiento": 6, "lugar_toma": 1, "modificado_por": ["luis"], "descripcion": 2, "codigo": "0007", "ultima_modificacion": "2016-03-03T15:49:48.176Z", "estado": "A", "direccion": "calle 17 no 24 - 45", "poblado": 22}, "pk": 252, "model": "trazabilidad.codigopunto"}, {"fields": {"punto_intradomiciliario": true, "fuente_abastecimiento": 6, "lugar_toma": 1, "modificado_por": ["luis"], "descripcion": 2, "codigo": "0008", "ultima_modificacion": "2016-03-03T15:49:48.176Z", "estado": "A", "direccion": "calle 15 no 20 - 60", "poblado": 22}, "pk": 253, "model": "trazabilidad.codigopunto"}, {"fields": {"punto_intradomiciliario": true, "fuente_abastecimiento": 6, "lugar_toma": 1, "modificado_por": ["luis"], "descripcion": 2, "codigo": "0009", "ultima_modificacion": "2016-03-03T15:49:48.176Z", "estado": "A", "direccion": "calle 10a no 11 - 04", "poblado": 22}, "pk": 254, "model": "trazabilidad.codigopunto"}, {"fields": {"punto_intradomiciliario": true, "fuente_abastecimiento": 6, "lugar_toma": 1, "modificado_por": ["luis"], "descripcion": 2, "codigo": "0010", "ultima_modificacion": "2016-03-03T15:49:48.176Z", "estado": "A", "direccion": "calle 10 no 10 - 86", "poblado": 22}, "pk": 255, "model": "trazabilidad.codigopunto"}, {"fields": {"punto_intradomiciliario": true, "fuente_abastecimiento": 6, "lugar_toma": 1, "modificado_por": ["luis"], "descripcion": 2, "codigo": "0011", "ultima_modificacion": "2016-03-03T15:49:48.176Z", "estado": "A", "direccion": "calle 8 no 17 - 58", "poblado": 22}, "pk": 256, "model": "trazabilidad.codigopunto"}, {"fields": {"punto_intradomiciliario": true, "fuente_abastecimiento": 6, "lugar_toma": 1, "modificado_por": ["luis"], "descripcion": 2, "codigo": "0012", "ultima_modificacion": "2016-03-03T15:49:48.176Z", "estado": "A", "direccion": "calle 8 no 17 - 02", "poblado": 22}, "pk": 257, "model": "trazabilidad.codigopunto"}, {"fields": {"punto_intradomiciliario": true, "fuente_abastecimiento": 6, "lugar_toma": 1, "modificado_por": ["luis"], "descripcion": 2, "codigo": "0013", "ultima_modificacion": "2016-03-03T15:49:48.176Z", "estado": "A", "direccion": "calle 9 no 17 - 12", "poblado": 22}, "pk": 258, "model": "trazabilidad.codigopunto"}, {"fields": {"punto_intradomiciliario": true, "fuente_abastecimiento": 6, "lugar_toma": 1, "modificado_por": ["luis"], "descripcion": 2, "codigo": "0014", "ultima_modificacion": "2016-03-03T15:49:48.176Z", "estado": "A", "direccion": "calle 11 no 13 - 52", "poblado": 22}, "pk": 259, "model": "trazabilidad.codigopunto"}, {"fields": {"punto_intradomiciliario": true, "fuente_abastecimiento": 6, "lugar_toma": 1, "modificado_por": ["luis"], "descripcion": 2, "codigo": "0015", "ultima_modificacion": "2016-03-03T15:49:48.176Z", "estado": "A", "direccion": "calle 11 no 10a -23", "poblado": 22}, "pk": 260, "model": "trazabilidad.codigopunto"}, {"fields": {"punto_intradomiciliario": true, "fuente_abastecimiento": 6, "lugar_toma": 1, "modificado_por": ["luis"], "descripcion": 2, "codigo": "0016", "ultima_modificacion": "2016-03-03T15:49:48.176Z", "estado": "A", "direccion": "calle 13a no 10 - 40", "poblado": 22}, "pk": 261, "model": "trazabilidad.codigopunto"}, {"fields": {"punto_intradomiciliario": true, "fuente_abastecimiento": 6, "lugar_toma": 1, "modificado_por": ["luis"], "descripcion": 2, "codigo": "0017", "ultima_modificacion": "2016-03-03T15:49:48.176Z", "estado": "A", "direccion": "calle 13a no 10 - 40", "poblado": 22}, "pk": 262, "model": "trazabilidad.codigopunto"}, {"fields": {"punto_intradomiciliario": true, "fuente_abastecimiento": 6, "lugar_toma": 1, "modificado_por": ["luis"], "descripcion": 2, "codigo": "0018", "ultima_modificacion": "2016-03-03T15:49:48.176Z", "estado": "A", "direccion": "calle 11 no 10 - 25", "poblado": 22}, "pk": 263, "model": "trazabilidad.codigopunto"}, {"fields": {"punto_intradomiciliario": true, "fuente_abastecimiento": 6, "lugar_toma": 1, "modificado_por": ["luis"], "descripcion": 2, "codigo": "0019", "ultima_modificacion": "2016-03-03T15:49:48.176Z", "estado": "A", "direccion": "calle 12 no 9 - 54", "poblado": 22}, "pk": 264, "model": "trazabilidad.codigopunto"}, {"fields": {"punto_intradomiciliario": true, "fuente_abastecimiento": 6, "lugar_toma": 1, "modificado_por": ["luis"], "descripcion": 2, "codigo": "0020", "ultima_modificacion": "2016-03-03T15:49:48.176Z", "estado": "A", "direccion": "calle 12 no 8 - 60", "poblado": 22}, "pk": 265, "model": "trazabilidad.codigopunto"}, {"fields": {"punto_intradomiciliario": true, "fuente_abastecimiento": 6, "lugar_toma": 1, "modificado_por": ["luis"], "descripcion": 2, "codigo": "0021", "ultima_modificacion": "2016-03-03T15:49:48.176Z", "estado": "A", "direccion": "calle 10 no 8a - 15", "poblado": 22}, "pk": 266, "model": "trazabilidad.codigopunto"}, {"fields": {"punto_intradomiciliario": true, "fuente_abastecimiento": 6, "lugar_toma": 1, "modificado_por": ["luis"], "descripcion": 2, "codigo": "0022", "ultima_modificacion": "2016-03-03T15:49:48.176Z", "estado": "A", "direccion": "calle 11 no 20 - 82", "poblado": 22}, "pk": 267, "model": "trazabilidad.codigopunto"}, {"fields": {"punto_intradomiciliario": true, "fuente_abastecimiento": 6, "lugar_toma": 1, "modificado_por": ["luis"], "descripcion": 2, "codigo": "0023", "ultima_modificacion": "2016-03-03T15:49:48.176Z", "estado": "A", "direccion": "calle 11 no 10 - 58", "poblado": 22}, "pk": 268, "model": "trazabilidad.codigopunto"}, {"fields": {"punto_intradomiciliario": true, "fuente_abastecimiento": 6, "lugar_toma": 1, "modificado_por": ["luis"], "descripcion": 2, "codigo": "0024", "ultima_modificacion": "2016-03-03T15:49:48.176Z", "estado": "A", "direccion": "calle 17 no 21 - 24", "poblado": 22}, "pk": 269, "model": "trazabilidad.codigopunto"}, {"fields": {"punto_intradomiciliario": true, "fuente_abastecimiento": 6, "lugar_toma": 1, "modificado_por": ["luis"], "descripcion": 2, "codigo": "0025", "ultima_modificacion": "2016-03-03T15:49:48.176Z", "estado": "A", "direccion": "calle 11 no 19 - 04", "poblado": 22}, "pk": 270, "model": "trazabilidad.codigopunto"}, {"fields": {"punto_intradomiciliario": true, "fuente_abastecimiento": 6, "lugar_toma": 1, "modificado_por": ["luis"], "descripcion": 2, "codigo": "0026", "ultima_modificacion": "2016-03-03T15:49:48.176Z", "estado": "A", "direccion": "calle 12 no 20 - 04", "poblado": 22}, "pk": 271, "model": "trazabilidad.codigopunto"}, {"fields": {"punto_intradomiciliario": true, "fuente_abastecimiento": 6, "lugar_toma": 1, "modificado_por": ["luis"], "descripcion": 2, "codigo": "0027", "ultima_modificacion": "2016-03-03T15:49:48.176Z", "estado": "A", "direccion": "cra 11 no 10a - 06", "poblado": 22}, "pk": 272, "model": "trazabilidad.codigopunto"}, {"fields": {"punto_intradomiciliario": true, "fuente_abastecimiento": 6, "lugar_toma": 1, "modificado_por": ["luis"], "descripcion": 2, "codigo": "0028", "ultima_modificacion": "2016-03-03T15:49:48.176Z", "estado": "A", "direccion": "carrera 14 no 10 - 32", "poblado": 22}, "pk": 273, "model": "trazabilidad.codigopunto"}, {"fields": {"punto_intradomiciliario": true, "fuente_abastecimiento": 6, "lugar_toma": 1, "modificado_por": ["luis"], "descripcion": 2, "codigo": "0029", "ultima_modificacion": "2016-03-03T15:49:48.176Z", "estado": "A", "direccion": "calle 10  no 15 - 102", "poblado": 22}, "pk": 274, "model": "trazabilidad.codigopunto"}, {"fields": {"punto_intradomiciliario": true, "fuente_abastecimiento": 6, "lugar_toma": 1, "modificado_por": ["luis"], "descripcion": 2, "codigo": "0030", "ultima_modificacion": "2016-03-03T15:49:48.176Z", "estado": "A", "direccion": "calle 10 no 15 - 36", "poblado": 22}, "pk": 275, "model": "trazabilidad.codigopunto"}, {"fields": {"punto_intradomiciliario": true, "fuente_abastecimiento": 6, "lugar_toma": 1, "modificado_por": ["luis"], "descripcion": 2, "codigo": "0031", "ultima_modificacion": "2016-03-03T15:49:48.176Z", "estado": "A", "direccion": "calle 11 no 15 - 66", "poblado": 22}, "pk": 276, "model": "trazabilidad.codigopunto"}, {"fields": {"punto_intradomiciliario": true, "fuente_abastecimiento": 6, "lugar_toma": 1, "modificado_por": ["luis"], "descripcion": 2, "codigo": "0032", "ultima_modificacion": "2016-03-03T15:49:48.176Z", "estado": "A", "direccion": "calle 12 no 18 - 03", "poblado": 22}, "pk": 277, "model": "trazabilidad.codigopunto"}, {"fields": {"punto_intradomiciliario": false, "fuente_abastecimiento": 7, "lugar_toma": 2, "modificado_por": ["luis"], "descripcion": 1, "codigo": "2401", "ultima_modificacion": "2016-03-03T15:49:48.176Z", "estado": "A", "direccion": "calle 8 no 10 - 08", "poblado": 23}, "pk": 278, "model": "trazabilidad.codigopunto"}, {"fields": {"punto_intradomiciliario": false, "fuente_abastecimiento": 7, "lugar_toma": 2, "modificado_por": ["luis"], "descripcion": 1, "codigo": "2402", "ultima_modificacion": "2016-03-03T15:49:48.176Z", "estado": "A", "direccion": "calle 8 no 8 - 30", "poblado": 23}, "pk": 279, "model": "trazabilidad.codigopunto"}, {"fields": {"punto_intradomiciliario": false, "fuente_abastecimiento": 7, "lugar_toma": 2, "modificado_por": ["luis"], "descripcion": 1, "codigo": "2403", "ultima_modificacion": "2016-03-03T15:49:48.176Z", "estado": "A", "direccion": "calle 6 no 8 - 26", "poblado": 23}, "pk": 280, "model": "trazabilidad.codigopunto"}, {"fields": {"punto_intradomiciliario": false, "fuente_abastecimiento": 7, "lugar_toma": 2, "modificado_por": ["luis"], "descripcion": 1, "codigo": "2404", "ultima_modificacion": "2016-03-03T15:49:48.176Z", "estado": "A", "direccion": "calle 3 no 8 - 03", "poblado": 23}, "pk": 281, "model": "trazabilidad.codigopunto"}, {"fields": {"punto_intradomiciliario": false, "fuente_abastecimiento": 7, "lugar_toma": 2, "modificado_por": ["luis"], "descripcion": 1, "codigo": "2405", "ultima_modificacion": "2016-03-03T15:49:48.176Z", "estado": "A", "direccion": "calle 2 no 10 - 24", "poblado": 23}, "pk": 282, "model": "trazabilidad.codigopunto"}, {"fields": {"punto_intradomiciliario": false, "fuente_abastecimiento": 7, "lugar_toma": 2, "modificado_por": ["luis"], "descripcion": 1, "codigo": "2406", "ultima_modificacion": "2016-03-03T15:49:48.176Z", "estado": "A", "direccion": "calle 13 no 10b - 21", "poblado": 23}, "pk": 283, "model": "trazabilidad.codigopunto"}, {"fields": {"punto_intradomiciliario": false, "fuente_abastecimiento": 7, "lugar_toma": 2, "modificado_por": ["luis"], "descripcion": 1, "codigo": "2407", "ultima_modificacion": "2016-03-03T15:49:48.176Z", "estado": "A", "direccion": "calle 15 no 10a - 25", "poblado": 23}, "pk": 284, "model": "trazabilidad.codigopunto"}, {"fields": {"punto_intradomiciliario": false, "fuente_abastecimiento": 7, "lugar_toma": 2, "modificado_por": ["luis"], "descripcion": 1, "codigo": "2408", "ultima_modificacion": "2016-03-03T15:49:48.176Z", "estado": "A", "direccion": "calle 11 no 9 - 74", "poblado": 23}, "pk": 285, "model": "trazabilidad.codigopunto"}, {"fields": {"punto_intradomiciliario": false, "fuente_abastecimiento": 7, "lugar_toma": 2, "modificado_por": ["luis"], "descripcion": 1, "codigo": "2409", "ultima_modificacion": "2016-03-03T15:49:48.176Z", "estado": "A", "direccion": "calle 11 no 4 - 27", "poblado": 23}, "pk": 286, "model": "trazabilidad.codigopunto"}, {"fields": {"punto_intradomiciliario": false, "fuente_abastecimiento": 7, "lugar_toma": 2, "modificado_por": ["luis"], "descripcion": 1, "codigo": "2410", "ultima_modificacion": "2016-03-03T15:49:48.176Z", "estado": "A", "direccion": "calle 8 no 11 - 60", "poblado": 23}, "pk": 287, "model": "trazabilidad.codigopunto"}, {"fields": {"punto_intradomiciliario": false, "fuente_abastecimiento": 7, "lugar_toma": 2, "modificado_por": ["luis"], "descripcion": 1, "codigo": "2411", "ultima_modificacion": "2016-03-03T15:49:48.176Z", "estado": "A", "direccion": "calle 14 no 5a - 98", "poblado": 23}, "pk": 288, "model": "trazabilidad.codigopunto"}, {"fields": {"punto_intradomiciliario": false, "fuente_abastecimiento": 7, "lugar_toma": 2, "modificado_por": ["luis"], "descripcion": 1, "codigo": "2412", "ultima_modificacion": "2016-03-03T15:49:48.176Z", "estado": "A", "direccion": "cra 4 no 09 - 31", "poblado": 23}, "pk": 289, "model": "trazabilidad.codigopunto"}, {"fields": {"punto_intradomiciliario": false, "fuente_abastecimiento": 7, "lugar_toma": 2, "modificado_por": ["luis"], "descripcion": 1, "codigo": "2413", "ultima_modificacion": "2016-03-03T15:49:48.176Z", "estado": "A", "direccion": "cra 11 no 1a - 54", "poblado": 23}, "pk": 290, "model": "trazabilidad.codigopunto"}, {"fields": {"punto_intradomiciliario": false, "fuente_abastecimiento": 7, "lugar_toma": 2, "modificado_por": ["luis"], "descripcion": 1, "codigo": "2414", "ultima_modificacion": "2016-03-03T15:49:48.176Z", "estado": "A", "direccion": "cra 11 no 5a - 28", "poblado": 23}, "pk": 291, "model": "trazabilidad.codigopunto"}, {"fields": {"punto_intradomiciliario": false, "fuente_abastecimiento": 7, "lugar_toma": 2, "modificado_por": ["luis"], "descripcion": 1, "codigo": "2415", "ultima_modificacion": "2016-03-03T15:49:48.176Z", "estado": "A", "direccion": "cra 10 no 10b - 06", "poblado": 23}, "pk": 292, "model": "trazabilidad.codigopunto"}, {"fields": {"punto_intradomiciliario": false, "fuente_abastecimiento": 7, "lugar_toma": 2, "modificado_por": ["luis"], "descripcion": 1, "codigo": "2416", "ultima_modificacion": "2016-03-03T15:49:48.176Z", "estado": "A", "direccion": "calle 16 no 10b - 29", "poblado": 23}, "pk": 293, "model": "trazabilidad.codigopunto"}, {"fields": {"punto_intradomiciliario": false, "fuente_abastecimiento": 3, "lugar_toma": 2, "modificado_por": ["luis"], "descripcion": 1, "codigo": "1506", "ultima_modificacion": "2016-03-03T15:49:48.176Z", "estado": "A", "direccion": "calle 7 no 4 - 104", "poblado": 24}, "pk": 294, "model": "trazabilidad.codigopunto"}, {"fields": {"punto_intradomiciliario": false, "fuente_abastecimiento": 3, "lugar_toma": 2, "modificado_por": ["luis"], "descripcion": 1, "codigo": "2006", "ultima_modificacion": "2016-03-03T15:49:48.176Z", "estado": "A", "direccion": "calle 10 cra 9", "poblado": 25}, "pk": 295, "model": "trazabilidad.codigopunto"}, {"fields": {"punto_intradomiciliario": false, "fuente_abastecimiento": 3, "lugar_toma": 2, "modificado_por": ["luis"], "descripcion": 1, "codigo": "2008", "ultima_modificacion": "2016-03-03T15:49:48.176Z", "estado": "A", "direccion": "cra 14 no 11 - 26", "poblado": 25}, "pk": 296, "model": "trazabilidad.codigopunto"}, {"fields": {"punto_intradomiciliario": false, "fuente_abastecimiento": 3, "lugar_toma": 2, "modificado_por": ["luis"], "descripcion": 1, "codigo": "2001", "ultima_modificacion": "2016-03-03T15:49:48.176Z", "estado": "A", "direccion": "calle 10 n\u00ba 3a-61", "poblado": 25}, "pk": 297, "model": "trazabilidad.codigopunto"}, {"fields": {"punto_intradomiciliario": false, "fuente_abastecimiento": 3, "lugar_toma": 2, "modificado_por": ["luis"], "descripcion": 1, "codigo": "2002", "ultima_modificacion": "2016-03-03T15:49:48.176Z", "estado": "A", "direccion": "cra 8 n\u00ba 6-39", "poblado": 25}, "pk": 298, "model": "trazabilidad.codigopunto"}, {"fields": {"punto_intradomiciliario": false, "fuente_abastecimiento": 3, "lugar_toma": 2, "modificado_por": ["luis"], "descripcion": 1, "codigo": "2003", "ultima_modificacion": "2016-03-03T15:49:48.176Z", "estado": "A", "direccion": "calle 12 n\u00ba 10a-53", "poblado": 25}, "pk": 299, "model": "trazabilidad.codigopunto"}, {"fields": {"punto_intradomiciliario": false, "fuente_abastecimiento": 3, "lugar_toma": 2, "modificado_por": ["luis"], "descripcion": 1, "codigo": "2004", "ultima_modificacion": "2016-03-03T15:49:48.176Z", "estado": "A", "direccion": "calle 13b n\u00ba 10-115", "poblado": 25}, "pk": 300, "model": "trazabilidad.codigopunto"}, {"fields": {"punto_intradomiciliario": false, "fuente_abastecimiento": 3, "lugar_toma": 2, "modificado_por": ["luis"], "descripcion": 1, "codigo": "2005", "ultima_modificacion": "2016-03-03T15:49:48.176Z", "estado": "A", "direccion": "calle 12 n\u00ba 14-24", "poblado": 25}, "pk": 301, "model": "trazabilidad.codigopunto"}, {"fields": {"punto_intradomiciliario": false, "fuente_abastecimiento": 3, "lugar_toma": 2, "modificado_por": ["luis"], "descripcion": 1, "codigo": "2007", "ultima_modificacion": "2016-03-03T15:49:48.176Z", "estado": "A", "direccion": "carrera 10 calle 12", "poblado": 25}, "pk": 302, "model": "trazabilidad.codigopunto"}, {"fields": {"punto_intradomiciliario": false, "fuente_abastecimiento": 3, "lugar_toma": 2, "modificado_por": ["luis"], "descripcion": 1, "codigo": "2009", "ultima_modificacion": "2016-03-03T15:49:48.176Z", "estado": "A", "direccion": "calle 12 carrera 12", "poblado": 25}, "pk": 303, "model": "trazabilidad.codigopunto"}, {"fields": {"punto_intradomiciliario": false, "fuente_abastecimiento": 3, "lugar_toma": 2, "modificado_por": ["luis"], "descripcion": 1, "codigo": "3107", "ultima_modificacion": "2016-03-03T15:49:48.176Z", "estado": "A", "direccion": "callle 6 cra 4", "poblado": 26}, "pk": 304, "model": "trazabilidad.codigopunto"}, {"fields": {"punto_intradomiciliario": false, "fuente_abastecimiento": 3, "lugar_toma": 2, "modificado_por": ["luis"], "descripcion": 1, "codigo": "2007", "ultima_modificacion": "2016-03-03T15:49:48.176Z", "estado": "A", "direccion": "cra 10 calle 12", "poblado": 27}, "pk": 305, "model": "trazabilidad.codigopunto"}, {"fields": {"punto_intradomiciliario": true, "fuente_abastecimiento": 5, "lugar_toma": 1, "modificado_por": ["luis"], "descripcion": 7, "codigo": "0001", "ultima_modificacion": "2016-03-03T15:49:48.176Z", "estado": "A", "direccion": "calle 6 no 6 - 56", "poblado": 28}, "pk": 306, "model": "trazabilidad.codigopunto"}, {"fields": {"punto_intradomiciliario": true, "fuente_abastecimiento": 5, "lugar_toma": 1, "modificado_por": ["luis"], "descripcion": 2, "codigo": "0002", "ultima_modificacion": "2016-03-03T15:49:48.176Z", "estado": "A", "direccion": "calle 6 no 6 - 79", "poblado": 28}, "pk": 307, "model": "trazabilidad.codigopunto"}, {"fields": {"punto_intradomiciliario": true, "fuente_abastecimiento": 5, "lugar_toma": 1, "modificado_por": ["luis"], "descripcion": 2, "codigo": "0003", "ultima_modificacion": "2016-03-03T15:49:48.176Z", "estado": "A", "direccion": "calle 8 no 8 - 03", "poblado": 28}, "pk": 308, "model": "trazabilidad.codigopunto"}, {"fields": {"punto_intradomiciliario": true, "fuente_abastecimiento": 5, "lugar_toma": 1, "modificado_por": ["luis"], "descripcion": 2, "codigo": "0005", "ultima_modificacion": "2016-03-03T15:49:48.176Z", "estado": "A", "direccion": "calle 6 no 7 - 93", "poblado": 28}, "pk": 309, "model": "trazabilidad.codigopunto"}, {"fields": {"punto_intradomiciliario": true, "fuente_abastecimiento": 5, "lugar_toma": 1, "modificado_por": ["luis"], "descripcion": 8, "codigo": "0006", "ultima_modificacion": "2016-03-03T15:49:48.176Z", "estado": "A", "direccion": "cra 6 no 5 - 26 centro de salud", "poblado": 28}, "pk": 310, "model": "trazabilidad.codigopunto"}, {"fields": {"punto_intradomiciliario": true, "fuente_abastecimiento": 5, "lugar_toma": 1, "modificado_por": ["luis"], "descripcion": 2, "codigo": "0007", "ultima_modificacion": "2016-03-03T15:49:48.176Z", "estado": "A", "direccion": "calle 6 no 1 - 34", "poblado": 28}, "pk": 311, "model": "trazabilidad.codigopunto"}, {"fields": {"punto_intradomiciliario": true, "fuente_abastecimiento": 5, "lugar_toma": 1, "modificado_por": ["luis"], "descripcion": 2, "codigo": "0008", "ultima_modificacion": "2016-03-03T15:49:48.176Z", "estado": "A", "direccion": "calle 5 no 4 - 31", "poblado": 28}, "pk": 312, "model": "trazabilidad.codigopunto"}, {"fields": {"punto_intradomiciliario": true, "fuente_abastecimiento": 5, "lugar_toma": 1, "modificado_por": ["luis"], "descripcion": 2, "codigo": "0009", "ultima_modificacion": "2016-03-03T15:49:48.176Z", "estado": "A", "direccion": "calle 6 no 7 - 106", "poblado": 28}, "pk": 313, "model": "trazabilidad.codigopunto"}, {"fields": {"punto_intradomiciliario": true, "fuente_abastecimiento": 5, "lugar_toma": 1, "modificado_por": ["luis"], "descripcion": 2, "codigo": "0001", "ultima_modificacion": "2016-03-03T15:49:48.176Z", "estado": "A", "direccion": "calle 6 no 10 - 35", "poblado": 29}, "pk": 314, "model": "trazabilidad.codigopunto"}, {"fields": {"punto_intradomiciliario": true, "fuente_abastecimiento": 5, "lugar_toma": 1, "modificado_por": ["luis"], "descripcion": 2, "codigo": "0002", "ultima_modificacion": "2016-03-03T15:49:48.176Z", "estado": "A", "direccion": "calle 7 no 10 - 04", "poblado": 29}, "pk": 315, "model": "trazabilidad.codigopunto"}, {"fields": {"punto_intradomiciliario": true, "fuente_abastecimiento": 5, "lugar_toma": 1, "modificado_por": ["luis"], "descripcion": 2, "codigo": "0005", "ultima_modificacion": "2016-03-03T15:49:48.176Z", "estado": "A", "direccion": "calle 8 no  8 - 18", "poblado": 29}, "pk": 316, "model": "trazabilidad.codigopunto"}, {"fields": {"punto_intradomiciliario": true, "fuente_abastecimiento": 5, "lugar_toma": 1, "modificado_por": ["luis"], "descripcion": 2, "codigo": "0004", "ultima_modificacion": "2016-03-03T15:49:48.176Z", "estado": "A", "direccion": "calle 6 no 5 - 33", "poblado": 29}, "pk": 317, "model": "trazabilidad.codigopunto"}, {"fields": {"punto_intradomiciliario": true, "fuente_abastecimiento": 5, "lugar_toma": 1, "modificado_por": ["luis"], "descripcion": 2, "codigo": "0006", "ultima_modificacion": "2016-03-03T15:49:48.176Z", "estado": "A", "direccion": "carrera 8a  no 8 - 27", "poblado": 29}, "pk": 318, "model": "trazabilidad.codigopunto"}, {"fields": {"punto_intradomiciliario": true, "fuente_abastecimiento": 5, "lugar_toma": 1, "modificado_por": ["luis"], "descripcion": 2, "codigo": "0007", "ultima_modificacion": "2016-03-03T15:49:48.176Z", "estado": "A", "direccion": "calle 9 no 7c - 163", "poblado": 29}, "pk": 319, "model": "trazabilidad.codigopunto"}, {"fields": {"punto_intradomiciliario": true, "fuente_abastecimiento": 5, "lugar_toma": 1, "modificado_por": ["luis"], "descripcion": 2, "codigo": "0008", "ultima_modificacion": "2016-03-03T15:49:48.176Z", "estado": "A", "direccion": "calle 6 no 8 - 76", "poblado": 29}, "pk": 320, "model": "trazabilidad.codigopunto"}, {"fields": {"punto_intradomiciliario": true, "fuente_abastecimiento": 5, "lugar_toma": 1, "modificado_por": ["luis"], "descripcion": 2, "codigo": "0009", "ultima_modificacion": "2016-03-03T15:49:48.176Z", "estado": "A", "direccion": "calle 6 no 9 - 26", "poblado": 29}, "pk": 321, "model": "trazabilidad.codigopunto"}, {"fields": {"punto_intradomiciliario": true, "fuente_abastecimiento": 5, "lugar_toma": 1, "modificado_por": ["luis"], "descripcion": 2, "codigo": "0010", "ultima_modificacion": "2016-03-03T15:49:48.176Z", "estado": "A", "direccion": "calle 6 no 13 - 94", "poblado": 29}, "pk": 322, "model": "trazabilidad.codigopunto"}, {"fields": {"punto_intradomiciliario": true, "fuente_abastecimiento": 5, "lugar_toma": 1, "modificado_por": ["luis"], "descripcion": 2, "codigo": "0011", "ultima_modificacion": "2016-03-03T15:49:48.176Z", "estado": "A", "direccion": "calle 5 no 12 - 04", "poblado": 29}, "pk": 323, "model": "trazabilidad.codigopunto"}, {"fields": {"punto_intradomiciliario": true, "fuente_abastecimiento": 5, "lugar_toma": 1, "modificado_por": ["luis"], "descripcion": 2, "codigo": "0012", "ultima_modificacion": "2016-03-03T15:49:48.176Z", "estado": "A", "direccion": "cra 11a no 5 - 80", "poblado": 29}, "pk": 324, "model": "trazabilidad.codigopunto"}, {"fields": {"punto_intradomiciliario": true, "fuente_abastecimiento": 5, "lugar_toma": 1, "modificado_por": ["luis"], "descripcion": 2, "codigo": "0013", "ultima_modificacion": "2016-03-03T15:49:48.176Z", "estado": "A", "direccion": "calle 7 no 7 - 20", "poblado": 29}, "pk": 325, "model": "trazabilidad.codigopunto"}, {"fields": {"punto_intradomiciliario": true, "fuente_abastecimiento": 5, "lugar_toma": 1, "modificado_por": ["luis"], "descripcion": 2, "codigo": "0014", "ultima_modificacion": "2016-03-03T15:49:48.176Z", "estado": "A", "direccion": "calle 7 no 7 - 213", "poblado": 29}, "pk": 326, "model": "trazabilidad.codigopunto"}, {"fields": {"punto_intradomiciliario": true, "fuente_abastecimiento": 7, "lugar_toma": 1, "modificado_por": ["luis"], "descripcion": 2, "codigo": "001", "ultima_modificacion": "2016-03-03T15:49:48.176Z", "estado": "A", "direccion": "cra 7 no 4 - 35", "poblado": 30}, "pk": 327, "model": "trazabilidad.codigopunto"}, {"fields": {"punto_intradomiciliario": true, "fuente_abastecimiento": 7, "lugar_toma": 1, "modificado_por": ["luis"], "descripcion": 2, "codigo": "002", "ultima_modificacion": "2016-03-03T15:49:48.176Z", "estado": "A", "direccion": "cra 7 # 4-35", "poblado": 30}, "pk": 328, "model": "trazabilidad.codigopunto"}, {"fields": {"punto_intradomiciliario": true, "fuente_abastecimiento": 7, "lugar_toma": 1, "modificado_por": ["luis"], "descripcion": 2, "codigo": "003", "ultima_modificacion": "2016-03-03T15:49:48.176Z", "estado": "A", "direccion": "calle 4 no 7 - 124", "poblado": 30}, "pk": 329, "model": "trazabilidad.codigopunto"}, {"fields": {"punto_intradomiciliario": true, "fuente_abastecimiento": 7, "lugar_toma": 1, "modificado_por": ["luis"], "descripcion": 2, "codigo": "004", "ultima_modificacion": "2016-03-03T15:49:48.176Z", "estado": "A", "direccion": "calle 4 no 7 - 05", "poblado": 30}, "pk": 330, "model": "trazabilidad.codigopunto"}, {"fields": {"punto_intradomiciliario": true, "fuente_abastecimiento": 7, "lugar_toma": 1, "modificado_por": ["luis"], "descripcion": 2, "codigo": "005", "ultima_modificacion": "2016-03-03T15:49:48.176Z", "estado": "A", "direccion": "calle 4 no 7 - 170", "poblado": 30}, "pk": 331, "model": "trazabilidad.codigopunto"}, {"fields": {"punto_intradomiciliario": true, "fuente_abastecimiento": 7, "lugar_toma": 1, "modificado_por": ["luis"], "descripcion": 2, "codigo": "006", "ultima_modificacion": "2016-03-03T15:49:48.176Z", "estado": "A", "direccion": "cra 3 no 3 - 06", "poblado": 30}, "pk": 332, "model": "trazabilidad.codigopunto"}, {"fields": {"punto_intradomiciliario": true, "fuente_abastecimiento": 7, "lugar_toma": 1, "modificado_por": ["luis"], "descripcion": 2, "codigo": "007", "ultima_modificacion": "2016-03-03T15:49:48.176Z", "estado": "A", "direccion": "cra 8a no 2 - 15", "poblado": 30}, "pk": 333, "model": "trazabilidad.codigopunto"}, {"fields": {"punto_intradomiciliario": true, "fuente_abastecimiento": 7, "lugar_toma": 1, "modificado_por": ["luis"], "descripcion": 2, "codigo": "008", "ultima_modificacion": "2016-03-03T15:49:48.176Z", "estado": "A", "direccion": "calle 1b no 8 - 07", "poblado": 30}, "pk": 334, "model": "trazabilidad.codigopunto"}, {"fields": {"punto_intradomiciliario": true, "fuente_abastecimiento": 7, "lugar_toma": 1, "modificado_por": ["luis"], "descripcion": 2, "codigo": "009", "ultima_modificacion": "2016-03-03T15:49:48.176Z", "estado": "A", "direccion": "calle 4 no 6 - 44", "poblado": 30}, "pk": 335, "model": "trazabilidad.codigopunto"}, {"fields": {"punto_intradomiciliario": true, "fuente_abastecimiento": 7, "lugar_toma": 1, "modificado_por": ["luis"], "descripcion": 2, "codigo": "010", "ultima_modificacion": "2016-03-03T15:49:48.176Z", "estado": "A", "direccion": "calle 2 no 6a - 26", "poblado": 30}, "pk": 336, "model": "trazabilidad.codigopunto"}, {"fields": {"punto_intradomiciliario": true, "fuente_abastecimiento": 7, "lugar_toma": 1, "modificado_por": ["luis"], "descripcion": 2, "codigo": "011", "ultima_modificacion": "2016-03-03T15:49:48.176Z", "estado": "A", "direccion": "calle 4 no 4 - 65", "poblado": 30}, "pk": 337, "model": "trazabilidad.codigopunto"}, {"fields": {"punto_intradomiciliario": true, "fuente_abastecimiento": 7, "lugar_toma": 1, "modificado_por": ["luis"], "descripcion": 2, "codigo": "012", "ultima_modificacion": "2016-03-03T15:49:48.176Z", "estado": "A", "direccion": "calle 5 no 4 - 12", "poblado": 30}, "pk": 338, "model": "trazabilidad.codigopunto"}, {"fields": {"punto_intradomiciliario": true, "fuente_abastecimiento": 7, "lugar_toma": 1, "modificado_por": ["luis"], "descripcion": 2, "codigo": "013", "ultima_modificacion": "2016-03-03T15:49:48.176Z", "estado": "A", "direccion": "calle 7 no 4 - 05", "poblado": 30}, "pk": 339, "model": "trazabilidad.codigopunto"}, {"fields": {"punto_intradomiciliario": true, "fuente_abastecimiento": 7, "lugar_toma": 1, "modificado_por": ["luis"], "descripcion": 2, "codigo": "014", "ultima_modificacion": "2016-03-03T15:49:48.176Z", "estado": "A", "direccion": "calle 4 no 5a - 07", "poblado": 30}, "pk": 340, "model": "trazabilidad.codigopunto"}, {"fields": {"punto_intradomiciliario": true, "fuente_abastecimiento": 7, "lugar_toma": 1, "modificado_por": ["luis"], "descripcion": 2, "codigo": "015", "ultima_modificacion": "2016-03-03T15:49:48.176Z", "estado": "A", "direccion": "calle 2 no 7 - 12", "poblado": 30}, "pk": 341, "model": "trazabilidad.codigopunto"}, {"fields": {"punto_intradomiciliario": true, "fuente_abastecimiento": 7, "lugar_toma": 1, "modificado_por": ["luis"], "descripcion": 2, "codigo": "016", "ultima_modificacion": "2016-03-03T15:49:48.176Z", "estado": "A", "direccion": "calle 2 # 6-04", "poblado": 30}, "pk": 342, "model": "trazabilidad.codigopunto"}, {"fields": {"punto_intradomiciliario": true, "fuente_abastecimiento": 7, "lugar_toma": 1, "modificado_por": ["luis"], "descripcion": 2, "codigo": "018", "ultima_modificacion": "2016-03-03T15:49:48.176Z", "estado": "A", "direccion": "calle 2 # 8-38", "poblado": 30}, "pk": 343, "model": "trazabilidad.codigopunto"}, {"fields": {"informacion_general": 1, "motivo_analisis": 1, "concertado": null, "hora_toma": "09:00:00", "codigo_punto": null}, "pk": 4, "model": "trazabilidad.agua"}, {"fields": {"informacion_general": 2, "motivo_analisis": 1, "concertado": null, "hora_toma": "08:00:00", "codigo_punto": null}, "pk": 5, "model": "trazabilidad.agua"}, {"fields": {"informacion_general": 3, "motivo_analisis": 2, "concertado": null, "hora_toma": "11:35:07", "codigo_punto": null}, "pk": 7, "model": "trazabilidad.agua"}, {"fields": {"informacion_general": 3, "motivo_analisis": 3, "concertado": null, "hora_toma": "11:39:10", "codigo_punto": null}, "pk": 8, "model": "trazabilidad.agua"}, {"fields": {"informacion_general": 4, "motivo_analisis": 1, "concertado": null, "hora_toma": "07:00:10", "codigo_punto": null}, "pk": 26, "model": "trazabilidad.agua"}, {"fields": {"informacion_general": 5, "motivo_analisis": 1, "concertado": null, "hora_toma": "15:43:09", "codigo_punto": null}, "pk": 30, "model": "trazabilidad.agua"}, {"fields": {"informacion_general": 6, "motivo_analisis": 1, "concertado": null, "hora_toma": "15:43:09", "codigo_punto": null}, "pk": 31, "model": "trazabilidad.agua"}, {"fields": {"informacion_general": 6, "motivo_analisis": 1, "concertado": null, "hora_toma": "15:43:26", "codigo_punto": null}, "pk": 32, "model": "trazabilidad.agua"}, {"fields": {"informacion_general": 7, "motivo_analisis": 2, "concertado": true, "hora_toma": "17:11:55", "codigo_punto": 1}, "pk": 68, "model": "trazabilidad.agua"}, {"fields": {"informacion_general": 8, "motivo_analisis": 1, "concertado": true, "hora_toma": "17:23:23", "codigo_punto": 3}, "pk": 69, "model": "trazabilidad.agua"}, {"fields": {"informacion_general": 9, "motivo_analisis": 1, "concertado": true, "hora_toma": "12:01:54", "codigo_punto": 1}, "pk": 70, "model": "trazabilidad.agua"}, {"fields": {"informacion_general": 8, "motivo_analisis": 1, "concertado": true, "hora_toma": "09:07:47", "codigo_punto": 3}, "pk": 71, "model": "trazabilidad.agua"}, {"fields": {"informacion_general": 10, "motivo_analisis": 1, "concertado": true, "hora_toma": "08:34:48", "codigo_punto": 1}, "pk": 79, "model": "trazabilidad.agua"}, {"fields": {"informacion_general": 11, "motivo_analisis": null, "concertado": null, "hora_toma": "06:40:33", "codigo_punto": 1}, "pk": 84, "model": "trazabilidad.agua"}, {"fields": {"informacion_general": 12, "motivo_analisis": null, "concertado": null, "hora_toma": "06:40:33", "codigo_punto": 1}, "pk": 85, "model": "trazabilidad.agua"}, {"fields": {"informacion_general": 13, "motivo_analisis": 1, "concertado": true, "hora_toma": "14:53:08", "codigo_punto": 2}, "pk": 97, "model": "trazabilidad.agua"}, {"fields": {"informacion_general": 14, "motivo_analisis": 1, "concertado": true, "hora_toma": "07:40:41", "codigo_punto": 10}, "pk": 109, "model": "trazabilidad.agua"}, {"fields": {"informacion_general": 15, "motivo_analisis": 1, "concertado": true, "hora_toma": "08:15:35", "codigo_punto": 68}, "pk": 112, "model": "trazabilidad.agua"}, {"fields": {"informacion_general": 16, "motivo_analisis": 1, "concertado": true, "hora_toma": "08:17:26", "codigo_punto": 68}, "pk": 113, "model": "trazabilidad.agua"}, {"fields": {"informacion_general": 17, "motivo_analisis": 1, "concertado": true, "hora_toma": "07:33:16", "codigo_punto": 188}, "pk": 123, "model": "trazabilidad.agua"}, {"fields": {"informacion_general": 17, "motivo_analisis": 1, "concertado": true, "hora_toma": "07:43:28", "codigo_punto": 187}, "pk": 124, "model": "trazabilidad.agua"}, {"fields": {"informacion_general": 17, "motivo_analisis": 1, "concertado": true, "hora_toma": "08:38:19", "codigo_punto": 188}, "pk": 125, "model": "trazabilidad.agua"}, {"fields": {"informacion_general": 18, "motivo_analisis": 1, "concertado": true, "hora_toma": "11:10:06", "codigo_punto": 118}, "pk": 126, "model": "trazabilidad.agua"}, {"fields": {"informacion_general": 18, "motivo_analisis": 2, "concertado": true, "hora_toma": "19:10:22", "codigo_punto": 118}, "pk": 127, "model": "trazabilidad.agua"}, {"fields": {"informacion_general": 19, "motivo_analisis": 1, "concertado": true, "hora_toma": "07:28:15", "codigo_punto": 323}, "pk": 128, "model": "trazabilidad.agua"}, {"fields": {"informacion_general": 19, "motivo_analisis": 1, "concertado": true, "hora_toma": "09:29:34", "codigo_punto": 314}, "pk": 129, "model": "trazabilidad.agua"}, {"fields": {"informacion_general": 20, "motivo_analisis": 1, "concertado": true, "hora_toma": "10:43:26", "codigo_punto": 36}, "pk": 130, "model": "trazabilidad.agua"}, {"fields": {"informacion_general": 20, "motivo_analisis": 1, "concertado": true, "hora_toma": "13:45:39", "codigo_punto": 31}, "pk": 131, "model": "trazabilidad.agua"}, {"fields": {"informacion_general": 21, "motivo_analisis": 1, "concertado": true, "hora_toma": "07:23:03", "codigo_punto": 247}, "pk": 135, "model": "trazabilidad.agua"}, {"fields": {"informacion_general": 22, "motivo_analisis": 2, "concertado": true, "hora_toma": "05:00:01", "codigo_punto": 53}, "pk": 139, "model": "trazabilidad.agua"}, {"fields": {"informacion_general": 22, "motivo_analisis": 2, "concertado": true, "hora_toma": "05:30:57", "codigo_punto": 58}, "pk": 140, "model": "trazabilidad.agua"}, {"fields": {"informacion_general": 23, "motivo_analisis": 1, "concertado": true, "hora_toma": "07:10:13", "codigo_punto": 80}, "pk": 145, "model": "trazabilidad.agua"}, {"fields": {"nombres": "nestor", "apellidos": "algarin"}, "pk": 1, "model": "trazabilidad.responsablerecoleccion"}, {"fields": {"nombres": "jorge", "apellidos": "llanos"}, "pk": 2, "model": "trazabilidad.responsablerecoleccion"}, {"fields": {"nombres": "alfonso eduardo", "apellidos": "oliveros"}, "pk": 3, "model": "trazabilidad.responsablerecoleccion"}, {"fields": {"nombres": "isaac", "apellidos": "rovira"}, "pk": 4, "model": "trazabilidad.responsablerecoleccion"}, {"fields": {"nombre": "central de abastos n. 11", "municipio": 1}, "pk": 1, "model": "trazabilidad.lugarrecoleccion"}, {"fields": {"nombre": "aer. ernesto cortissoz n' 7", "municipio": 2}, "pk": 2, "model": "trazabilidad.lugarrecoleccion"}, {"fields": {"nombre": "term. de transp n' 1", "municipio": 1}, "pk": 3, "model": "trazabilidad.lugarrecoleccion"}, {"fields": {"nombre": "base aeronaval n\u00b7 15", "municipio": 1}, "pk": 4, "model": "trazabilidad.lugarrecoleccion"}, {"fields": {"nombre": "escuela policia circunvalar n\u00ba 20", "municipio": 1}, "pk": 5, "model": "trazabilidad.lugarrecoleccion"}, {"fields": {"nombre": "puerto pimsa n'40", "municipio": 1}, "pk": 6, "model": "trazabilidad.lugarrecoleccion"}, {"fields": {"nombre": "vista hermosa n\u00b7 45", "municipio": 1}, "pk": 7, "model": "trazabilidad.lugarrecoleccion"}, {"fields": {"nombre": "barrio la magdalena", "municipio": 1}, "pk": 8, "model": "trazabilidad.lugarrecoleccion"}, {"fields": {"nombre": "term. de transp n' 2", "municipio": 1}, "pk": 9, "model": "trazabilidad.lugarrecoleccion"}, {"fields": {"nombre": "centinela"}, "pk": 1, "model": "trazabilidad.tipovigilancia"}, {"fields": {"nombre": "regular"}, "pk": 2, "model": "trazabilidad.tipovigilancia"}, {"fields": {"nombre": "intensificada"}, "pk": 3, "model": "trazabilidad.tipovigilancia"}, {"fields": {"lugar_recoleccion": 1, "responsable_recoleccion": 1, "estado_desarrollo": "L", "tipo_vigilancia": 1, "tipo_muestra": 40}, "pk": 10, "model": "trazabilidad.entomologia"}, {"fields": {"lugar_recoleccion": 2, "responsable_recoleccion": 2, "estado_desarrollo": "L", "tipo_vigilancia": 1, "tipo_muestra": 41}, "pk": 14, "model": "trazabilidad.entomologia"}, {"fields": {"lugar_recoleccion": 3, "responsable_recoleccion": 3, "estado_desarrollo": "L", "tipo_vigilancia": 1, "tipo_muestra": 42}, "pk": 15, "model": "trazabilidad.entomologia"}, {"fields": {"lugar_recoleccion": 1, "responsable_recoleccion": 1, "estado_desarrollo": "H", "tipo_vigilancia": 1, "tipo_muestra": 42}, "pk": 20, "model": "trazabilidad.entomologia"}, {"fields": {"lugar_recoleccion": 2, "responsable_recoleccion": 2, "estado_desarrollo": "L", "tipo_vigilancia": 1, "tipo_muestra": 42}, "pk": 28, "model": "trazabilidad.entomologia"}, {"fields": {"lugar_recoleccion": 3, "responsable_recoleccion": 1, "estado_desarrollo": "L", "tipo_vigilancia": 1, "tipo_muestra": 42}, "pk": 43, "model": "trazabilidad.entomologia"}, {"fields": {"lugar_recoleccion": 4, "responsable_recoleccion": 3, "estado_desarrollo": "L", "tipo_vigilancia": 1, "tipo_muestra": 42}, "pk": 49, "model": "trazabilidad.entomologia"}, {"fields": {"lugar_recoleccion": 5, "responsable_recoleccion": 1, "estado_desarrollo": "L", "tipo_vigilancia": 1, "tipo_muestra": 42}, "pk": 51, "model": "trazabilidad.entomologia"}, {"fields": {"lugar_recoleccion": 5, "responsable_recoleccion": 3, "estado_desarrollo": "H", "tipo_vigilancia": 2, "tipo_muestra": 44}, "pk": 52, "model": "trazabilidad.entomologia"}, {"fields": {"lugar_recoleccion": 4, "responsable_recoleccion": 1, "estado_desarrollo": "L", "tipo_vigilancia": 2, "tipo_muestra": 42}, "pk": 66, "model": "trazabilidad.entomologia"}, {"fields": {"lugar_recoleccion": 5, "responsable_recoleccion": 2, "estado_desarrollo": "L", "tipo_vigilancia": 1, "tipo_muestra": 42}, "pk": 81, "model": "trazabilidad.entomologia"}, {"fields": {"lugar_recoleccion": 7, "responsable_recoleccion": 1, "estado_desarrollo": "L", "tipo_vigilancia": 1, "tipo_muestra": 42}, "pk": 82, "model": "trazabilidad.entomologia"}, {"fields": {"lugar_recoleccion": 4, "responsable_recoleccion": 4, "estado_desarrollo": "L", "tipo_vigilancia": 1, "tipo_muestra": 42}, "pk": 100, "model": "trazabilidad.entomologia"}, {"fields": {"lugar_recoleccion": 9, "responsable_recoleccion": 2, "estado_desarrollo": "L", "tipo_vigilancia": 1, "tipo_muestra": 42}, "pk": 141, "model": "trazabilidad.entomologia"}, {"fields": {"lugar_recoleccion": 6, "responsable_recoleccion": 4, "estado_desarrollo": "L", "tipo_vigilancia": 1, "tipo_muestra": 40}, "pk": 142, "model": "trazabilidad.entomologia"}, {"fields": {"modificado_por": ["luis"], "nombre": "apoyo a la vigilancia de la patolog\u00eda de interes en salud publica", "ultima_modificacion": "2016-03-02T14:45:31.257Z", "estado": "A"}, "pk": 10, "model": "trazabilidad.objetoprueba"}, {"fields": {"modificado_por": ["luis"], "nombre": "evaluar la calidad de agua para el consumo humano", "ultima_modificacion": "2016-03-02T14:45:31.257Z", "estado": "A"}, "pk": 11, "model": "trazabilidad.objetoprueba"}, {"fields": {"confirmado": true, "registro_recepcion": 9, "objeto": 10, "fecha": null}, "pk": 2, "model": "trazabilidad.reporte"}, {"fields": {"confirmado": true, "registro_recepcion": 8, "objeto": 10, "fecha": null}, "pk": 3, "model": "trazabilidad.reporte"}, {"fields": {"confirmado": true, "registro_recepcion": 16, "objeto": 10, "fecha": null}, "pk": 4, "model": "trazabilidad.reporte"}, {"fields": {"confirmado": true, "registro_recepcion": 31, "objeto": 10, "fecha": null}, "pk": 12, "model": "trazabilidad.reporte"}, {"fields": {"confirmado": true, "registro_recepcion": 107, "objeto": 10, "fecha": null}, "pk": 52, "model": "trazabilidad.reporte"}, {"fields": {"confirmado": true, "registro_recepcion": 108, "objeto": 10, "fecha": null}, "pk": 53, "model": "trazabilidad.reporte"}, {"fields": {"confirmado": true, "registro_recepcion": 110, "objeto": 11, "fecha": null}, "pk": 54, "model": "trazabilidad.reporte"}, {"fields": {"confirmado": true, "registro_recepcion": 102, "objeto": 10, "fecha": null}, "pk": 55, "model": "trazabilidad.reporte"}, {"fields": {"confirmado": true, "registro_recepcion": 111, "objeto": 10, "fecha": null}, "pk": 56, "model": "trazabilidad.reporte"}, {"fields": {"confirmado": true, "registro_recepcion": 112, "objeto": 10, "fecha": null}, "pk": 57, "model": "trazabilidad.reporte"}, {"fields": {"confirmado": true, "registro_recepcion": 113, "objeto": 10, "fecha": null}, "pk": 58, "model": "trazabilidad.reporte"}, {"fields": {"confirmado": true, "registro_recepcion": 3, "objeto": 10, "fecha": null}, "pk": 59, "model": "trazabilidad.reporte"}, {"fields": {"confirmado": true, "registro_recepcion": 4, "objeto": 11, "fecha": null}, "pk": 60, "model": "trazabilidad.reporte"}, {"fields": {"confirmado": true, "registro_recepcion": 41, "objeto": 10, "fecha": null}, "pk": 61, "model": "trazabilidad.reporte"}, {"fields": {"confirmado": true, "registro_recepcion": 13, "objeto": 10, "fecha": null}, "pk": 62, "model": "trazabilidad.reporte"}, {"fields": {"confirmado": true, "registro_recepcion": 15, "objeto": 10, "fecha": null}, "pk": 63, "model": "trazabilidad.reporte"}, {"fields": {"confirmado": true, "registro_recepcion": 23, "objeto": 10, "fecha": null}, "pk": 64, "model": "trazabilidad.reporte"}, {"fields": {"confirmado": true, "registro_recepcion": 24, "objeto": 10, "fecha": null}, "pk": 65, "model": "trazabilidad.reporte"}, {"fields": {"confirmado": true, "registro_recepcion": 27, "objeto": 10, "fecha": null}, "pk": 66, "model": "trazabilidad.reporte"}, {"fields": {"confirmado": true, "registro_recepcion": 40, "objeto": 10, "fecha": null}, "pk": 67, "model": "trazabilidad.reporte"}, {"fields": {"confirmado": true, "registro_recepcion": 30, "objeto": 11, "fecha": null}, "pk": 68, "model": "trazabilidad.reporte"}, {"fields": {"confirmado": true, "registro_recepcion": 114, "objeto": 10, "fecha": null}, "pk": 69, "model": "trazabilidad.reporte"}, {"fields": {"confirmado": true, "registro_recepcion": 116, "objeto": 10, "fecha": null}, "pk": 70, "model": "trazabilidad.reporte"}, {"fields": {"confirmado": true, "registro_recepcion": 66, "objeto": 10, "fecha": null}, "pk": 71, "model": "trazabilidad.reporte"}, {"fields": {"confirmado": true, "registro_recepcion": 118, "objeto": 10, "fecha": null}, "pk": 72, "model": "trazabilidad.reporte"}, {"fields": {"confirmado": true, "registro_recepcion": 10, "objeto": 10, "fecha": null}, "pk": 73, "model": "trazabilidad.reporte"}, {"fields": {"confirmado": true, "registro_recepcion": 5, "objeto": 11, "fecha": null}, "pk": 74, "model": "trazabilidad.reporte"}, {"fields": {"confirmado": true, "registro_recepcion": 119, "objeto": 10, "fecha": "2016-02-12T13:46:47.943Z"}, "pk": 75, "model": "trazabilidad.reporte"}, {"fields": {"confirmado": true, "registro_recepcion": 47, "objeto": 10, "fecha": "2016-02-12T14:29:10.102Z"}, "pk": 76, "model": "trazabilidad.reporte"}, {"fields": {"confirmado": true, "registro_recepcion": 54, "objeto": 10, "fecha": "2016-02-12T15:42:34.549Z"}, "pk": 77, "model": "trazabilidad.reporte"}, {"fields": {"confirmado": true, "registro_recepcion": 120, "objeto": 11, "fecha": "2016-02-13T15:34:15.980Z"}, "pk": 78, "model": "trazabilidad.reporte"}, {"fields": {"confirmado": true, "registro_recepcion": 121, "objeto": 11, "fecha": "2016-02-15T20:51:10.382Z"}, "pk": 79, "model": "trazabilidad.reporte"}, {"fields": {"confirmado": true, "registro_recepcion": 123, "objeto": 11, "fecha": "2016-02-16T20:53:18.736Z"}, "pk": 80, "model": "trazabilidad.reporte"}, {"fields": {"confirmado": true, "registro_recepcion": 124, "objeto": 10, "fecha": "2016-02-17T15:53:23.425Z"}, "pk": 81, "model": "trazabilidad.reporte"}, {"fields": {"confirmado": true, "registro_recepcion": 125, "objeto": 10, "fecha": "2016-02-18T20:48:39.217Z"}, "pk": 82, "model": "trazabilidad.reporte"}, {"fields": {"confirmado": true, "registro_recepcion": 126, "objeto": 10, "fecha": "2016-02-18T21:05:05.365Z"}, "pk": 83, "model": "trazabilidad.reporte"}, {"fields": {"confirmado": true, "registro_recepcion": 127, "objeto": 11, "fecha": "2016-02-18T21:29:42.082Z"}, "pk": 84, "model": "trazabilidad.reporte"}, {"fields": {"confirmado": true, "registro_recepcion": 128, "objeto": 10, "fecha": "2016-02-22T13:58:09.743Z"}, "pk": 85, "model": "trazabilidad.reporte"}, {"fields": {"confirmado": true, "registro_recepcion": 58, "objeto": 10, "fecha": "2016-02-29T14:11:36.882Z"}, "pk": 86, "model": "trazabilidad.reporte"}, {"fields": {"confirmado": true, "registro_recepcion": 52, "objeto": 10, "fecha": "2016-02-29T14:53:22.333Z"}, "pk": 87, "model": "trazabilidad.reporte"}, {"fields": {"confirmado": true, "registro_recepcion": 1, "objeto": 10, "fecha": "2016-02-29T15:27:06.987Z"}, "pk": 88, "model": "trazabilidad.reporte"}, {"fields": {"confirmado": true, "registro_recepcion": 132, "objeto": 10, "fecha": "2016-02-29T16:22:24.156Z"}, "pk": 89, "model": "trazabilidad.reporte"}, {"fields": {"confirmado": true, "registro_recepcion": 117, "objeto": 10, "fecha": "2016-02-29T21:28:05.804Z"}, "pk": 90, "model": "trazabilidad.reporte"}, {"fields": {"confirmado": true, "registro_recepcion": 133, "objeto": 10, "fecha": "2016-03-02T15:17:10.062Z"}, "pk": 91, "model": "trazabilidad.reporte"}, {"fields": {"confirmado": true, "registro_recepcion": 95, "objeto": 10, "fecha": "2016-03-03T16:53:11.773Z"}, "pk": 92, "model": "trazabilidad.reporte"}, {"fields": {"confirmado": true, "registro_recepcion": 96, "objeto": 10, "fecha": "2016-03-04T14:21:04.969Z"}, "pk": 93, "model": "trazabilidad.reporte"}, {"fields": {"confirmado": true, "registro_recepcion": 134, "objeto": 10, "fecha": "2016-03-08T14:07:16.715Z"}, "pk": 94, "model": "trazabilidad.reporte"}, {"fields": {"confirmado": true, "registro_recepcion": 135, "objeto": 10, "fecha": "2016-03-08T14:25:48.202Z"}, "pk": 95, "model": "trazabilidad.reporte"}, {"fields": {"confirmado": true, "registro_recepcion": 138, "objeto": 10, "fecha": "2016-03-09T14:44:29.845Z"}, "pk": 96, "model": "trazabilidad.reporte"}, {"fields": {"nombre": "viales"}, "pk": 1, "model": "trazabilidad.tipoenvase"}, {"fields": {"nombre": "tubos con tapas"}, "pk": 2, "model": "trazabilidad.tipoenvase"}, {"fields": {"nombre": "tubos con goma"}, "pk": 3, "model": "trazabilidad.tipoenvase"}, {"fields": {"nombre": "asuncion", "municipio": 1}, "pk": 1, "model": "trazabilidad.institucionbancosangre"}, {"fields": {"nombre": "nacional", "municipio": 1}, "pk": 2, "model": "trazabilidad.institucionbancosangre"}, {"fields": {"nombre": "grupo estudio", "municipio": 1}, "pk": 3, "model": "trazabilidad.institucionbancosangre"}, {"fields": {"nombre": "providencia", "municipio": 1}, "pk": 4, "model": "trazabilidad.institucionbancosangre"}, {"fields": {"nombre": "hosp. metropolitano", "municipio": 1}, "pk": 5, "model": "trazabilidad.institucionbancosangre"}, {"fields": {"institucion": 1, "tipo_muestra": 1, "paciente": 10, "tipo_envase": 1, "ficha_pacientes": true, "formatos_diligenciados": true, "condensado_banco": false}, "pk": 17, "model": "trazabilidad.bancosangre"}, {"fields": {"institucion": 2, "tipo_muestra": 1, "paciente": 11, "tipo_envase": 1, "ficha_pacientes": true, "formatos_diligenciados": true, "condensado_banco": false}, "pk": 18, "model": "trazabilidad.bancosangre"}, {"fields": {"institucion": 1, "tipo_muestra": 1, "paciente": 21, "tipo_envase": 1, "ficha_pacientes": true, "formatos_diligenciados": true, "condensado_banco": false}, "pk": 41, "model": "trazabilidad.bancosangre"}, {"fields": {"institucion": 2, "tipo_muestra": 1, "paciente": 29, "tipo_envase": 1, "ficha_pacientes": true, "formatos_diligenciados": true, "condensado_banco": false}, "pk": 53, "model": "trazabilidad.bancosangre"}, {"fields": {"institucion": 5, "tipo_muestra": 1, "paciente": 30, "tipo_envase": 1, "ficha_pacientes": true, "formatos_diligenciados": true, "condensado_banco": false}, "pk": 54, "model": "trazabilidad.bancosangre"}, {"fields": {"institucion": 1, "tipo_muestra": 1, "paciente": 45, "tipo_envase": 1, "ficha_pacientes": false, "formatos_diligenciados": false, "condensado_banco": true}, "pk": 74, "model": "trazabilidad.bancosangre"}, {"fields": {"nombre": "clinica la asuncion", "municipio": 1}, "pk": 1, "model": "trazabilidad.institucioncitohistopatologia"}, {"fields": {"nombre": "clinica del caribe", "municipio": 1}, "pk": 2, "model": "trazabilidad.institucioncitohistopatologia"}, {"fields": {"nombre": "cl\u00ednica del norte", "municipio": 1}, "pk": 3, "model": "trazabilidad.institucioncitohistopatologia"}, {"fields": {"nombre": "clinica de la costa", "municipio": 1}, "pk": 4, "model": "trazabilidad.institucioncitohistopatologia"}, {"fields": {"nombre": "primario"}, "pk": 1, "model": "trazabilidad.control"}, {"fields": {"nombre": "segundo"}, "pk": 2, "model": "trazabilidad.control"}, {"fields": {"nombre": "tercero"}, "pk": 3, "model": "trazabilidad.control"}, {"fields": {"nombre": "cuarto"}, "pk": 4, "model": "trazabilidad.control"}, {"fields": {"nombre": "cancer de cuello uterino"}, "pk": 1, "model": "trazabilidad.tipoevento"}, {"fields": {"tipo_muestra": 39, "institucion": 1, "tipo_evento": 1, "paciente": 6, "control": 2}, "pk": 11, "model": "trazabilidad.citohistopatologia"}, {"fields": {"tipo_muestra": 39, "institucion": 2, "tipo_evento": 1, "paciente": 7, "control": 1}, "pk": 12, "model": "trazabilidad.citohistopatologia"}, {"fields": {"tipo_muestra": 39, "institucion": 3, "tipo_evento": 1, "paciente": 8, "control": 2}, "pk": 13, "model": "trazabilidad.citohistopatologia"}, {"fields": {"tipo_muestra": 39, "institucion": 4, "tipo_evento": 1, "paciente": 4, "control": 1}, "pk": 21, "model": "trazabilidad.citohistopatologia"}, {"fields": {"tipo_muestra": 39, "institucion": 2, "tipo_evento": 1, "paciente": 31, "control": 2}, "pk": 55, "model": "trazabilidad.citohistopatologia"}, {"fields": {"tipo_muestra": 39, "institucion": 3, "tipo_evento": 1, "paciente": 32, "control": 1}, "pk": 56, "model": "trazabilidad.citohistopatologia"}, {"fields": {"tipo_muestra": 39, "institucion": 3, "tipo_evento": 1, "paciente": 90, "control": 2}, "pk": 146, "model": "trazabilidad.citohistopatologia"}, {"fields": {"nombre": "virologia"}, "pk": 1, "model": "trazabilidad.programaevaluacionexterna"}, {"fields": {"nombre": "zoonosis"}, "pk": 2, "model": "trazabilidad.programaevaluacionexterna"}, {"fields": {"nombre": "micobacteria"}, "pk": 3, "model": "trazabilidad.programaevaluacionexterna"}, {"fields": {"nombre": "microbiologia"}, "pk": 4, "model": "trazabilidad.programaevaluacionexterna"}, {"fields": {"nombre": "malaria"}, "pk": 1, "model": "trazabilidad.tipoeventoevaluacionexterna"}, {"fields": {"nombre": "lepra"}, "pk": 2, "model": "trazabilidad.tipoeventoevaluacionexterna"}, {"fields": {"nombre": "sifilis"}, "pk": 3, "model": "trazabilidad.tipoeventoevaluacionexterna"}, {"fields": {"nombre": "gram"}, "pk": 4, "model": "trazabilidad.tipoeventoevaluacionexterna"}, {"fields": {"nombre": "ese", "codigo": 1, "municipio": 1, "direccion": "calle 7 # 45 - 82", "nit": "9003424684"}, "pk": 1, "model": "trazabilidad.institucioneeid"}, {"fields": {"institucion": 1, "tipo_muestra": 1, "programa": 1, "control": 1, "tipo_evento": 2, "programado": true}, "pk": 34, "model": "trazabilidad.eeid"}, {"fields": {"institucion": 1, "tipo_muestra": 39, "programa": 2, "control": 1, "tipo_evento": 1, "programado": true}, "pk": 35, "model": "trazabilidad.eeid"}]